customer_id,orders,units_sold,revenue,average_order_value
12346,1,74215.0,77183.6,77183.6
12347,7,2458.0,4310.0,615.71
12348,4,2341.0,1797.24,449.31
12349,1,631.0,1757.55,1757.55
12350,1,197.0,334.4,334.4
12352,8,536.0,2506.04,313.26
12353,1,20.0,89.0,89.0
12354,1,530.0,1079.4,1079.4
12355,1,240.0,459.4,459.4
12356,3,1591.0,2811.43,937.14
12357,1,2708.0,6207.67,6207.67
12358,2,248.0,1168.06,584.03
12359,4,1609.0,6310.03,1577.51
12360,3,1165.0,2662.06,887.35
12361,1,91.0,189.9,189.9
12362,10,2229.0,5226.23,522.62
12363,2,408.0,552.0,276.0
12364,4,1506.0,1313.1,328.28
12365,2,174.0,641.38,320.69
12367,1,173.0,168.9,168.9
12370,4,2352.0,3541.94,885.49
12371,2,591.0,1887.96,943.98
12372,3,794.0,1298.04,432.68
12373,1,197.0,364.6,364.6
12374,1,342.0,742.93,742.93
12375,2,178.0,457.5,228.75
12377,2,944.0,1628.12,814.06
12378,1,2529.0,4008.62,4008.62
12379,2,407.0,852.24,426.12
12380,4,1127.0,2724.81,681.2
12381,5,808.0,1845.31,369.06
12383,5,1532.0,1850.56,370.11
12384,2,126.0,585.27,292.64
12386,2,354.0,401.9,200.95
12388,6,1462.0,2780.66,463.44
12390,1,353.0,549.84,549.84
12391,1,293.0,439.66,439.66
12393,4,816.0,1582.6,395.65
12394,2,819.0,1272.48,636.24
12395,12,2118.0,3018.63,251.55
12397,2,1263.0,2409.9,1204.95
12398,1,1394.0,1635.66,1635.66
12399,4,1178.0,1108.65,277.16
12401,1,11.0,84.3,84.3
12402,1,94.0,225.6,225.6
12403,1,96.0,427.7,427.7
12405,1,857.0,1710.39,1710.39
12406,2,1818.0,3415.3,1707.65
12407,5,1416.0,1708.12,341.62
12408,5,1409.0,2888.55,577.71
12409,3,5551.0,11072.67,3690.89
12410,2,211.0,693.33,346.67
12412,3,829.0,1226.88,408.96
12413,3,286.0,758.1,252.7
12414,3,300.0,562.41,187.47
12415,21,77374.0,124914.53,5948.31
12417,9,1552.0,3649.1,405.46
12418,1,407.0,668.58,668.58
12420,1,345.0,600.39,600.39
12421,4,484.0,807.04,201.76
12422,3,370.0,803.56,267.85
12423,8,1339.0,1859.31,232.41
12424,2,740.0,1760.96,880.48
12425,1,496.0,777.2,777.2
12426,1,258.0,582.73,582.73
12427,3,533.0,825.8,275.27
12428,9,3536.0,7956.46,884.05
12429,4,1557.0,3750.4,937.6
12430,1,117.0,256.4,256.4
12431,15,2896.0,6419.95,428.0
12432,5,1801.0,5059.32,1011.86
12433,7,11071.0,13375.87,1910.84
12434,2,394.0,806.14,403.07
12435,2,2055.0,7829.89,3914.95
12436,1,211.0,509.01,509.01
12437,18,2922.0,4951.41,275.08
12438,2,1180.0,2906.85,1453.43
12441,1,121.0,173.55,173.55
12442,1,182.0,172.06,172.06
12444,5,1153.0,5005.46,1001.09
12445,1,62.0,133.4,133.4
12446,1,351.0,1002.31,1002.31
12447,1,190.0,476.49,476.49
12448,1,243.0,449.45,449.45
12449,4,1553.0,4067.29,1016.82
12450,2,128.0,197.88,98.94
12451,5,6575.0,9035.52,1807.1
12452,2,185.0,430.57,215.29
12453,1,473.0,707.09,707.09
12454,1,1006.0,3528.34,3528.34
12455,6,2089.0,2466.86,411.14
12456,3,1633.0,3181.04,1060.35
12457,7,843.0,2363.23,337.6
12458,2,506.0,947.4,473.7
12461,2,287.0,826.88,413.44
12462,2,536.0,1189.59,594.8
12463,4,776.0,1344.78,336.2
12464,8,112.0,1212.05,151.51
12465,2,479.0,742.19,371.1
12468,2,366.0,729.54,364.77
12471,30,8200.0,19788.65,659.62
12472,7,4148.0,6572.11,938.87
12473,5,2414.0,3928.05,785.61
12474,18,4833.0,7324.09,406.89
12475,1,535.0,723.38,723.38
12476,11,2408.0,6816.42,619.67
12477,6,3653.0,13219.74,2203.29
12478,1,236.0,680.99,680.99
12479,1,385.0,527.2,527.2
12480,4,1707.0,3281.63,820.41
12481,10,3294.0,5579.82,557.98
12483,8,1110.0,2484.98,310.62
12484,6,2187.0,4527.32,754.55
12488,3,529.0,1298.66,432.89
12489,1,105.0,334.93,334.93
12490,10,3064.0,5417.93,541.79
12491,1,260.0,460.4,460.4
12492,2,192.0,263.21,131.61
12493,2,207.0,433.74,216.87
12494,7,707.0,1246.1,178.01
12497,1,1236.0,1043.1,1043.1
12498,3,159.0,403.7,134.57
12500,11,2678.0,4257.82,387.07
12501,1,1783.0,2169.39,2169.39
12502,5,820.0,3723.87,744.77
12504,2,90.0,482.05,241.03
12506,1,23.0,73.5,73.5
12507,3,894.0,1304.81,434.94
12508,2,271.0,397.88,198.94
12509,1,55.0,176.5,176.5
12510,2,353.0,982.57,491.29
12512,2,96.0,132.18,66.09
12513,1,462.0,612.29,612.29
12514,1,440.0,1017.68,1017.68
12515,1,131.0,383.7,383.7
12516,2,875.0,1312.06,656.03
12517,5,1361.0,2481.6,496.32
12518,5,1318.0,2056.89,411.38
12519,1,175.0,330.84,330.84
12520,5,1439.0,2634.26,526.85
12521,1,309.0,599.68,599.68
12522,2,194.0,192.72,96.36
12523,11,865.0,1789.77,162.71
12524,8,3699.0,4485.72,560.72
12526,3,632.0,1316.66,438.89
12527,3,234.0,348.71,116.24
12528,6,756.0,1933.48,322.25
12530,4,913.0,1662.28,415.57
12531,1,45.0,125.22,125.22
12532,1,153.0,349.83,349.83
12534,1,651.0,1089.18,1089.18
12535,2,219.0,716.35,358.18
12536,3,2803.0,12601.83,4200.61
12538,1,191.0,363.95,363.95
12539,4,2067.0,5568.35,1392.09
12540,17,6685.0,13400.24,788.25
12541,3,680.0,981.18,327.06
12544,1,136.0,372.7,372.7
12545,2,523.0,1000.39,500.2
12546,2,633.0,1161.5,580.75
12547,2,134.0,207.8,103.9
12548,1,49.0,95.2,95.2
12550,1,569.0,964.83,964.83
12551,1,100.0,168.0,168.0
12552,2,88.0,437.82,218.91
12553,10,1965.0,3692.28,369.23
12556,2,355.0,599.56,299.78
12557,5,4384.0,11990.96,2398.19
12558,1,196.0,269.96,269.96
12559,2,283.0,561.71,280.86
12560,3,1110.0,2134.01,711.34
12561,1,177.0,238.85,238.85
12562,7,1779.0,3781.74,540.25
12564,1,133.0,456.9,456.9
12565,1,80.0,145.92,145.92
12566,1,265.0,351.65,351.65
12567,10,4305.0,9401.28,940.13
12569,32,1801.0,4124.69,128.9
12571,2,523.0,519.61,259.81
12572,2,452.0,1020.42,510.21
12573,1,84.0,160.54,160.54
12574,1,61.0,218.45,218.45
12576,5,967.0,1315.83,263.17
12577,3,469.0,626.6,208.87
12578,2,1196.0,2794.51,1397.26
12579,1,285.0,440.42,440.42
12580,1,238.0,415.7,415.7
12581,1,161.0,197.71,197.71
12582,2,300.0,511.36,255.68
12583,15,5060.0,7281.38,485.43
12584,9,416.0,2338.15,259.79
12585,2,1279.0,2040.1,1020.05
12586,1,79.0,196.94,196.94
12587,1,51.0,144.0,144.0
12588,1,53.0,214.9,214.9
12589,2,306.0,646.68,323.34
12590,2,4283.0,9864.26,4932.13
12591,1,228.0,452.85,452.85
12592,2,290.0,437.6,218.8
12593,3,206.0,418.1,139.37
12594,10,1777.0,3338.22,333.82
12596,2,474.0,618.27,309.14
12597,4,2236.0,3811.22,952.81
12598,8,1964.0,3023.08,377.89
12599,7,956.0,1032.58,147.51
12600,10,774.0,2599.04,259.9
12601,5,245.0,577.06,115.41
12602,1,162.0,153.12,153.12
12603,1,63.0,739.2,739.2
12604,2,201.0,254.18,127.09
12607,1,1228.0,1579.51,1579.51
12609,3,648.0,1126.85,375.62
12610,5,1049.0,2099.54,419.91
12611,1,846.0,1193.32,1193.32
12612,1,262.0,704.04,704.04
12613,5,1644.0,3344.38,668.88
12614,1,76.0,315.6,315.6
12615,4,1376.0,2291.19,572.8
12616,2,284.0,713.3,356.65
12617,1,210.0,352.98,352.98
12618,1,96.0,177.31,177.31
12619,9,3378.0,3641.24,404.58
12620,3,1181.0,1339.41,446.47
12621,20,7440.0,13689.67,684.48
12622,1,69.0,180.1,180.1
12623,1,191.0,305.1,305.1
12624,2,355.0,641.13,320.57
12625,2,1612.0,2683.82,1341.91
12626,9,3453.0,6620.48,735.61
12627,7,2752.0,4478.53,639.79
12628,3,448.0,786.46,262.15
12630,2,548.0,1270.88,635.44
12631,1,236.0,640.5,640.5
12633,4,1162.0,2163.98,541.0
12635,2,1172.0,1689.18,844.59
12637,8,2994.0,6002.9,750.36
12638,1,577.0,671.69,671.69
12639,1,201.0,486.1,486.1
12640,3,311.0,1174.58,391.53
12641,1,72.0,185.9,185.9
12642,3,552.0,1013.26,337.75
12643,6,1808.0,3344.64,557.44
12644,1,325.0,477.91,477.91
12645,4,1084.0,1775.18,443.8
12646,2,897.0,1346.97,673.49
12647,12,1431.0,3722.82,310.24
12648,1,160.0,318.05,318.05
12649,3,586.0,623.51,207.84
12650,1,254.0,314.44,314.44
12651,1,78.0,114.0,114.0
12652,1,505.0,919.98,919.98
12653,2,919.0,2209.85,1104.93
12654,5,264.0,601.98,120.4
12656,5,1723.0,4051.17,810.23
12657,4,1044.0,1643.18,410.8
12658,1,320.0,686.05,686.05
12659,1,105.0,91.68,91.68
12660,1,127.0,245.1,245.1
12662,11,2058.0,3849.78,349.98
12664,9,1203.0,4881.88,542.43
12665,1,37.0,63.0,63.0
12667,1,395.0,620.13,620.13
12668,4,1634.0,3807.15,951.79
12669,3,1115.0,2744.03,914.68
12670,5,1397.0,2996.05,599.21
12672,1,78.0,225.9,225.9
12673,2,351.0,610.52,305.26
12674,4,1133.0,1970.6,492.65
12676,6,670.0,1331.39,221.9
12678,12,10923.0,17628.46,1469.04
12679,4,554.0,1113.02,278.26
12680,4,443.0,862.81,215.7
12681,22,7536.0,13787.54,626.71
12682,31,5555.0,12279.82,396.12
12683,15,4987.0,8476.57,565.1
12684,7,1985.0,2283.63,326.23
12685,6,1523.0,2863.08,477.18
12686,1,107.0,89.14,89.14
12688,1,3028.0,4873.81,4873.81
12689,2,628.0,1247.61,623.81
12690,1,106.0,389.01,389.01
12691,6,394.0,1035.8,172.63
12693,4,255.0,855.91,213.98
12694,2,509.0,869.67,434.84
12695,4,220.0,582.1,145.53
12697,3,508.0,957.59,319.2
12700,4,2967.0,4939.99,1235.0
12701,2,678.0,797.71,398.86
12702,1,53.0,219.0,219.0
12703,1,164.0,283.55,283.55
12704,8,1006.0,2340.84,292.61
12705,9,3997.0,6868.29,763.14
12707,1,256.0,603.42,603.42
12708,10,1307.0,2712.91,271.29
12709,15,3912.0,9706.52,647.1
12710,3,851.0,1149.02,383.01
12712,13,1062.0,4396.13,338.16
12713,1,508.0,848.55,848.55
12714,5,3069.0,4708.86,941.77
12715,1,192.0,343.36,343.36
12716,2,708.0,1053.49,526.75
12717,2,506.0,1030.98,515.49
12718,1,203.0,238.25,238.25
12719,2,374.0,644.95,322.48
12720,25,4672.0,5781.73,231.27
12721,6,1959.0,2656.13,442.69
12722,4,566.0,997.63,249.41
12723,5,434.0,725.07,145.01
12724,4,445.0,1031.41,257.85
12725,1,164.0,427.8,427.8
12726,7,3143.0,2609.1,372.73
12727,7,2098.0,3980.7,568.67
12728,4,419.0,836.33,209.08
12729,1,233.0,453.01,453.01
12731,12,8437.0,18895.91,1574.66
12732,1,111.0,236.26,236.26
12733,1,137.0,383.95,383.95
12734,1,88.0,110.4,110.4
12735,2,368.0,779.57,389.79
12736,1,173.0,234.0,234.0
12738,1,148.0,155.35,155.35
12739,2,486.0,1013.04,506.52
12740,1,342.0,427.6,427.6
12743,2,315.0,540.13,270.07
12744,7,5241.0,21279.29,3039.9
12747,11,1275.0,4196.01,381.46
12748,209,25287.0,33053.19,158.15
12749,5,1471.0,4090.88,818.18
12750,1,137.0,275.88,275.88
12752,1,2262.0,4366.78,4366.78
12753,6,11421.0,21429.39,3571.57
12754,3,6481.0,3010.74,1003.58
12755,2,1491.0,3811.95,1905.98
12756,1,144.0,112.08,112.08
12757,13,2395.0,7834.65,602.67
12758,2,2135.0,2791.59,1395.8
12759,3,902.0,1531.44,510.48
12762,2,1227.0,1898.52,949.26
12763,2,316.0,494.08,247.04
12764,1,386.0,1693.88,1693.88
12766,7,3646.0,6989.63,998.52
12769,1,356.0,1143.6,1143.6
12770,1,743.0,1351.45,1351.45
12772,1,556.0,892.47,892.47
12775,5,877.0,1386.04,277.21
12778,6,825.0,822.23,137.04
12779,8,2024.0,3981.36,497.67
12781,2,671.0,826.74,413.37
12782,5,1086.0,2330.92,466.18
12783,6,624.0,2225.91,370.99
12784,2,280.0,532.82,266.41
12785,1,131.0,311.95,311.95
12787,3,261.0,463.66,154.55
12789,1,4.0,91.85,91.85
12790,1,166.0,324.92,324.92
12791,1,97.0,192.6,192.6
12792,1,217.0,400.54,400.54
12793,2,295.0,545.48,272.74
12794,2,592.0,860.41,430.21
12795,1,68.0,430.48,430.48
12797,1,118.0,254.03,254.03
12798,3,5256.0,6977.04,2325.68
12802,1,314.0,427.58,427.58
12808,3,188.0,483.65,161.22
12809,1,220.0,489.31,489.31
12811,3,230.0,514.85,171.62
12812,1,164.0,229.64,229.64
12814,1,49.0,125.92,125.92
12815,2,379.0,1063.46,531.73
12816,2,128.0,572.2,286.1
12817,1,53.0,166.04,166.04
12818,1,929.0,1542.08,1542.08
12820,4,722.0,942.34,235.59
12821,1,70.0,92.72,92.72
12822,2,550.0,948.88,474.44
12823,5,230.0,1759.5,351.9
12824,1,232.0,397.12,397.12
12826,7,1058.0,1474.72,210.67
12827,3,197.0,430.15,143.38
12828,6,494.0,1018.71,169.79
12829,2,376.0,293.0,146.5
12830,6,9848.0,6814.64,1135.77
12831,1,135.0,215.05,215.05
12832,2,195.0,383.03,191.52
12833,1,156.0,417.38,417.38
12834,1,110.0,312.38,312.38
12836,4,1062.0,2610.36,652.59
12837,1,24.0,134.1,134.1
12838,2,355.0,671.95,335.98
12839,14,3807.0,5591.42,399.39
12840,4,1511.0,2726.77,681.69
12841,25,2720.0,3991.58,159.66
12842,2,547.0,1118.99,559.5
12843,8,781.0,1702.26,212.78
12844,2,125.0,325.96,162.98
12845,4,204.0,354.09,88.52
12847,1,873.0,843.64,843.64
12849,2,597.0,1010.29,505.15
12851,1,106.0,131.81,131.81
12852,1,149.0,311.55,311.55
12853,6,800.0,1957.1,326.18
12854,3,626.0,1316.25,438.75
12855,1,30.0,38.1,38.1
12856,6,1076.0,2170.78,361.8
12857,2,343.0,1106.4,553.2
12863,1,188.0,521.2,521.2
12864,1,216.0,147.12,147.12
12865,2,925.0,1568.23,784.12
12866,1,171.0,559.12,559.12
12867,7,4284.0,4009.34,572.76
12868,6,928.0,1607.06,267.84
12871,2,200.0,380.64,190.32
12872,2,319.0,599.97,299.99
12873,1,128.0,374.0,374.0
12875,2,2019.0,343.23,171.62
12876,2,1941.0,2218.02,1109.01
12877,12,1178.0,1535.77,127.98
12878,2,547.0,854.99,427.5
12879,3,370.0,573.22,191.07
12881,1,21.0,298.0,298.0
12882,2,246.0,1463.04,731.52
12883,4,196.0,703.47,175.87
12884,1,43.0,309.05,309.05
12885,3,655.0,1175.22,391.74
12886,2,770.0,1378.4,689.2
12888,2,76.0,354.12,177.06
12890,1,256.0,376.72,376.72
12891,3,950.0,331.0,110.33
12893,1,90.0,176.55,176.55
12895,2,210.0,372.8,186.4
12897,2,110.0,216.5,108.25
12901,28,23075.0,17654.54,630.52
12902,1,66.0,138.68,138.68
12904,2,294.0,496.06,248.03
12906,5,1749.0,2919.81,583.96
12908,2,1200.0,750.0,375.0
12909,5,1280.0,2178.67,435.73
12910,8,1692.0,3075.04,384.38
12912,5,670.0,1662.3,332.46
12913,5,1419.0,2483.63,496.73
12915,2,93.0,363.65,181.83
12916,4,1083.0,2944.95,736.24
12917,1,120.0,594.0,594.0
12919,6,673.0,1335.19,222.53
12920,1,128.0,162.78,162.78
12921,37,9526.0,16587.09,448.3
12922,1,370.0,405.38,405.38
12923,1,68.0,172.82,172.82
12924,4,481.0,933.7,233.43
12925,2,541.0,694.05,347.03
12928,5,1472.0,2062.7,412.54
12929,1,37.0,117.85,117.85
12930,2,252.0,415.8,207.9
12931,15,28004.0,42055.96,2803.73
12933,3,499.0,607.53,202.51
12935,7,1853.0,2160.7,308.67
12936,4,559.0,1063.9,265.98
12937,4,1007.0,1504.27,376.07
12938,1,140.0,114.14,114.14
12939,8,4876.0,11581.8,1447.73
12940,2,404.0,899.69,449.85
12942,3,198.0,675.6,225.2
12944,2,289.0,604.51,302.26
12945,1,165.0,462.95,462.95
12947,6,1165.0,1603.99,267.33
12948,7,1080.0,2064.95,294.99
12949,8,2381.0,4167.22,520.9
12950,3,1380.0,1843.0,614.33
12951,6,503.0,1064.07,177.35
12952,4,653.0,1387.79,346.95
12953,1,84.0,329.85,329.85
12955,11,3664.0,4757.16,432.47
12956,1,34.0,108.07,108.07
12957,8,2549.0,4017.54,502.19
12962,2,129.0,266.39,133.2
12963,8,881.0,1856.63,232.08
12965,1,282.0,769.81,769.81
12966,1,75.0,160.18,160.18
12967,2,438.0,1660.9,830.45
12968,1,73.0,135.95,135.95
12970,4,268.0,405.47,101.37
12971,86,9289.0,11189.91,130.12
12974,1,24.0,144.8,144.8
12976,1,561.0,738.6,738.6
12977,1,12.0,39.24,39.24
12980,9,886.0,7374.9,819.43
12981,2,242.0,372.22,186.11
12982,1,288.0,390.54,390.54
12984,1,26.0,97.5,97.5
12985,2,1533.0,1239.38,619.69
12987,2,219.0,558.7,279.35
12988,1,126.0,505.82,505.82
12989,15,2943.0,6924.11,461.61
12990,3,200.0,409.5,136.5
12991,2,405.0,503.76,251.88
12993,4,240.0,414.76,103.69
12994,3,459.0,974.42,324.81
12995,1,108.0,211.32,211.32
12997,4,664.0,1226.89,306.72
12999,3,342.0,455.88,151.96
13000,3,379.0,534.85,178.28
13001,13,5490.0,9785.97,752.77
13002,1,73.0,120.95,120.95
13003,3,103.0,149.05,49.68
13004,18,4822.0,5655.91,314.22
13005,2,172.0,513.7,256.85
13006,1,55.0,81.57,81.57
13008,1,175.0,229.47,229.47
13011,1,13.0,50.55,50.55
13012,8,820.0,1646.84,205.86
13013,13,2224.0,4810.94,370.07
13014,10,905.0,3466.28,346.63
13015,5,1609.0,3339.64,667.93
13016,3,527.0,789.89,263.3
13017,1,48.0,204.0,204.0
13018,28,5435.0,7277.7,259.92
13021,9,1352.0,2616.38,290.71
13023,2,286.0,689.9,344.95
13026,5,1620.0,975.36,195.07
13027,6,17280.0,6912.0,1152.0
13028,2,798.0,661.32,330.66
13029,3,134.0,1247.5,415.83
13030,2,348.0,752.44,376.22
13032,2,375.0,1010.18,505.09
13033,1,83.0,190.55,190.55
13034,2,369.0,642.77,321.39
13035,2,644.0,921.88,460.94
13037,3,431.0,881.07,293.69
13038,3,360.0,908.46,302.82
13040,2,355.0,676.99,338.5
13043,1,254.0,516.42,516.42
13044,1,429.0,560.47,560.47
13045,1,221.0,305.28,305.28
13046,2,264.0,629.31,314.66
13047,10,1391.0,3237.54,323.75
13048,4,1228.0,1819.41,454.85
13049,2,268.0,656.68,328.34
13050,17,3748.0,5836.86,343.34
13052,1,222.0,348.15,348.15
13055,3,894.0,1214.41,404.8
13058,3,52.0,271.4,90.47
13059,1,35.0,183.4,183.4
13060,1,123.0,307.53,307.53
13061,1,107.0,248.61,248.61
13062,1,343.0,346.98,346.98
13064,4,514.0,1105.59,276.4
13065,1,74.0,205.86,205.86
13066,2,322.0,470.8,235.4
13067,1,32.0,115.46,115.46
13068,2,200.0,344.0,172.0
13069,24,5873.0,4431.44,184.64
13070,1,110.0,228.8,228.8
13072,1,69.0,177.15,177.15
13075,1,485.0,919.61,919.61
13077,4,862.0,728.02,182.01
13078,26,5630.0,12627.94,485.69
13079,5,62.0,220.1,44.02
13080,1,120.0,58.08,58.08
13081,11,19068.0,28337.38,2576.13
13082,9,4324.0,3613.63,401.51
13083,2,187.0,303.75,151.88
13085,2,216.0,416.08,208.04
13089,97,31025.0,58762.08,605.79
13090,14,2263.0,8910.82,636.49
13091,1,466.0,345.82,345.82
13092,5,279.0,477.83,95.57
13093,8,3961.0,7832.47,979.06
13094,12,1716.0,1927.32,160.61
13095,1,144.0,74.4,74.4
13097,10,2360.0,6003.22,600.32
13098,28,15968.0,28882.44,1031.52
13099,1,288.0,207.36,207.36
13101,1,113.0,101.19,101.19
13102,24,4204.0,6424.09,267.67
13103,1,82.0,243.94,243.94
13104,6,504.0,1098.48,183.08
13106,1,18.0,76.5,76.5
13107,4,1293.0,1531.62,382.91
13108,1,298.0,350.06,350.06
13109,2,520.0,786.54,393.27
13110,7,388.0,1488.67,212.67
13113,24,3045.0,12245.96,510.25
13115,4,1567.0,2294.78,573.7
13116,1,291.0,501.14,501.14
13117,8,945.0,984.91,123.11
13118,5,410.0,1197.81,239.56
13120,1,12.0,30.6,30.6
13121,1,252.0,283.73,283.73
13122,2,585.0,922.39,461.2
13124,3,2119.0,3756.33,1252.11
13126,8,2143.0,2099.64,262.46
13127,1,127.0,259.17,259.17
13130,1,32.0,64.0,64.0
13131,3,447.0,1073.3,357.77
13132,1,20.0,77.3,77.3
13133,2,32.0,109.8,54.9
13134,4,1059.0,1793.58,448.4
13135,1,4300.0,3096.0,3096.0
13136,5,1328.0,2607.61,521.52
13137,8,2204.0,3603.29,450.41
13138,6,473.0,962.39,160.4
13139,7,2425.0,5064.94,723.56
13140,3,185.0,422.47,140.82
13141,5,1548.0,2388.75,477.75
13142,1,258.0,307.09,307.09
13144,1,21.0,110.95,110.95
13145,4,145.0,618.52,154.63
13146,1,154.0,228.91,228.91
13147,4,144.0,712.8,178.2
13148,12,1965.0,3683.26,306.94
13149,4,1280.0,1676.06,419.02
13151,1,363.0,1257.87,1257.87
13153,1,418.0,486.22,486.22
13155,4,497.0,971.76,242.94
13157,4,1439.0,1741.22,435.31
13158,4,784.0,1201.06,300.27
13159,4,1058.0,1429.35,357.34
13160,1,56.0,91.8,91.8
13161,1,29.0,112.75,112.75
13162,4,1713.0,1688.29,422.07
13165,2,1376.0,1021.48,510.74
13166,1,216.0,417.2,417.2
13167,4,785.0,791.33,197.83
13168,4,670.0,1299.59,324.9
13169,2,272.0,712.88,356.44
13170,1,141.0,108.81,108.81
13171,3,229.0,468.41,156.14
13173,2,277.0,353.65,176.83
13174,3,1352.0,2742.82,914.27
13176,1,448.0,481.49,481.49
13177,1,91.0,282.45,282.45
13178,11,3570.0,5725.47,520.5
13182,1,201.0,121.18,121.18
13183,9,2208.0,3957.78,439.75
13184,10,1662.0,1668.95,166.9
13185,1,12.0,71.4,71.4
13186,3,820.0,1575.89,525.3
13187,1,95.0,236.02,236.02
13188,1,25.0,114.6,114.6
13189,2,842.0,260.68,130.34
13192,2,595.0,911.94,455.97
13193,1,46.0,112.08,112.08
13194,1,26.0,60.7,60.7
13196,4,1224.0,1797.78,449.45
13198,6,2648.0,3401.24,566.87
13199,38,6176.0,9817.12,258.35
13200,4,516.0,870.09,217.52
13203,4,800.0,869.46,217.37
13207,2,130.0,250.26,125.13
13208,6,803.0,1217.65,202.94
13209,8,4253.0,5891.61,736.45
13210,1,316.0,353.48,353.48
13211,3,834.0,1095.42,365.14
13212,3,309.0,786.83,262.28
13213,5,1360.0,1520.58,304.12
13216,1,297.0,333.74,333.74
13217,3,262.0,533.98,177.99
13218,1,88.0,62.64,62.64
13220,4,196.0,819.29,204.82
13221,2,244.0,847.41,423.71
13223,2,88.0,163.2,81.6
13224,2,1518.0,2155.95,1077.98
13225,7,3416.0,6463.84,923.41
13226,1,80.0,108.21,108.21
13227,1,99.0,257.7,257.7
13228,1,200.0,358.0,358.0
13229,1,63.0,160.95,160.95
13230,14,1638.0,2755.63,196.83
13232,7,773.0,1328.35,189.76
13233,2,1004.0,605.12,302.56
13235,1,441.0,1031.07,1031.07
13236,2,416.0,744.85,372.43
13238,4,298.0,700.73,175.18
13239,1,327.0,329.56,329.56
13240,4,298.0,663.65,165.91
13242,3,130.0,270.4,90.13
13243,1,232.0,585.12,585.12
13244,1,38.0,121.74,121.74
13245,1,125.0,430.5,430.5
13246,6,1587.0,1961.52,326.92
13247,4,328.0,501.12,125.28
13248,2,305.0,465.68,232.84
13249,3,546.0,711.41,237.14
13253,2,1572.0,1030.4,515.2
13255,2,177.0,399.51,199.76
13258,3,282.0,672.83,224.28
13259,1,126.0,283.18,283.18
13260,1,142.0,557.62,557.62
13261,2,210.0,944.1,472.05
13262,1,125.0,200.29,200.29
13263,35,4768.0,7436.93,212.48
13265,5,1740.0,2092.66,418.53
13266,12,4428.0,3834.26,319.52
13267,19,1969.0,4521.49,237.97
13268,11,3624.0,3174.75,288.61
13269,15,3513.0,5343.28,356.22
13270,1,200.0,590.0,590.0
13271,1,240.0,211.49,211.49
13272,2,96.0,276.56,138.28
13273,1,153.0,138.98,138.98
13276,2,161.0,590.93,295.47
13277,4,176.0,258.4,64.6
13278,1,537.0,542.73,542.73
13279,1,73.0,137.75,137.75
13280,3,518.0,798.46,266.15
13282,3,307.0,1132.14,377.38
13283,2,90.0,93.66,46.83
13284,1,91.0,201.19,201.19
13285,4,2051.0,2709.12,677.28
13291,1,233.0,361.11,361.11
13292,2,347.0,578.94,289.47
13294,2,453.0,873.74,436.87
13295,1,82.0,201.2,201.2
13296,1,78.0,87.4,87.4
13297,4,963.0,2089.85,522.46
13298,1,96.0,360.0,360.0
13299,1,30.0,142.5,142.5
13300,1,203.0,371.89,371.89
13301,4,345.0,618.09,154.52
13302,1,5.0,63.75,63.75
13304,1,238.0,300.42,300.42
13305,10,1232.0,2000.86,200.09
13307,1,4.0,15.0,15.0
13308,3,843.0,1385.51,461.84
13309,5,1544.0,1456.79,291.36
13310,3,587.0,1132.03,377.34
13311,2,305.0,598.57,299.29
13313,5,851.0,1555.32,311.06
13314,3,560.0,775.94,258.65
13316,4,5508.0,5732.93,1433.23
13317,6,1035.0,2273.68,378.95
13318,3,304.0,640.76,213.59
13319,26,4724.0,10845.55,417.14
13320,4,1086.0,1532.2,383.05
13321,2,372.0,567.36,283.68
13322,1,117.0,199.48,199.48
13323,5,175.0,787.85,157.57
13324,10,5205.0,7121.95,712.19
13325,1,240.0,675.3,675.3
13327,8,1600.0,3627.77,453.47
13328,1,680.0,1308.48,1308.48
13329,2,463.0,789.0,394.5
13330,3,751.0,1140.93,380.31
13332,1,179.0,350.9,350.9
13334,3,1764.0,3502.32,1167.44
13336,1,559.0,795.12,795.12
13338,1,256.0,487.02,487.02
13339,1,326.0,860.12,860.12
13340,7,5770.0,10736.48,1533.78
13341,1,301.0,775.85,775.85
13343,1,135.0,353.43,353.43
13344,3,952.0,2511.69,837.23
13345,1,141.0,389.5,389.5
13347,1,205.0,341.36,341.36
13348,1,136.0,233.76,233.76
13349,1,225.0,247.32,247.32
13350,2,287.0,979.12,489.56
13351,1,117.0,373.94,373.94
13352,1,321.0,397.98,397.98
13354,1,604.0,743.53,743.53
13355,1,314.0,674.7,674.7
13356,1,325.0,768.24,768.24
13357,1,321.0,609.4,609.4
13358,1,285.0,439.03,439.03
13359,1,161.0,439.56,439.56
13362,4,1382.0,3090.74,772.69
13363,2,710.0,992.5,496.25
13364,1,71.0,134.96,134.96
13365,2,1247.0,2225.37,1112.69
13366,1,144.0,56.16,56.16
13368,2,327.0,623.4,311.7
13369,1,149.0,308.28,308.28
13370,1,343.0,754.87,754.87
13372,1,159.0,378.64,378.64
13373,3,1651.0,3312.25,1104.08
13375,1,442.0,778.65,778.65
13376,3,493.0,1019.76,339.92
13379,3,601.0,572.56,190.85
13381,6,2029.0,3639.31,606.55
13382,1,131.0,222.99,222.99
13384,7,2422.0,4151.93,593.13
13385,1,281.0,534.57,534.57
13388,2,282.0,677.1,338.55
13389,3,429.0,797.96,265.99
13390,1,224.0,544.08,544.08
13391,1,4.0,59.8,59.8
13394,8,2392.0,2520.02,315.0
13395,1,336.0,307.72,307.72
13396,2,600.0,1360.99,680.5
13397,5,430.0,1544.13,308.83
13398,1,281.0,457.34,457.34
13402,2,479.0,621.23,310.62
13403,1,44.0,75.0,75.0
13404,2,111.0,252.49,126.25
13405,3,164.0,572.45,190.82
13408,62,16232.0,28117.04,453.5
13410,5,518.0,1003.06,200.61
13411,1,72.0,213.55,213.55
13414,3,1574.0,1390.5,463.5
13416,2,142.0,712.5,356.25
13417,2,162.0,640.83,320.42
13418,18,3918.0,6127.43,340.41
13419,1,275.0,221.06,221.06
13420,2,101.0,159.85,79.93
13421,2,1128.0,1833.71,916.86
13422,1,1326.0,2626.3,2626.3
13425,3,1123.0,1624.21,541.4
13426,10,2245.0,3641.32,364.13
13427,3,545.0,582.6,194.2
13428,1,151.0,201.78,201.78
13429,4,1390.0,1006.8,251.7
13430,2,751.0,679.45,339.73
13431,2,672.0,1269.1,634.55
13434,2,300.0,534.24,267.12
13435,7,2129.0,3809.89,544.27
13436,1,76.0,196.89,196.89
13437,7,1283.0,3408.06,486.87
13439,1,242.0,283.71,283.71
13441,1,204.0,296.64,296.64
13447,3,584.0,1129.14,376.38
13448,6,1648.0,3534.69,589.12
13449,1,222.0,291.88,291.88
13450,6,1982.0,2043.72,340.62
13451,5,2128.0,2898.26,579.65
13452,2,2.0,590.0,295.0
13453,2,134.0,356.98,178.49
13455,2,354.0,1058.34,529.17
13456,6,765.0,1766.72,294.45
13458,14,5508.0,9646.57,689.04
13460,2,286.0,183.44,91.72
13461,3,1170.0,1445.0,481.67
13462,1,62.0,151.5,151.5
13464,1,403.0,674.68,674.68
13466,1,259.0,307.9,307.9
13467,2,580.0,1071.91,535.96
13468,37,2589.0,5704.97,154.19
13470,2,100.0,165.0,82.5
13471,4,1583.0,2501.84,625.46
13473,2,266.0,422.64,211.32
13474,1,129.0,226.84,226.84
13475,4,1012.0,1431.78,357.95
13476,2,417.0,1238.47,619.24
13477,6,1021.0,1454.58,242.43
13479,2,134.0,300.95,150.48
13481,5,1142.0,1804.56,360.91
13482,1,116.0,184.64,184.64
13483,1,160.0,140.34,140.34
13484,1,44.0,313.8,313.8
13485,1,277.0,454.24,454.24
13486,3,669.0,1122.41,374.14
13487,3,265.0,575.4,191.8
13488,13,4518.0,8968.31,689.87
13489,4,560.0,449.52,112.38
13491,10,903.0,1215.82,121.58
13492,3,408.0,1269.84,423.28
13493,2,380.0,618.63,309.32
13494,1,162.0,316.26,316.26
13495,5,829.0,2044.87,408.97
13496,2,341.0,653.33,326.67
13497,2,163.0,348.05,174.03
13499,5,1365.0,1159.11,231.82
13500,3,609.0,1166.77,388.92
13501,1,560.0,1340.32,1340.32
13502,3,264.0,292.0,97.33
13503,1,248.0,216.85,216.85
13504,1,178.0,295.93,295.93
13505,4,2486.0,4393.63,1098.41
13506,2,324.0,458.52,229.26
13507,4,1597.0,2479.16,619.79
13508,1,24.0,110.97,110.97
13509,7,1106.0,979.72,139.96
13510,4,1386.0,1791.56,447.89
13512,1,143.0,251.21,251.21
13513,1,109.0,205.1,205.1
13514,1,40.0,152.2,152.2
13515,4,681.0,891.12,222.78
13516,3,985.0,1389.41,463.14
13517,3,1369.0,2128.42,709.47
13518,1,382.0,627.16,627.16
13519,1,23.0,122.75,122.75
13520,6,1649.0,3624.35,604.06
13521,3,718.0,1071.73,357.24
13522,1,44.0,125.8,125.8
13523,5,1752.0,3964.88,792.98
13524,5,324.0,680.18,136.04
13525,2,394.0,628.78,314.39
13527,7,1683.0,2242.36,320.34
13529,2,74.0,307.76,153.88
13531,2,174.0,483.8,241.9
13532,1,129.0,210.31,210.31
13533,3,202.0,269.09,89.7
13534,25,2961.0,5870.08,234.8
13536,7,2126.0,3444.39,492.06
13538,7,175.0,1280.85,182.98
13539,3,320.0,631.34,210.45
13544,2,112.0,276.06,138.03
13546,3,357.0,621.09,207.03
13548,2,436.0,678.16,339.08
13549,7,458.0,918.2,131.17
13551,1,12.0,91.8,91.8
13552,12,1417.0,3740.07,311.67
13555,4,2636.0,4098.88,1024.72
13557,2,546.0,584.06,292.03
13558,4,338.0,594.52,148.63
13560,1,63.0,171.42,171.42
13561,1,83.0,141.86,141.86
13562,3,757.0,1799.33,599.78
13563,2,209.0,777.53,388.77
13564,3,636.0,1724.67,574.89
13565,2,172.0,240.22,120.11
13566,2,567.0,856.84,428.42
13568,1,66.0,187.05,187.05
13569,2,156.0,338.62,169.31
13570,1,161.0,239.49,239.49
13571,12,1757.0,2088.94,174.08
13572,1,534.0,1384.25,1384.25
13573,2,302.0,290.25,145.13
13575,5,449.0,732.07,146.41
13576,18,2646.0,6717.34,373.19
13577,4,791.0,1687.6,421.9
13579,2,176.0,467.04,233.52
13581,1,30.0,118.0,118.0
13583,1,725.0,781.03,781.03
13584,1,37.0,142.4,142.4
13587,1,180.0,712.4,712.4
13588,9,2606.0,2478.95,275.44
13589,2,114.0,379.65,189.83
13590,6,1848.0,1981.92,330.32
13591,3,485.0,1117.13,372.38
13592,4,84.0,247.96,61.99
13593,5,719.0,2011.88,402.38
13594,1,359.0,396.97,396.97
13596,2,384.0,664.11,332.06
13598,1,52.0,160.04,160.04
13599,21,3293.0,5149.92,245.23
13600,1,324.0,219.52,219.52
13601,2,548.0,693.32,346.66
13602,1,267.0,428.89,428.89
13603,1,164.0,164.34,164.34
13606,3,276.0,276.75,92.25
13607,1,288.0,675.51,675.51
13610,7,488.0,1082.33,154.62
13611,3,754.0,1154.4,384.8
13614,4,564.0,1585.46,396.37
13615,1,189.0,417.69,417.69
13617,3,300.0,544.18,181.39
13618,1,246.0,177.34,177.34
13621,1,343.0,213.85,213.85
13623,5,286.0,727.74,145.55
13626,1,209.0,257.23,257.23
13627,5,1269.0,1638.47,327.69
13629,11,4372.0,7792.36,708.4
13630,7,1391.0,2031.78,290.25
13631,11,467.0,3070.42,279.13
13632,5,1031.0,2118.93,423.79
13634,5,700.0,1547.36,309.47
13635,1,677.0,1071.03,1071.03
13636,5,592.0,949.12,189.82
13637,3,405.0,804.3,268.1
13638,1,93.0,122.64,122.64
13639,1,800.0,1033.34,1033.34
13642,1,151.0,312.28,312.28
13643,3,273.0,519.44,173.15
13644,4,2067.0,2624.26,656.07
13645,1,158.0,252.1,252.1
13647,4,887.0,1648.12,412.03
13649,2,139.0,346.6,173.3
13650,6,922.0,1836.34,306.06
13651,2,33.0,94.2,47.1
13652,3,578.0,1095.08,365.03
13654,6,2182.0,2707.33,451.22
13655,2,605.0,932.97,466.49
13656,2,490.0,379.65,189.83
13657,2,209.0,382.14,191.07
13658,5,1019.0,2639.17,527.83
13659,2,882.0,1563.0,781.5
13662,3,533.0,881.26,293.75
13663,1,91.0,189.47,189.47
13666,3,41.0,84.65,28.22
13667,1,149.0,299.05,299.05
13668,21,3722.0,6309.83,300.47
13669,2,237.0,218.55,109.28
13670,1,282.0,349.7,349.7
13672,2,57.0,186.39,93.2
13673,2,114.0,387.44,193.72
13675,2,330.0,486.82,243.41
13678,1,924.0,232.6,232.6
13680,4,1934.0,3719.12,929.78
13681,4,360.0,827.83,206.96
13682,1,10.0,59.5,59.5
13684,1,38.0,65.13,65.13
13685,7,5056.0,3119.44,445.63
13686,1,70.0,72.0,72.0
13689,1,512.0,910.0,910.0
13690,1,67.0,172.25,172.25
13692,3,1226.0,1488.32,496.11
13694,50,63312.0,65039.62,1300.79
13695,15,1603.0,2504.13,166.94
13697,1,177.0,151.3,151.3
13699,1,66.0,308.58,308.58
13700,10,2281.0,2248.63,224.86
13703,1,10.0,99.5,99.5
13704,9,1531.0,2308.06,256.45
13705,3,363.0,711.86,237.29
13706,1,189.0,330.79,330.79
13707,2,351.0,806.41,403.21
13708,1,301.0,285.33,285.33
13709,13,3508.0,6307.65,485.2
13710,1,176.0,180.48,180.48
13711,2,140.0,252.06,126.03
13712,1,352.0,228.84,228.84
13715,5,562.0,1077.39,215.48
13716,1,138.0,138.28,138.28
13717,6,1959.0,1445.01,240.84
13718,2,173.0,306.55,153.28
13719,5,609.0,1041.68,208.34
13720,4,501.0,799.9,199.98
13721,1,316.0,524.14,524.14
13722,3,1401.0,2375.41,791.8
13723,1,43.0,199.85,199.85
13725,8,806.0,1980.56,247.57
13726,2,1054.0,1079.66,539.83
13727,2,162.0,333.48,166.74
13728,6,458.0,1016.14,169.36
13730,2,488.0,752.6,376.3
13731,2,278.0,610.59,305.3
13732,1,498.0,491.86,491.86
13735,4,1128.0,2883.54,720.89
13736,2,496.0,729.8,364.9
13737,1,125.0,339.6,339.6
13739,1,54.0,216.9,216.9
13740,1,425.0,350.75,350.75
13741,3,218.0,668.43,222.81
13742,12,1115.0,3107.87,258.99
13743,7,1776.0,1341.6,191.66
13744,2,1153.0,1080.52,540.26
13745,1,496.0,300.04,300.04
13747,1,8.0,79.6,79.6
13748,5,439.0,948.25,189.65
13750,5,516.0,1647.26,329.45
13751,1,152.0,296.25,296.25
13752,6,874.0,1175.38,195.9
13753,1,512.0,741.26,741.26
13754,2,214.0,282.6,141.3
13755,9,1242.0,2108.06,234.23
13756,14,3188.0,5189.52,370.68
13758,7,1844.0,3190.55,455.79
13759,2,287.0,659.41,329.71
13760,2,197.0,286.79,143.4
13761,2,642.0,1070.65,535.33
13762,1,272.0,306.72,306.72
13763,1,728.0,1714.96,1714.96
13764,3,926.0,1519.42,506.47
13767,37,7322.0,17220.36,465.42
13769,10,1163.0,2796.51,279.65
13771,4,1477.0,2634.45,658.61
13772,3,540.0,1122.63,374.21
13774,1,192.0,345.0,345.0
13777,33,12897.0,25977.16,787.19
13778,1,70.0,178.7,178.7
13780,2,318.0,360.01,180.01
13781,1,30.0,127.84,127.84
13782,6,369.0,908.86,151.48
13784,11,2493.0,2462.79,223.89
13786,1,136.0,230.4,230.4
13787,2,337.0,309.04,154.52
13790,1,748.0,348.8,348.8
13791,2,1200.0,1516.0,758.0
13792,2,92.0,195.55,97.78
13798,57,23948.0,37153.85,651.82
13799,2,402.0,688.86,344.43
13800,1,331.0,558.32,558.32
13801,1,168.0,324.8,324.8
13802,3,2572.0,4599.42,1533.14
13803,1,121.0,277.07,277.07
13804,7,1462.0,2588.39,369.77
13805,2,1900.0,924.6,462.3
13806,1,56.0,256.38,256.38
13807,1,36.0,112.6,112.6
13808,5,782.0,1747.66,349.53
13809,1,29.0,155.05,155.05
13810,3,312.0,1499.01,499.67
13811,3,68.0,814.5,271.5
13812,3,333.0,539.0,179.67
13813,4,552.0,1366.86,341.72
13814,2,864.0,1579.12,789.56
13815,4,2560.0,4027.36,1006.84
13816,2,269.0,571.67,285.84
13817,2,211.0,382.98,191.49
13819,3,1109.0,1140.35,380.12
13821,2,153.0,385.64,192.82
13822,2,611.0,632.0,316.0
13823,2,439.0,957.66,478.83
13824,5,768.0,1698.94,339.79
13826,1,82.0,189.5,189.5
13827,3,138.0,409.8,136.6
13828,1,311.0,209.49,209.49
13831,6,743.0,2198.45,366.41
13832,1,28.0,52.2,52.2
13833,1,117.0,383.85,383.85
13835,4,442.0,834.57,208.64
13837,2,182.0,266.59,133.3
13838,4,254.0,674.82,168.71
13841,1,100.0,85.0,85.0
13842,9,1768.0,3385.62,376.18
13844,1,196.0,361.62,361.62
13845,1,182.0,312.98,312.98
13846,3,388.0,865.06,288.35
13848,3,3700.0,1255.0,418.33
13849,2,1016.0,1537.95,768.98
13850,1,944.0,1595.48,1595.48
13851,3,1705.0,2651.46,883.82
13853,1,312.0,1090.14,1090.14
13854,25,2296.0,8109.52,324.38
13856,3,494.0,388.5,129.5
13858,1,75.0,216.17,216.17
13859,1,129.0,201.16,201.16
13860,5,591.0,1245.9,249.18
13862,8,1688.0,2209.36,276.17
13863,1,224.0,305.78,305.78
13865,4,204.0,501.56,125.39
13866,1,57.0,145.67,145.67
13867,3,501.0,1005.09,335.03
13868,2,1964.0,3192.54,1596.27
13869,4,1709.0,3083.65,770.91
13870,8,1325.0,2770.94,346.37
13871,13,2806.0,6403.25,492.56
13873,3,140.0,389.6,129.87
13874,1,180.0,540.45,540.45
13875,5,1316.0,1786.79,357.36
13876,1,36.0,122.7,122.7
13877,1,108.0,117.24,117.24
13878,1,463.0,1271.57,1271.57
13880,13,1842.0,3219.77,247.67
13881,20,10118.0,17159.52,857.98
13882,5,953.0,1191.13,238.23
13883,5,1436.0,2674.48,534.9
13884,5,300.0,787.6,157.52
13885,2,182.0,506.8,253.4
13886,1,126.0,243.56,243.56
13887,1,147.0,349.55,349.55
13888,2,254.0,595.67,297.84
13889,1,146.0,416.9,416.9
13890,10,831.0,1883.81,188.38
13892,4,983.0,632.97,158.24
13893,1,190.0,821.1,821.1
13894,3,354.0,564.62,188.21
13895,4,1365.0,2593.07,648.27
13897,1,200.0,311.16,311.16
13898,1,133.0,155.93,155.93
13899,2,156.0,388.52,194.26
13900,3,430.0,740.95,246.98
13901,5,1739.0,2867.2,573.44
13904,2,332.0,332.64,166.32
13908,4,1478.0,2369.55,592.39
13911,9,2731.0,2580.91,286.77
13914,2,380.0,626.45,313.23
13917,2,228.0,272.04,136.02
13918,2,1140.0,1212.84,606.42
13919,2,474.0,384.81,192.41
13922,1,93.0,172.25,172.25
13923,1,185.0,351.13,351.13
13924,6,1575.0,1838.85,306.48
13925,4,331.0,678.25,169.56
13926,1,104.0,223.85,223.85
13927,1,214.0,348.99,348.99
13928,4,129.0,464.57,116.14
13929,2,143.0,842.65,421.33
13930,2,274.0,337.34,168.67
13931,2,725.0,1237.53,618.77
13932,1,72.0,307.4,307.4
13933,2,205.0,608.79,304.4
13934,1,390.0,922.1,922.1
13936,1,330.0,376.58,376.58
13937,1,123.0,158.85,158.85
13938,1,70.0,71.66,71.66
13939,3,847.0,568.55,189.52
13940,4,516.0,839.14,209.79
13941,5,2364.0,5112.96,1022.59
13946,3,443.0,561.57,187.19
13947,1,44.0,90.6,90.6
13948,1,40.0,102.0,102.0
13949,6,2474.0,2427.32,404.55
13950,4,323.0,745.06,186.27
13951,3,459.0,674.45,224.82
13952,2,1430.0,3251.07,1625.54
13953,7,2724.0,3515.68,502.24
13954,2,150.0,439.92,219.96
13955,2,154.0,322.96,161.48
13956,5,486.0,1019.27,203.85
13959,3,355.0,594.04,198.01
13960,2,142.0,230.22,115.11
13962,2,87.0,169.55,84.78
13963,4,460.0,664.54,166.14
13967,1,42.0,80.7,80.7
13969,18,4528.0,9024.17,501.34
13971,8,1844.0,2758.26,344.78
13972,2,187.0,190.25,95.13
13973,1,109.0,264.7,264.7
13974,1,249.0,413.59,413.59
13975,6,1697.0,2461.24,410.21
13976,1,154.0,357.98,357.98
13978,2,315.0,196.79,98.4
13979,1,639.0,869.87,869.87
13980,1,172.0,200.14,200.14
13982,4,1136.0,1871.81,467.95
13983,12,1183.0,2603.43,216.95
13984,5,679.0,920.51,184.1
13985,15,3445.0,7060.13,470.68
13986,1,430.0,320.46,320.46
13988,6,3044.0,4147.96,691.33
13989,2,1313.0,1266.08,633.04
13990,1,190.0,311.3,311.3
13991,6,995.0,852.88,142.15
13992,1,64.0,76.8,76.8
13993,9,900.0,3466.36,385.15
13994,6,932.0,2274.14,379.02
13995,5,879.0,1393.69,278.74
13999,12,2243.0,3901.81,325.15
14000,1,710.0,635.66,635.66
14001,3,962.0,2043.08,681.03
14002,2,877.0,529.73,264.87
14004,7,2668.0,4582.64,654.66
14005,5,2478.0,2874.72,574.94
14006,3,641.0,962.19,320.73
14009,2,365.0,695.61,347.81
14012,1,160.0,328.8,328.8
14013,3,462.0,473.02,157.67
14014,1,1076.0,505.18,505.18
14015,1,378.0,917.34,917.34
14016,4,2125.0,4341.21,1085.3
14019,3,1037.0,1421.61,473.87
14020,2,441.0,642.8,321.4
14021,3,192.0,631.9,210.63
14022,1,487.0,440.0,440.0
14023,2,345.0,584.07,292.04
14024,2,150.0,327.7,163.85
14027,1,62.0,104.82,104.82
14029,2,198.0,467.66,233.83
14030,8,1478.0,2358.84,294.86
14031,19,5788.0,17286.86,909.83
14032,11,2032.0,2975.59,270.51
14034,3,420.0,648.89,216.3
14035,5,739.0,1428.02,285.6
14036,1,268.0,626.65,626.65
14037,2,46.0,147.2,73.6
14038,3,965.0,1560.38,520.13
14039,1,92.0,152.2,152.2
14040,12,1544.0,3560.32,296.69
14041,1,94.0,141.41,141.41
14044,4,304.0,646.42,161.61
14045,4,535.0,1659.75,414.94
14046,1,460.0,154.99,154.99
14047,5,381.0,1308.61,261.72
14048,1,288.0,409.93,409.93
14049,4,3808.0,5578.72,1394.68
14050,2,689.0,746.36,373.18
14051,23,3756.0,15610.39,678.71
14052,1,89.0,225.36,225.36
14053,2,215.0,260.25,130.13
14054,1,62.0,92.46,92.46
14055,1,216.0,725.64,725.64
14056,23,4252.0,8152.71,354.47
14057,17,4873.0,6211.66,365.39
14059,1,128.0,183.6,183.6
14060,19,5386.0,6140.42,323.18
14062,12,5593.0,10464.85,872.07
14064,5,1772.0,1334.34,266.87
14066,1,45.0,152.55,152.55
14067,2,361.0,374.7,187.35
14068,1,73.0,265.85,265.85
14071,8,994.0,1437.57,179.7
14073,1,130.0,151.04,151.04
14075,3,754.0,942.26,314.09
14076,1,79.0,118.67,118.67
14077,5,268.0,499.42,99.88
14078,6,310.0,1049.37,174.9
14079,1,301.0,375.1,375.1
14080,1,48.0,45.6,45.6
14081,2,592.0,921.62,460.81
14082,1,110.0,182.25,182.25
14083,9,705.0,1002.9,111.43
14085,18,3177.0,4421.29,245.63
14087,1,250.0,191.47,191.47
14088,13,12665.0,50491.81,3883.99
14089,1,133.0,158.75,158.75
14090,1,72.0,76.32,76.32
14092,14,2066.0,4076.91,291.21
14093,1,391.0,433.86,433.86
14096,17,16352.0,65164.79,3833.22
14098,1,104.0,147.35,147.35
14099,11,2179.0,3104.17,282.2
14100,1,63.0,191.95,191.95
14101,6,6942.0,5976.79,996.13
14102,5,769.0,1105.88,221.18
14104,2,72.0,216.21,108.11
14105,1,800.0,1266.23,1266.23
14107,7,1793.0,2703.23,386.18
14108,2,381.0,597.91,298.96
14109,1,88.0,144.2,144.2
14110,12,2445.0,5683.15,473.6
14111,4,458.0,692.85,173.21
14112,7,1651.0,2915.15,416.45
14113,4,745.0,1840.42,460.11
14114,2,101.0,386.53,193.27
14116,5,707.0,1382.74,276.55
14117,1,72.0,90.0,90.0
14121,4,2082.0,2780.15,695.04
14124,1,1618.0,419.58,419.58
14125,3,1628.0,2720.63,906.88
14126,3,508.0,706.13,235.38
14127,3,321.0,709.71,236.57
14128,2,564.0,637.5,318.75
14129,5,592.0,1123.86,224.77
14130,1,257.0,480.91,480.91
14132,11,3368.0,3586.03,326.0
14133,3,348.0,605.64,201.88
14135,15,3850.0,4690.31,312.69
14138,2,600.0,965.88,482.94
14139,1,510.0,415.82,415.82
14140,2,811.0,935.05,467.53
14141,4,355.0,915.13,228.78
14142,1,313.0,311.81,311.81
14143,1,30.0,115.8,115.8
14145,4,756.0,3742.2,935.55
14146,5,2437.0,4191.0,838.2
14147,2,108.0,483.4,241.7
14148,1,16.0,157.2,157.2
14149,1,218.0,446.62,446.62
14150,2,496.0,658.64,329.32
14152,2,711.0,621.29,310.65
14154,2,465.0,1345.62,672.81
14155,1,25.0,118.75,118.75
14156,55,57768.0,117210.08,2131.09
14157,2,271.0,424.89,212.45
14158,1,781.0,507.66,507.66
14159,11,4348.0,4630.35,420.94
14161,3,450.0,1097.62,365.87
14162,2,142.0,289.36,144.68
14163,4,893.0,2445.91,611.48
14164,2,1033.0,1631.77,815.89
14165,1,53.0,120.44,120.44
14167,4,147.0,562.59,140.65
14171,1,167.0,363.79,363.79
14173,4,150.0,450.84,112.71
14174,1,94.0,134.46,134.46
14175,3,1515.0,3222.3,1074.1
14176,4,209.0,576.9,144.23
14177,4,204.0,549.46,137.37
14178,7,1494.0,1600.26,228.61
14179,2,319.0,701.57,350.79
14180,25,719.0,4748.52,189.94
14184,1,127.0,452.89,452.89
14185,1,6.0,197.65,197.65
14188,6,1162.0,2054.36,342.39
14189,15,3937.0,4654.08,310.27
14191,13,3662.0,4684.76,360.37
14193,2,445.0,853.39,426.7
14194,21,5840.0,11349.52,540.45
14195,2,760.0,1012.0,506.0
14196,1,142.0,335.52,335.52
14198,4,290.0,701.4,175.35
14199,1,28.0,185.4,185.4
14201,7,590.0,747.44,106.78
14204,1,72.0,150.61,150.61
14205,2,204.0,466.7,233.35
14206,1,276.0,328.16,328.16
14208,1,114.0,151.74,151.74
14209,6,691.0,2073.43,345.57
14210,6,760.0,1905.84,317.64
14211,9,1242.0,2241.1,249.01
14212,1,1152.0,1070.48,1070.48
14214,5,751.0,1004.38,200.88
14215,6,1358.0,1789.72,298.29
14216,4,594.0,1839.3,459.83
14217,17,689.0,2004.98,117.94
14218,1,160.0,169.48,169.48
14219,1,78.0,89.94,89.94
14220,2,272.0,632.4,316.2
14221,9,2191.0,3432.8,381.42
14222,1,607.0,683.17,683.17
14223,3,585.0,991.13,330.38
14224,4,483.0,1009.73,252.43
14226,5,1296.0,2214.79,442.96
14227,10,1820.0,3350.96,335.1
14229,3,610.0,1547.2,515.73
14231,3,409.0,925.71,308.57
14232,5,1941.0,2048.07,409.61
14233,4,680.0,1462.72,365.68
14234,4,951.0,754.12,188.53
14235,5,1959.0,3144.86,628.97
14236,2,310.0,490.86,245.43
14237,1,38.0,161.0,161.0
14238,1,111.0,146.85,146.85
14239,11,993.0,2380.85,216.44
14240,2,418.0,890.34,445.17
14241,1,146.0,213.7,213.7
14242,2,123.0,280.55,140.28
14243,10,1221.0,2588.77,258.88
14245,2,976.0,1693.45,846.73
14246,3,804.0,1474.06,491.35
14247,1,47.0,136.77,136.77
14248,1,102.0,302.58,302.58
14250,3,1200.0,1904.05,634.68
14251,5,1674.0,2879.7,575.94
14256,2,414.0,969.06,484.53
14257,5,1682.0,3099.72,619.94
14258,9,7100.0,12669.98,1407.78
14259,1,68.0,120.0,120.0
14261,2,406.0,1163.45,581.73
14262,8,1645.0,2618.23,327.28
14264,2,70.0,333.97,166.99
14265,2,330.0,530.18,265.09
14267,3,530.0,1516.24,505.41
14270,1,197.0,492.65,492.65
14271,1,88.0,112.32,112.32
14272,2,599.0,437.96,218.98
14273,4,264.0,559.97,139.99
14276,3,744.0,1119.74,373.25
14277,3,1976.0,4188.0,1396.0
14280,1,52.0,134.04,134.04
14282,15,2656.0,3701.44,246.76
14284,2,161.0,595.25,297.63
14285,4,541.0,1910.01,477.5
14286,3,4338.0,4628.75,1542.92
14287,3,261.0,176.63,58.88
14288,1,188.0,426.6,426.6
14289,6,292.0,911.26,151.88
14290,5,915.0,2314.65,462.93
14291,11,2749.0,3883.25,353.02
14292,9,1663.0,4871.93,541.33
14293,4,709.0,1046.56,261.64
14295,1,84.0,166.2,166.2
14297,4,865.0,1305.33,326.33
14298,44,58343.0,51527.3,1171.08
14299,9,2149.0,3965.62,440.62
14300,1,32.0,43.2,43.2
14301,1,606.0,640.14,640.14
14304,1,139.0,383.45,383.45
14305,3,1089.0,1858.96,619.65
14306,2,1075.0,2093.32,1046.66
14307,6,2058.0,2995.72,499.29
14309,9,1633.0,2352.53,261.39
14311,1,146.0,310.26,310.26
14312,6,1012.0,1611.59,268.6
14314,1,296.0,120.0,120.0
14315,6,1021.0,2481.13,413.52
14317,1,255.0,508.58,508.58
14320,2,325.0,477.79,238.9
14321,5,2406.0,1530.75,306.15
14323,2,350.0,605.06,302.53
14326,1,103.0,183.85,183.85
14327,1,139.0,311.65,311.65
14329,7,3087.0,4975.24,710.75
14331,2,252.0,462.66,231.33
14332,3,463.0,840.21,280.07
14333,1,58.0,415.2,415.2
14334,8,1731.0,2552.21,319.03
14335,2,375.0,454.86,227.43
14336,4,1759.0,1614.91,403.73
14338,2,335.0,588.22,294.11
14339,1,168.0,309.52,309.52
14340,1,58.0,134.7,134.7
14341,8,1397.0,2166.98,270.87
14342,4,347.0,668.56,167.14
14344,8,477.0,889.93,111.24
14345,1,50.0,108.98,108.98
14346,2,605.0,1021.58,510.79
14348,1,183.0,409.57,409.57
14349,1,86.0,133.5,133.5
14350,1,183.0,282.93,282.93
14351,1,12.0,51.0,51.0
14352,4,538.0,1078.96,269.74
14353,1,64.0,90.6,90.6
14354,2,210.0,163.62,81.81
14355,1,92.0,174.4,174.4
14356,2,277.0,701.23,350.62
14357,1,147.0,225.12,225.12
14359,3,371.0,912.18,304.06
14360,4,1139.0,2118.03,529.51
14362,1,96.0,151.5,151.5
14364,8,1967.0,3717.35,464.67
14367,16,4426.0,9227.82,576.74
14368,1,36.0,155.0,155.0
14371,1,34.0,100.5,100.5
14373,1,17.0,76.55,76.55
14375,1,184.0,235.56,235.56
14377,2,219.0,617.05,308.53
14379,2,292.0,348.1,174.05
14381,1,146.0,202.68,202.68
14382,1,1231.0,615.49,615.49
14383,3,817.0,1247.69,415.9
14385,3,159.0,202.11,67.37
14386,1,54.0,142.4,142.4
14387,3,795.0,1727.6,575.87
14388,8,1941.0,3212.84,401.61
14389,2,729.0,1043.46,521.73
14390,9,2133.0,4642.57,515.84
14393,1,13.0,67.95,67.95
14395,9,1689.0,3479.91,386.66
14396,2,225.0,487.99,244.0
14397,19,1890.0,2612.96,137.52
14400,1,454.0,574.7,574.7
14401,13,4507.0,4051.48,311.65
14403,4,519.0,1475.81,368.95
14404,6,827.0,1449.32,241.55
14406,1,77.0,156.75,156.75
14407,6,1415.0,2157.73,359.62
14408,7,1610.0,2599.03,371.29
14409,6,1230.0,2059.45,343.24
14410,9,567.0,1100.27,122.25
14411,1,196.0,1063.0,1063.0
14412,2,786.0,770.03,385.02
14413,1,67.0,121.05,121.05
14414,7,2512.0,1496.98,213.85
14415,13,2996.0,5855.57,450.43
14416,2,326.0,490.22,245.11
14418,3,1711.0,1937.25,645.75
14419,6,483.0,1051.79,175.3
14420,1,334.0,387.52,387.52
14421,2,365.0,813.11,406.56
14422,6,2906.0,4263.64,710.61
14423,1,120.0,265.2,265.2
14424,1,48.0,322.08,322.08
14426,10,2699.0,4481.67,448.17
14427,2,228.0,363.34,181.67
14428,5,428.0,1224.06,244.81
14431,1,130.0,470.36,470.36
14432,6,2013.0,2248.5,374.75
14434,6,368.0,1372.8,228.8
14436,1,129.0,89.06,89.06
14437,1,60.0,63.0,63.0
14438,1,82.0,131.9,131.9
14439,1,526.0,2661.24,2661.24
14440,5,588.0,2357.68,471.54
14441,4,446.0,1712.89,428.22
14442,2,482.0,1589.82,794.91
14443,4,938.0,1420.2,355.05
14446,4,916.0,1010.35,252.59
14447,5,571.0,1163.23,232.65
14448,2,104.0,375.35,187.68
14449,4,741.0,885.8,221.45
14450,3,241.0,483.25,161.08
14451,2,378.0,643.9,321.95
14452,2,116.0,259.05,129.53
14453,1,49.0,119.93,119.93
14456,9,2885.0,3017.28,335.25
14457,1,88.0,113.64,113.64
14459,1,760.0,1837.92,1837.92
14460,3,881.0,434.34,144.78
14461,3,766.0,2103.06,701.02
14462,11,956.0,1980.57,180.05
14463,3,179.0,529.62,176.54
14465,3,398.0,1038.44,346.15
14466,7,1006.0,2272.4,324.63
14467,4,276.0,596.26,149.07
14470,2,193.0,461.19,230.6
14472,8,1135.0,1852.67,231.58
14473,2,88.0,234.34,117.17
14474,1,140.0,547.66,547.66
14475,3,447.0,925.85,308.62
14476,1,110.0,193.0,193.0
14477,4,720.0,1309.6,327.4
14479,2,117.0,316.25,158.13
14480,1,143.0,279.05,279.05
14481,2,489.0,636.51,318.26
14482,6,1627.0,2022.81,337.14
14483,1,97.0,137.1,137.1
14484,1,210.0,321.92,321.92
14485,1,70.0,162.8,162.8
14487,6,712.0,1165.48,194.25
14488,1,799.0,1064.28,1064.28
14489,1,299.0,463.38,463.38
14491,2,139.0,340.93,170.47
14493,5,1285.0,2383.24,476.65
14494,1,92.0,139.56,139.56
14495,2,62.0,123.8,61.9
14496,2,159.0,538.81,269.41
14497,1,235.0,475.37,475.37
14498,5,1098.0,1957.32,391.46
14499,3,496.0,808.44,269.48
14500,3,117.0,356.85,118.95
14501,2,161.0,251.21,125.61
14502,11,1480.0,2429.83,220.89
14503,6,2004.0,3543.26,590.54
14504,4,308.0,673.26,168.32
14505,8,2739.0,5859.43,732.43
14506,5,704.0,1960.65,392.13
14507,6,594.0,1367.88,227.98
14508,2,129.0,268.05,134.03
14511,5,784.0,1314.81,262.96
14512,2,122.0,275.28,137.64
14513,3,361.0,455.59,151.86
14514,3,564.0,990.2,330.07
14515,6,1110.0,2076.89,346.15
14517,2,91.0,330.45,165.23
14518,1,278.0,174.37,174.37
14520,2,146.0,270.6,135.3
14522,4,525.0,974.54,243.64
14523,1,251.0,241.09,241.09
14524,9,669.0,1843.83,204.87
14525,9,2637.0,4215.9,468.43
14527,55,2088.0,8507.13,154.68
14528,1,278.0,364.22,364.22
14529,3,325.0,578.61,192.87
14530,6,1395.0,2862.11,477.02
14532,4,284.0,932.85,233.21
14533,7,4019.0,1949.72,278.53
14534,18,2027.0,4397.3,244.29
14535,3,1824.0,2854.84,951.61
14536,1,39.0,170.95,170.95
14537,1,120.0,355.56,355.56
14538,2,155.0,388.25,194.13
14539,2,428.0,537.48,268.74
14540,3,411.0,952.66,317.55
14541,8,641.0,1453.35,181.67
14542,1,19.0,103.25,103.25
14543,16,675.0,3599.73,224.98
14544,2,1536.0,2004.3,1002.15
14546,5,1313.0,2573.93,514.79
14547,8,2639.0,3974.75,496.84
14548,2,256.0,652.8,326.4
14549,1,136.0,289.24,289.24
14550,2,389.0,757.37,378.69
14551,2,106.0,186.23,93.12
14552,1,90.0,164.22,164.22
14553,5,493.0,859.27,171.85
14554,4,1443.0,2279.49,569.87
14555,2,122.0,312.54,156.27
14557,1,510.0,788.38,788.38
14560,22,1260.0,2237.77,101.72
14561,3,1014.0,1080.76,360.25
14562,18,1815.0,5006.77,278.15
14565,4,1540.0,3099.12,774.78
14566,1,800.0,1432.0,1432.0
14567,2,412.0,1530.36,765.18
14569,1,79.0,227.39,227.39
14570,2,95.0,218.06,109.03
14572,7,1420.0,2804.54,400.65
14573,9,534.0,1639.82,182.2
14576,1,12.0,35.4,35.4
14577,4,353.0,859.71,214.93
14578,1,240.0,168.63,168.63
14581,1,217.0,138.6,138.6
14582,1,73.0,114.11,114.11
14583,5,751.0,986.96,197.39
14584,4,381.0,1033.06,258.27
14585,1,91.0,157.05,157.05
14586,1,444.0,237.36,237.36
14587,9,749.0,1580.29,175.59
14589,1,5.0,39.75,39.75
14591,4,1228.0,1320.21,330.05
14592,3,407.0,557.94,185.98
14593,3,330.0,617.15,205.72
14594,2,183.0,363.33,181.67
14595,6,978.0,1740.6,290.1
14597,2,566.0,866.24,433.12
14598,1,189.0,221.97,221.97
14600,1,125.0,393.33,393.33
14601,1,168.0,213.96,213.96
14603,1,400.0,660.0,660.0
14606,93,6187.0,12076.15,129.85
14607,14,11526.0,16209.5,1157.82
14608,4,437.0,1785.15,446.29
14609,4,7026.0,601.56,150.39
14616,3,104.0,406.08,135.36
14618,3,264.0,553.44,184.48
14619,1,152.0,394.44,394.44
14620,2,214.0,412.78,206.39
14621,5,993.0,1788.36,357.67
14622,1,146.0,320.58,320.58
14623,5,418.0,886.7,177.34
14624,2,162.0,225.85,112.93
14625,2,335.0,899.63,449.82
14626,4,1403.0,2791.27,697.82
14628,2,272.0,671.96,335.98
14629,2,378.0,955.26,477.63
14631,3,622.0,1006.98,335.66
14632,1,96.0,114.56,114.56
14633,1,96.0,344.9,344.9
14636,2,241.0,609.85,304.93
14638,1,166.0,443.6,443.6
14639,6,1431.0,2984.49,497.42
14640,6,880.0,2107.38,351.23
14641,1,90.0,110.46,110.46
14642,1,76.0,96.12,96.12
14643,2,815.0,693.81,346.91
14644,2,258.0,830.76,415.38
14645,2,381.0,597.09,298.55
14646,73,196915.0,280206.02,3838.44
14647,1,91.0,236.04,236.04
14649,4,1004.0,1402.59,350.65
14651,2,343.0,653.75,326.88
14652,1,53.0,114.18,114.18
14653,7,945.0,1926.65,275.24
14655,4,1089.0,1932.23,483.06
14656,2,120.0,291.05,145.53
14657,4,466.0,848.22,212.06
14658,2,47.0,247.15,123.58
14659,9,1195.0,2529.93,281.1
14660,2,228.0,285.74,142.87
14661,1,35.0,107.95,107.95
14662,4,578.0,741.37,185.34
14664,2,465.0,636.24,318.12
14665,5,740.0,1835.7,367.14
14666,1,161.0,195.25,195.25
14667,25,5319.0,9175.04,367.0
14669,3,770.0,1259.24,419.75
14670,2,326.0,392.86,196.43
14672,2,454.0,765.55,382.78
14673,5,1004.0,1736.4,347.28
14675,1,336.0,596.36,596.36
14676,6,2500.0,2548.24,424.71
14680,16,13476.0,28754.11,1797.13
14681,3,76.0,498.95,166.32
14682,2,80.0,52.0,26.0
14684,5,821.0,1201.51,240.3
14687,1,470.0,628.38,628.38
14688,21,3584.0,5579.1,265.67
14689,1,76.0,112.8,112.8
14690,2,167.0,355.05,177.53
14691,5,707.0,2114.33,422.87
14692,4,265.0,591.55,147.89
14693,1,34.0,172.9,172.9
14696,7,1630.0,2078.95,296.99
14697,2,181.0,188.61,94.31
14698,5,602.0,1217.27,243.45
14699,1,77.0,109.13,109.13
14700,3,1314.0,2195.1,731.7
14701,9,921.0,2526.09,280.68
14702,17,1439.0,3251.79,191.28
14703,1,183.0,318.17,318.17
14704,9,1043.0,1493.96,166.0
14705,1,100.0,179.0,179.0
14708,3,621.0,1126.37,375.46
14709,13,2484.0,4921.04,378.54
14710,4,375.0,599.48,149.87
14711,11,966.0,2839.62,258.15
14712,3,315.0,917.07,305.69
14713,11,1613.0,2662.2,242.02
14714,1,229.0,160.19,160.19
14715,4,521.0,867.38,216.85
14716,2,495.0,307.51,153.76
14719,5,1025.0,1581.84,316.37
14720,3,219.0,663.81,221.27
14722,1,118.0,180.42,180.42
14723,6,673.0,1122.36,187.06
14725,1,588.0,655.58,655.58
14727,1,62.0,268.58,268.58
14729,1,197.0,313.49,313.49
14730,8,1078.0,1897.57,237.2
14731,3,256.0,380.02,126.67
14732,8,1405.0,2702.49,337.81
14733,12,3764.0,9585.91,798.83
14735,32,2264.0,6065.69,189.55
14737,3,345.0,1164.55,388.18
14738,7,601.0,1314.45,187.78
14739,7,3820.0,3902.28,557.47
14740,3,735.0,1448.21,482.74
14741,6,841.0,1400.34,233.39
14744,7,627.0,1099.98,157.14
14745,5,1038.0,1220.26,244.05
14747,1,84.0,328.2,328.2
14748,5,1223.0,1415.75,283.15
14752,1,260.0,389.64,389.64
14753,1,211.0,563.15,563.15
14754,2,486.0,638.05,319.03
14755,11,2219.0,5010.28,455.48
14756,1,416.0,738.96,738.96
14757,1,160.0,420.5,420.5
14758,4,419.0,1484.06,371.02
14759,3,569.0,1625.97,541.99
14760,1,40.0,89.2,89.2
14761,2,118.0,255.9,127.95
14762,1,341.0,300.52,300.52
14764,1,190.0,278.3,278.3
14765,3,135.0,254.11,84.7
14766,6,1349.0,2473.37,412.23
14768,2,52.0,192.6,96.3
14769,8,7239.0,10416.98,1302.12
14770,2,490.0,876.42,438.21
14772,1,82.0,139.26,139.26
14775,3,1174.0,1011.9,337.3
14776,11,3134.0,2538.3,230.75
14778,2,306.0,730.86,365.43
14779,3,84.0,386.15,128.72
14780,2,310.0,447.68,223.84
14782,1,114.0,200.1,200.1
14784,2,237.0,289.99,145.0
14785,2,84.0,77.4,38.7
14788,2,421.0,679.44,339.72
14789,1,116.0,197.64,197.64
14790,4,699.0,745.06,186.27
14792,1,2.0,6.2,6.2
14793,1,91.0,228.99,228.99
14794,7,673.0,1319.91,188.56
14795,1,17.0,131.45,131.45
14796,17,5995.0,7975.49,469.15
14798,3,150.0,173.74,57.91
14799,1,146.0,157.7,157.7
14800,12,3644.0,4331.79,360.98
14801,1,173.0,189.34,189.34
14803,3,370.0,845.55,281.85
14804,1,121.0,353.27,353.27
14805,4,114.0,546.4,136.6
14806,1,330.0,193.39,193.39
14808,8,2120.0,2718.6,339.83
14810,11,1015.0,2085.33,189.58
14813,2,66.0,152.88,76.44
14815,2,744.0,778.5,389.25
14816,1,5.0,271.85,271.85
14817,2,655.0,1110.34,555.17
14818,3,324.0,657.8,219.27
14819,2,109.0,272.07,136.04
14820,4,253.0,507.29,126.82
14821,1,20.0,48.8,48.8
14823,3,88.0,321.43,107.14
14824,4,525.0,1127.71,281.93
14825,12,989.0,2221.01,185.08
14828,3,2172.0,2139.76,713.25
14829,4,452.0,697.55,174.39
14830,1,164.0,188.88,188.88
14834,6,734.0,1720.3,286.72
14836,3,45.0,102.45,34.15
14837,4,1436.0,1649.5,412.38
14840,1,31.0,62.85,62.85
14841,6,1778.0,3295.76,549.29
14842,4,1166.0,2824.69,706.17
14844,4,1833.0,3189.81,797.45
14847,1,120.0,309.4,309.4
14849,25,5694.0,7930.54,317.22
14850,1,293.0,325.75,325.75
14851,2,325.0,511.35,255.68
14852,6,1747.0,2836.69,472.78
14853,2,82.0,475.8,237.9
14854,7,1820.0,2740.03,391.43
14855,2,267.0,645.65,322.83
14856,3,711.0,1290.53,430.18
14857,2,464.0,1173.12,586.56
14859,4,671.0,1353.74,338.44
14860,1,232.0,170.32,170.32
14861,1,117.0,125.79,125.79
14862,2,772.0,841.2,420.6
14863,1,132.0,266.76,266.76
14865,2,108.0,52.2,26.1
14866,12,6752.0,14389.9,1199.16
14867,3,328.0,710.28,236.76
14868,8,1405.0,2953.59,369.2
14869,2,549.0,721.45,360.73
14870,1,119.0,327.25,327.25
14871,4,179.0,501.28,125.32
14873,1,168.0,519.68,519.68
14875,2,558.0,1465.32,732.66
14878,9,799.0,1476.09,164.01
14880,3,365.0,690.59,230.2
14881,1,316.0,255.4,255.4
14882,2,158.0,589.7,294.85
14883,6,790.0,761.59,126.93
14885,1,724.0,765.32,765.32
14886,1,160.0,364.8,364.8
14887,1,1100.0,1862.0,1862.0
14888,1,184.0,369.2,369.2
14889,1,90.0,135.9,135.9
14890,1,51.0,125.65,125.65
14891,2,505.0,554.38,277.19
14893,2,799.0,1237.85,618.93
14894,1,265.0,655.75,655.75
14895,20,4851.0,11138.71,556.94
14896,2,279.0,468.77,234.39
14897,4,468.0,1366.38,341.6
14898,6,1001.0,1269.31,211.55
14901,9,661.0,1421.29,157.92
14902,1,218.0,332.66,332.66
14903,5,1531.0,2795.33,559.07
14904,2,1985.0,1025.44,512.72
14905,2,287.0,616.15,308.08
14907,7,1691.0,3501.1,500.16
14908,1,132.0,277.8,277.8
14910,4,238.0,434.35,108.59
14911,201,80240.0,143711.17,714.98
14912,2,971.0,867.85,433.93
14913,4,1743.0,1227.43,306.86
14915,2,112.0,307.48,153.74
14916,4,1136.0,1268.98,317.25
14918,2,675.0,1610.15,805.08
14920,2,509.0,977.77,488.89
14921,2,953.0,1316.07,658.04
14923,1,418.0,749.1,749.1
14924,1,64.0,310.05,310.05
14929,1,136.0,223.88,223.88
14930,3,1160.0,2362.96,787.65
14931,5,417.0,1257.68,251.54
14932,1,80.0,363.53,363.53
14934,2,1042.0,1890.94,945.47
14935,1,935.0,1784.71,1784.71
14936,8,4085.0,8137.02,1017.13
14937,3,484.0,1621.88,540.63
14944,12,2815.0,5900.25,491.69
14946,1,22.0,100.9,100.9
14947,2,179.0,290.82,145.41
14948,6,673.0,1101.97,183.66
14950,1,136.0,371.2,371.2
14951,1,311.0,311.69,311.69
14952,11,3355.0,8099.49,736.32
14953,1,224.0,285.67,285.67
14954,1,117.0,294.85,294.85
14957,1,34.0,58.49,58.49
14958,3,128.0,483.73,161.24
14959,4,494.0,695.42,173.86
14960,2,221.0,221.27,110.64
14961,9,3708.0,7044.68,782.74
14962,1,44.0,126.7,126.7
14963,5,1159.0,1472.34,294.47
14964,1,143.0,206.21,206.21
14965,2,363.0,596.09,298.05
14966,1,179.0,183.02,183.02
14967,1,140.0,463.8,463.8
14968,1,127.0,147.59,147.59
14970,4,250.0,1592.06,398.02
14971,3,639.0,1097.98,365.99
14972,1,28.0,114.77,114.77
14973,3,369.0,1314.45,438.15
14974,1,37.0,89.94,89.94
14975,1,380.0,279.94,279.94
14976,7,234.0,790.86,112.98
14978,5,523.0,1921.37,384.27
14981,1,97.0,102.12,102.12
14984,2,58.0,202.37,101.19
14985,2,256.0,292.01,146.01
14987,2,128.0,326.4,163.2
14988,1,141.0,334.54,334.54
14995,2,102.0,231.98,115.99
14997,3,1120.0,546.2,182.07
14998,2,258.0,414.87,207.44
15000,1,218.0,490.52,490.52
15002,4,862.0,1641.76,410.44
15004,1,623.0,1220.77,1220.77
15005,28,4230.0,6295.37,224.83
15006,1,286.0,480.38,480.38
15007,1,69.0,156.91,156.91
15009,3,639.0,1259.43,419.81
15010,1,184.0,308.94,308.94
15012,2,225.0,405.04,202.52
15014,2,149.0,257.67,128.84
15016,1,76.0,170.04,170.04
15017,1,63.0,125.58,125.58
15018,3,189.0,496.21,165.4
15019,1,150.0,252.81,252.81
15021,9,819.0,1871.77,207.97
15022,4,527.0,852.39,213.1
15023,11,2827.0,6720.41,610.95
15024,10,902.0,1636.43,163.64
15025,1,184.0,361.96,361.96
15026,3,285.0,469.0,156.33
15027,4,565.0,1066.15,266.54
15028,4,459.0,627.13,156.78
15030,2,372.0,518.28,259.14
15031,4,400.0,653.19,163.3
15032,3,2968.0,4959.1,1653.03
15033,10,1672.0,2557.18,255.72
15034,8,2413.0,4274.16,534.27
15035,1,245.0,252.73,252.73
15036,3,316.0,429.56,143.19
15038,6,212.0,685.74,114.29
15039,47,9131.0,19766.59,420.57
15041,1,103.0,179.93,179.93
15042,1,30.0,135.93,135.93
15043,1,300.0,537.0,537.0
15044,17,2785.0,7634.73,449.1
15045,2,114.0,735.66,367.83
15046,15,3372.0,5090.42,339.36
15047,1,222.0,343.62,343.62
15048,4,192.0,381.0,95.25
15049,1,63.0,121.17,121.17
15050,3,1216.0,1737.69,579.23
15051,3,1010.0,1383.36,461.12
15052,1,79.0,207.73,207.73
15053,3,984.0,693.95,231.32
15054,2,198.0,302.1,151.05
15057,2,668.0,1489.5,744.75
15058,11,1054.0,2102.54,191.14
15059,9,604.0,1337.72,148.64
15060,4,257.0,294.25,73.56
15061,48,28920.0,54534.14,1136.13
15062,4,763.0,987.86,246.97
15063,1,56.0,370.8,370.8
15065,4,1383.0,3158.13,789.53
15066,1,317.0,893.59,893.59
15067,3,954.0,1744.76,581.59
15068,2,364.0,553.36,276.68
15069,1,520.0,1109.53,1109.53
15070,1,36.0,106.2,106.2
15071,2,269.0,982.07,491.04
15073,3,491.0,1043.41,347.8
15074,1,431.0,735.67,735.67
15075,1,447.0,773.03,773.03
15076,1,571.0,880.85,880.85
15078,32,5105.0,9743.11,304.47
15079,4,389.0,895.61,223.9
15081,5,190.0,504.8,100.96
15083,1,38.0,88.2,88.2
15087,1,470.0,306.94,306.94
15088,2,460.0,1160.07,580.04
15089,6,1359.0,2420.84,403.47
15090,1,208.0,381.32,381.32
15091,1,346.0,480.71,480.71
15092,2,135.0,457.81,228.91
15093,6,3760.0,4597.02,766.17
15095,4,1079.0,1370.6,342.65
15096,1,120.0,219.39,219.39
15097,1,170.0,248.08,248.08
15098,3,121.0,39916.5,13305.5
15099,1,343.0,410.48,410.48
15100,3,80.0,876.0,292.0
15101,2,241.0,317.53,158.77
15103,2,329.0,703.36,351.68
15104,2,635.0,993.54,496.77
15105,7,1211.0,2298.93,328.42
15106,5,1181.0,1422.52,284.5
15107,6,169.0,319.5,53.25
15108,4,499.0,1300.25,325.06
15109,1,131.0,484.95,484.95
15110,4,246.0,996.1,249.03
15111,3,710.0,1567.48,522.49
15113,3,2344.0,3509.43,1169.81
15114,10,3096.0,2760.56,276.06
15115,1,157.0,340.11,340.11
15116,4,648.0,1352.75,338.19
15117,5,1948.0,1551.78,310.36
15118,1,1440.0,244.8,244.8
15119,1,88.0,266.4,266.4
15120,1,296.0,358.82,358.82
15121,2,199.0,457.72,228.86
15122,3,800.0,1633.78,544.59
15123,2,1195.0,2199.31,1099.66
15124,2,233.0,184.19,92.1
15125,15,6193.0,11528.48,768.57
15127,1,251.0,406.53,406.53
15128,4,1343.0,1471.0,367.75
15129,11,1794.0,3447.4,313.4
15130,1,197.0,330.11,330.11
15132,5,679.0,977.93,195.59
15133,3,680.0,982.42,327.47
15134,8,887.0,1387.99,173.5
15135,1,43.0,139.05,139.05
15136,4,776.0,1286.7,321.68
15139,2,208.0,178.96,89.48
15140,7,1572.0,2354.25,336.32
15142,1,365.0,498.74,498.74
15143,1,150.0,259.45,259.45
15144,17,3050.0,6580.44,387.08
15145,4,756.0,1194.73,298.68
15146,2,1473.0,1327.16,663.58
15147,1,366.0,623.5,623.5
15148,1,187.0,301.29,301.29
15149,1,128.0,520.8,520.8
15150,10,3642.0,5291.33,529.13
15152,13,2704.0,4745.69,365.05
15153,1,198.0,329.25,329.25
15154,1,89.0,254.28,254.28
15156,3,597.0,961.49,320.5
15157,3,2392.0,1936.07,645.36
15158,1,198.0,401.4,401.4
15159,30,11441.0,18641.01,621.37
15160,1,84.0,158.16,158.16
15163,2,186.0,304.47,152.24
15164,3,351.0,824.58,274.86
15165,1,160.0,487.75,487.75
15167,1,65.0,158.8,158.8
15168,1,52.0,106.56,106.56
15171,1,290.0,1289.5,1289.5
15172,5,1611.0,1624.05,324.81
15174,1,145.0,135.75,135.75
15175,1,454.0,224.14,224.14
15178,1,30.0,40.5,40.5
15179,5,1938.0,2206.95,441.39
15180,1,36.0,87.5,87.5
15181,3,544.0,689.48,229.83
15182,2,253.0,622.85,311.43
15184,2,199.0,402.2,201.1
15185,1,666.0,310.62,310.62
15186,2,215.0,411.41,205.71
15187,16,1887.0,4777.18,298.57
15189,41,6149.0,16225.39,395.74
15192,3,918.0,1044.32,348.11
15193,1,144.0,499.32,499.32
15194,15,5703.0,7616.53,507.77
15195,1,1404.0,3861.0,3861.0
15197,3,469.0,1079.61,359.87
15198,2,120.0,193.64,96.82
15199,4,396.0,1268.7,317.18
15201,5,1210.0,1236.54,247.31
15203,6,1753.0,1827.8,304.63
15204,1,258.0,316.58,316.58
15205,2,378.0,653.24,326.62
15206,4,162.0,420.3,105.08
15208,5,316.0,870.12,174.02
15210,1,228.0,331.18,331.18
15211,2,240.0,894.41,447.21
15212,1,36.0,101.8,101.8
15213,2,272.0,328.35,164.18
15214,8,1254.0,1661.44,207.68
15215,3,225.0,734.94,244.98
15216,1,28.0,96.6,96.6
15218,11,3329.0,5756.89,523.35
15219,1,45.0,305.75,305.75
15220,6,1393.0,1778.96,296.49
15221,1,43.0,403.25,403.25
15222,1,440.0,585.0,585.0
15223,2,213.0,755.75,377.88
15224,2,152.0,322.08,161.04
15225,1,226.0,409.4,409.4
15226,1,71.0,154.41,154.41
15227,5,750.0,1219.4,243.88
15228,4,2255.0,3386.71,846.68
15230,2,351.0,429.6,214.8
15232,2,686.0,612.06,306.03
15234,1,196.0,197.0,197.0
15235,12,1324.0,2247.51,187.29
15236,1,269.0,321.05,321.05
15237,4,1071.0,1412.32,353.08
15238,3,692.0,1071.99,357.33
15239,2,594.0,780.59,390.3
15240,5,1369.0,1706.57,341.31
15241,8,1818.0,1756.44,219.56
15243,1,185.0,316.68,316.68
15244,2,405.0,631.57,315.79
15245,3,1784.0,2515.84,838.61
15246,2,247.0,514.15,257.08
15247,1,160.0,356.0,356.0
15249,13,3577.0,6688.46,514.5
15251,11,6171.0,10484.99,953.18
15252,2,522.0,740.78,370.39
15253,5,866.0,918.2,183.64
15254,1,275.0,300.36,300.36
15255,1,489.0,890.85,890.85
15256,1,55.0,98.45,98.45
15257,1,46.0,317.15,317.15
15258,2,142.0,623.16,311.58
15260,7,885.0,1810.77,258.68
15261,1,270.0,254.82,254.82
15262,1,73.0,178.95,178.95
15263,1,89.0,156.51,156.51
15264,1,265.0,393.74,393.74
15265,2,612.0,1506.12,753.06
15266,1,18.0,119.3,119.3
15267,5,944.0,1717.36,343.47
15269,1,26.0,408.8,408.8
15270,7,1521.0,2379.49,339.93
15271,15,1251.0,2493.34,166.22
15272,2,310.0,721.94,360.97
15274,2,619.0,716.57,358.29
15275,1,498.0,615.14,615.14
15276,1,61.0,128.63,128.63
15277,1,205.0,255.9,255.9
15279,1,189.0,290.51,290.51
15280,1,154.0,113.12,113.12
15281,9,1211.0,2332.15,259.13
15286,1,55.0,240.55,240.55
15287,2,433.0,486.69,243.35
15288,5,775.0,2306.52,461.3
15289,3,1008.0,939.78,313.26
15290,18,4501.0,7943.22,441.29
15291,15,2103.0,4668.3,311.22
15292,1,55.0,178.39,178.39
15296,6,1766.0,3672.86,612.14
15297,3,292.0,641.94,213.98
15298,12,3116.0,4799.9,399.99
15299,7,2948.0,4507.01,643.86
15300,1,292.0,496.44,496.44
15301,12,2751.0,5049.95,420.83
15303,1,248.0,574.02,574.02
15304,8,104.0,694.4,86.8
15306,3,810.0,1174.35,391.45
15307,1,37.0,205.3,205.3
15308,1,175.0,310.47,310.47
15311,91,38147.0,60632.75,666.29
15312,4,516.0,924.85,231.21
15313,1,25.0,52.0,52.0
15314,1,313.0,327.97,327.97
15315,2,862.0,570.5,285.25
15316,1,100.0,165.0,165.0
15318,1,642.0,312.62,312.62
15319,1,175.0,204.5,204.5
15320,1,326.0,267.13,267.13
15321,3,1181.0,2748.31,916.1
15322,1,416.0,679.68,679.68
15325,1,231.0,161.74,161.74
15326,1,386.0,311.71,311.71
15327,1,116.0,208.75,208.75
15329,3,486.0,1049.7,349.9
15330,2,1312.0,714.96,357.48
15332,4,652.0,1661.06,415.27
15333,1,344.0,1028.56,1028.56
15334,3,273.0,350.82,116.94
15335,1,79.0,170.22,170.22
15339,2,416.0,574.07,287.04
15341,1,812.0,2020.52,2020.52
15342,1,283.0,406.09,406.09
15343,1,84.0,364.5,364.5
15344,3,116.0,563.94,187.98
15345,1,81.0,393.54,393.54
15346,1,144.0,252.42,252.42
15347,1,130.0,201.6,201.6
15348,1,84.0,158.04,158.04
15349,2,321.0,463.91,231.96
15350,1,51.0,115.65,115.65
15351,7,742.0,1934.66,276.38
15353,2,341.0,770.12,385.06
15355,2,45.0,277.05,138.53
15356,10,1643.0,2718.03,271.8
15358,22,7050.0,8347.2,379.42
15360,1,223.0,427.93,427.93
15361,1,336.0,418.92,418.92
15363,1,144.0,326.0,326.0
15364,2,493.0,913.19,456.6
15365,7,1084.0,2314.32,330.62
15366,2,621.0,602.51,301.26
15367,4,1057.0,1877.59,469.4
15368,1,230.0,446.94,446.94
15370,7,830.0,2386.05,340.86
15372,1,2924.0,2007.4,2007.4
15373,12,500.0,2415.91,201.33
15374,1,126.0,168.0,168.0
15376,3,615.0,1221.56,407.19
15379,7,2305.0,3703.29,529.04
15380,5,376.0,1690.26,338.05
15381,2,171.0,596.85,298.43
15382,6,4012.0,5955.71,992.62
15384,2,596.0,642.41,321.21
15385,1,161.0,316.88,316.88
15386,1,446.0,394.14,394.14
15388,1,88.0,140.54,140.54
15389,1,400.0,500.0,500.0
15392,4,1277.0,1535.53,383.88
15393,2,150.0,231.86,115.93
15394,4,910.0,2183.54,545.89
15395,1,17.0,107.45,107.45
15396,1,122.0,288.18,288.18
15397,1,20.0,94.0,94.0
15398,2,769.0,1345.53,672.77
15399,3,611.0,815.77,271.92
15400,5,390.0,716.2,143.24
15402,2,694.0,626.77,313.39
15405,1,193.0,349.1,349.1
15406,2,254.0,510.71,255.36
15407,4,552.0,1046.74,261.69
15408,1,106.0,267.18,267.18
15410,8,1200.0,3450.84,431.36
15411,4,529.0,1348.93,337.23
15412,1,108.0,190.53,190.53
15414,3,443.0,774.9,258.3
15415,1,551.0,559.61,559.61
15416,4,2090.0,3984.32,996.08
15417,1,284.0,508.8,508.8
15419,1,230.0,135.86,135.86
15421,4,500.0,950.36,237.59
15422,2,38.0,97.7,48.85
15423,1,101.0,43.5,43.5
15424,2,554.0,383.34,191.67
15426,5,656.0,1404.07,280.81
15427,3,967.0,1430.54,476.85
15428,1,102.0,93.78,93.78
15429,2,380.0,397.35,198.68
15432,1,65.0,171.19,171.19
15433,2,534.0,533.3,266.65
15434,5,647.0,1041.48,208.3
15435,1,54.0,149.29,149.29
15436,3,574.0,1067.75,355.92
15437,1,79.0,200.16,200.16
15438,1,59.0,156.58,156.58
15440,3,197.0,383.68,127.89
15442,1,120.0,594.0,594.0
15443,7,1639.0,3213.59,459.08
15444,2,759.0,1411.21,705.61
15445,1,58.0,113.5,113.5
15447,1,85.0,155.17,155.17
15448,1,232.0,494.64,494.64
15449,3,812.0,974.52,324.84
15450,1,376.0,429.84,429.84
15452,3,280.0,528.48,176.16
15453,7,837.0,1371.77,195.97
15454,1,86.0,179.1,179.1
15456,3,633.0,434.59,144.86
15457,1,132.0,237.07,237.07
15458,1,156.0,161.64,161.64
15460,1,107.0,214.26,214.26
15462,3,172.0,234.6,78.2
15463,1,106.0,126.14,126.14
15464,1,348.0,1044.65,1044.65
15465,18,1257.0,7354.62,408.59
15466,1,246.0,334.53,334.53
15467,3,310.0,524.88,174.96
15468,2,155.0,467.51,233.76
15469,2,153.0,538.55,269.28
15471,1,256.0,454.48,454.48
15472,1,251.0,371.56,371.56
15473,7,672.0,1771.2,253.03
15475,1,319.0,454.11,454.11
15478,2,575.0,1399.92,699.96
15480,1,303.0,905.5,905.5
15482,12,5004.0,10879.76,906.65
15483,4,291.0,225.26,56.32
15484,4,3150.0,3590.41,897.6
15485,3,1281.0,2564.5,854.83
15488,1,73.0,91.32,91.32
15489,3,608.0,1134.28,378.09
15491,6,1646.0,3100.09,516.68
15492,2,483.0,659.46,329.73
15493,5,551.0,1953.41,390.68
15494,2,1139.0,1280.58,640.29
15497,2,624.0,1262.2,631.1
15498,27,6105.0,13316.4,493.2
15500,4,572.0,1131.56,282.89
15502,12,4236.0,10384.93,865.41
15503,1,70.0,141.04,141.04
15504,1,33.0,52.83,52.83
15505,5,2390.0,3610.96,722.19
15506,3,842.0,972.08,324.03
15507,1,160.0,475.86,475.86
15508,6,440.0,1000.27,166.71
15510,1,2.0,250.0,250.0
15511,5,269.0,900.53,180.11
15512,2,68.0,121.0,60.5
15513,19,5709.0,14758.22,776.75
15514,11,2098.0,4023.72,365.79
15516,3,27.0,62.43,20.81
15517,1,293.0,267.03,267.03
15518,8,1263.0,1921.55,240.19
15520,1,314.0,343.5,343.5
15521,8,1836.0,3000.2,375.03
15522,2,572.0,397.99,199.0
15523,1,132.0,412.01,412.01
15524,1,4.0,440.0,440.0
15525,3,387.0,734.37,244.79
15526,2,24.0,148.44,74.22
15527,8,991.0,2428.53,303.57
15528,1,123.0,229.33,229.33
15529,11,3455.0,3962.6,360.24
15530,4,938.0,1497.31,374.33
15531,2,1085.0,1972.39,986.2
15532,4,515.0,1564.73,391.18
15533,3,289.0,807.57,269.19
15535,4,135.0,502.9,125.73
15537,1,29.0,110.92,110.92
15539,1,410.0,538.46,538.46
15540,1,200.0,213.3,213.3
15541,1,49.0,85.13,85.13
15543,1,86.0,127.86,127.86
15544,9,3109.0,3546.71,394.08
15545,2,162.0,288.97,144.49
15547,14,3999.0,4910.6,350.76
15549,3,694.0,1681.46,560.49
15550,4,295.0,575.63,143.91
15551,1,218.0,436.06,436.06
15552,1,60.0,90.12,90.12
15553,1,449.0,428.93,428.93
15554,1,74.0,217.2,217.2
15555,16,4427.0,4794.86,299.68
15556,1,236.0,279.77,279.77
15557,1,213.0,468.91,468.91
15561,4,267.0,800.59,200.15
15562,1,39.0,134.55,134.55
15563,4,1501.0,1400.44,350.11
15565,2,60.0,173.16,86.58
15567,1,223.0,186.01,186.01
15568,3,461.0,758.29,252.76
15569,5,666.0,1375.71,275.14
15570,12,2063.0,4148.82,345.74
15571,4,264.0,650.43,162.61
15572,7,1213.0,2533.42,361.92
15573,2,355.0,591.19,295.6
15574,4,332.0,675.64,168.91
15576,1,394.0,921.37,921.37
15577,3,89.0,258.88,86.29
15578,1,52.0,127.1,127.1
15579,2,117.0,327.6,163.8
15581,13,283.0,3675.77,282.75
15582,3,453.0,682.91,227.64
15584,4,313.0,720.86,180.22
15585,1,320.0,455.3,455.3
15587,4,312.0,913.68,228.42
15589,3,243.0,478.53,159.51
15592,1,354.0,388.58,388.58
15593,1,60.0,199.8,199.8
15594,5,983.0,1771.78,354.36
15596,5,561.0,1406.59,281.32
15597,1,279.0,324.57,324.57
15598,1,160.0,240.68,240.68
15599,2,718.0,761.74,380.87
15601,14,4983.0,6776.56,484.04
15602,9,1137.0,1297.87,144.21
15603,1,96.0,48.48,48.48
15604,1,159.0,216.39,216.39
15605,5,441.0,1198.23,239.65
15606,9,892.0,2920.16,324.46
15607,1,202.0,104.76,104.76
15608,4,714.0,1093.68,273.42
15609,1,148.0,298.48,298.48
15610,1,66.0,112.46,112.46
15611,13,504.0,1591.45,122.42
15612,2,52.0,195.15,97.58
15615,23,5508.0,10399.74,452.16
15618,4,453.0,776.85,194.21
15619,1,136.0,336.4,336.4
15620,3,915.0,1553.18,517.73
15621,4,501.0,1293.03,323.26
15622,9,1674.0,3709.56,412.17
15623,1,125.0,301.03,301.03
15624,4,357.0,588.13,147.03
15625,4,1188.0,1534.26,383.57
15626,2,766.0,675.8,337.9
15628,9,1894.0,2870.24,318.92
15630,2,800.0,1186.35,593.18
15632,8,2109.0,3285.31,410.66
15634,1,99.0,243.55,243.55
15636,2,284.0,724.76,362.38
15637,1,128.0,223.36,223.36
15639,1,323.0,425.32,425.32
15640,15,6572.0,12416.11,827.74
15641,4,1562.0,1887.2,471.8
15643,3,246.0,664.0,221.33
15644,4,550.0,803.54,200.89
15645,1,256.0,612.01,612.01
15646,3,394.0,447.64,149.21
15648,2,218.0,639.5,319.75
15649,2,192.0,816.0,408.0
15651,3,479.0,646.3,215.43
15652,1,208.0,337.74,337.74
15653,2,1200.0,877.44,438.72
15654,2,475.0,922.53,461.27
15655,1,324.0,560.67,560.67
15656,4,343.0,748.5,187.13
15657,1,24.0,30.0,30.0
15658,5,242.0,1024.1,204.82
15659,1,111.0,306.45,306.45
15660,9,1050.0,1600.86,177.87
15661,2,236.0,309.8,154.9
15663,1,106.0,138.14,138.14
15664,1,157.0,386.43,386.43
15665,2,1654.0,2222.21,1111.11
15667,1,240.0,301.32,301.32
15668,1,72.0,76.32,76.32
15669,4,342.0,684.34,171.09
15670,1,91.0,173.05,173.05
15671,7,1699.0,2657.13,379.59
15673,4,1451.0,2726.23,681.56
15674,5,1275.0,2446.6,489.32
15675,3,527.0,323.69,107.9
15676,3,2252.0,3435.76,1145.25
15677,1,319.0,657.23,657.23
15678,1,184.0,352.7,352.7
15679,4,1170.0,781.28,195.32
15680,3,952.0,1333.68,444.56
15681,5,816.0,1426.16,285.23
15683,1,131.0,193.75,193.75
15687,9,1310.0,2993.1,332.57
15689,2,84.0,254.1,127.05
15690,2,408.0,239.76,119.88
15691,1,72.0,136.8,136.8
15692,1,138.0,191.04,191.04
15694,14,1677.0,6479.4,462.81
15695,2,212.0,409.98,204.99
15696,8,1015.0,2711.11,338.89
15699,1,113.0,309.65,309.65
15700,2,357.0,696.68,348.34
15701,4,912.0,1529.0,382.25
15703,1,66.0,211.5,211.5
15704,4,1028.0,2293.62,573.41
15705,1,62.0,143.1,143.1
15706,4,321.0,1060.56,265.14
15707,4,594.0,916.98,229.25
15708,7,1217.0,3235.25,462.18
15709,1,121.0,133.25,133.25
15712,5,486.0,1072.36,214.47
15713,2,150.0,356.7,178.35
15714,2,186.0,330.03,165.02
15716,4,738.0,1101.11,275.28
15717,1,70.0,150.3,150.3
15719,13,2718.0,5030.07,386.93
15720,1,281.0,598.73,598.73
15721,1,388.0,471.4,471.4
15722,5,1023.0,2211.21,442.24
15723,1,73.0,190.7,190.7
15724,2,73.0,218.25,109.13
15725,1,221.0,415.25,415.25
15727,7,3063.0,5159.06,737.01
15729,1,28.0,85.0,85.0
15730,3,689.0,1120.88,373.63
15732,2,215.0,294.12,147.06
15733,1,62.0,162.3,162.3
15734,2,346.0,1339.45,669.73
15737,8,597.0,1188.12,148.52
15738,16,2982.0,4812.42,300.78
15739,1,472.0,449.12,449.12
15740,1,152.0,154.88,154.88
15743,4,214.0,775.96,193.99
15744,1,120.0,34.8,34.8
15745,4,421.0,1094.59,273.65
15746,1,178.0,196.88,196.88
15747,3,466.0,946.64,315.55
15748,1,50.0,144.36,144.36
15749,3,18028.0,44534.3,14844.77
15750,8,1783.0,2463.05,307.88
15752,7,1960.0,2626.6,375.23
15753,1,144.0,79.2,79.2
15754,3,199.0,458.57,152.86
15755,6,1427.0,2364.25,394.04
15756,4,241.0,528.01,132.0
15757,2,491.0,714.42,357.21
15758,1,47.0,205.25,205.25
15759,3,60.0,253.04,84.35
15762,2,251.0,583.75,291.88
15763,2,271.0,1086.92,543.46
15764,6,2050.0,3279.97,546.66
15766,1,170.0,315.06,315.06
15768,3,244.0,621.83,207.28
15769,26,29672.0,56252.72,2163.57
15773,1,311.0,635.68,635.68
15774,1,87.0,270.8,270.8
15775,1,68.0,104.9,104.9
15776,1,138.0,241.62,241.62
15777,4,378.0,1047.11,261.78
15780,3,220.0,475.28,158.43
15781,3,180.0,345.46,115.15
15782,3,864.0,2614.74,871.58
15783,1,212.0,246.3,246.3
15785,5,1612.0,2328.97,465.79
15786,3,3340.0,4919.0,1639.67
15787,3,534.0,933.26,311.09
15789,1,438.0,351.3,351.3
15790,1,113.0,218.75,218.75
15791,2,731.0,1612.69,806.35
15793,3,553.0,965.61,321.87
15795,1,581.0,610.01,610.01
15796,8,860.0,2708.61,338.58
15797,4,873.0,2207.4,551.85
15799,3,955.0,884.14,294.71
15800,2,332.0,696.89,348.45
15801,3,570.0,1063.95,354.65
15802,1,1.0,451.42,451.42
15803,1,290.0,415.82,415.82
15804,13,2565.0,4206.39,323.57
15805,17,3367.0,5488.18,322.83
15806,3,602.0,784.58,261.53
15807,3,430.0,903.9,301.3
15808,4,1305.0,3651.27,912.82
15809,5,301.0,515.77,103.15
15810,4,861.0,1391.98,348.0
15811,6,1071.0,2218.62,369.77
15812,5,922.0,1801.14,360.23
15813,2,603.0,1303.91,651.96
15814,4,1271.0,1945.33,486.33
15815,5,1856.0,2100.6,420.12
15819,4,1357.0,1905.45,476.36
15820,1,128.0,206.98,206.98
15821,2,202.0,570.96,285.48
15822,2,375.0,885.47,442.74
15823,1,1.0,15.0,15.0
15825,1,220.0,532.94,532.94
15826,3,963.0,1654.31,551.44
15827,14,882.0,1836.09,131.15
15829,2,996.0,636.14,318.07
15830,1,415.0,576.0,576.0
15831,3,1092.0,794.64,264.88
15832,1,465.0,836.79,836.79
15834,4,961.0,2225.15,556.29
15835,4,439.0,954.09,238.52
15836,1,26.0,137.37,137.37
15837,1,189.0,391.98,391.98
15838,19,18368.0,33643.08,1770.69
15839,3,675.0,1048.49,349.5
15840,2,396.0,355.56,177.78
15841,4,942.0,1224.06,306.02
15843,1,27.0,118.95,118.95
15844,1,134.0,130.74,130.74
15845,8,1926.0,3711.77,463.97
15847,2,449.0,389.27,194.64
15850,2,298.0,234.88,117.44
15852,2,48.0,160.71,80.36
15853,1,135.0,110.8,110.8
15854,12,926.0,2969.12,247.43
15855,5,470.0,712.24,142.45
15856,27,10866.0,16143.64,597.91
15857,1,308.0,297.0,297.0
15858,5,1163.0,1427.57,285.51
15860,8,437.0,965.16,120.65
15861,8,2528.0,3146.92,393.37
15862,4,585.0,832.88,208.22
15863,2,19.0,68.84,34.42
15864,6,1192.0,1936.32,322.72
15865,3,368.0,895.13,298.38
15866,1,124.0,211.89,211.89
15867,15,2052.0,3810.14,254.01
15869,2,175.0,149.64,74.82
15870,1,333.0,351.44,351.44
15872,2,187.0,316.25,158.13
15874,7,2534.0,4405.88,629.41
15877,2,368.0,490.33,245.17
15880,1,202.0,329.03,329.03
15881,5,260.0,501.39,100.28
15882,4,276.0,516.36,129.09
15883,2,223.0,396.48,198.24
15885,3,111.0,379.35,126.45
15886,1,147.0,181.09,181.09
15888,1,76.0,168.31,168.31
15889,2,206.0,420.07,210.04
15891,1,418.0,511.68,511.68
15894,2,164.0,258.25,129.13
15895,1,94.0,179.17,179.17
15897,2,223.0,208.59,104.3
15898,5,567.0,1383.83,276.77
15899,1,39.0,56.25,56.25
15900,1,216.0,337.28,337.28
15901,3,379.0,351.73,117.24
15903,7,2410.0,5126.76,732.39
15904,1,84.0,164.68,164.68
15906,7,544.0,1567.69,223.96
15907,3,478.0,882.72,294.24
15909,1,98.0,191.94,191.94
15910,8,1013.0,1228.88,153.61
15912,2,185.0,264.62,132.31
15916,8,752.0,1502.86,187.86
15917,1,42.0,123.1,123.1
15918,2,153.0,334.23,167.12
15919,2,385.0,525.69,262.85
15920,4,99.0,167.5,41.88
15921,1,162.0,323.03,323.03
15922,1,138.0,369.5,369.5
15923,1,122.0,127.08,127.08
15925,1,93.0,207.15,207.15
15930,1,139.0,426.63,426.63
15932,8,2325.0,2495.87,311.98
15933,3,885.0,1107.46,369.15
15935,2,115.0,416.86,208.43
15937,1,73.0,145.35,145.35
15938,5,240.0,404.58,80.92
15939,15,4728.0,6115.01,407.67
15940,1,4.0,35.8,35.8
15942,1,232.0,337.44,337.44
15944,1,50.0,325.1,325.1
15945,1,52.0,181.0,181.0
15947,1,898.0,1708.24,1708.24
15948,2,567.0,955.24,477.62
15949,2,284.0,364.72,182.36
15950,4,719.0,1744.71,436.18
15951,2,313.0,708.22,354.11
15952,4,391.0,781.91,195.48
15953,8,891.0,1657.28,207.16
15955,14,2135.0,4416.26,315.45
15957,1,211.0,428.89,428.89
15958,1,33.0,104.35,104.35
15963,2,298.0,470.76,235.38
15965,4,434.0,808.87,202.22
15967,2,205.0,397.68,198.84
15969,3,124.0,666.1,222.03
15970,1,116.0,314.1,314.1
15971,12,1717.0,4199.85,349.99
15973,1,106.0,307.82,307.82
15974,7,2262.0,3442.15,491.74
15975,1,243.0,371.01,371.01
15976,2,275.0,427.64,213.82
15977,2,1016.0,1054.73,527.37
15978,1,888.0,1098.78,1098.78
15980,3,1560.0,2398.86,799.62
15981,8,1866.0,3408.48,426.06
15983,4,886.0,1465.12,366.28
15984,10,1815.0,2780.63,278.06
15985,2,1086.0,1142.42,571.21
15986,1,268.0,168.12,168.12
15987,7,1533.0,1432.77,204.68
15988,1,180.0,156.78,156.78
15990,2,443.0,792.11,396.06
15992,1,17.0,41.99,41.99
15993,7,2037.0,2777.67,396.81
15994,1,173.0,414.27,414.27
15996,6,380.0,1032.58,172.1
15998,5,2032.0,3080.22,616.04
16000,3,5110.0,12393.7,4131.23
16003,5,1185.0,2735.37,547.07
16005,4,280.0,578.71,144.68
16006,1,84.0,101.4,101.4
16007,4,1388.0,1693.81,423.45
16008,3,323.0,478.78,159.59
16009,4,366.0,972.11,243.03
16010,3,202.0,392.4,130.8
16011,16,2035.0,3352.96,209.56
16012,3,799.0,1415.29,471.76
16013,47,15536.0,37130.6,790.01
16014,3,258.0,646.83,215.61
16015,3,907.0,704.55,234.85
16016,8,602.0,1465.51,183.19
16017,1,102.0,211.88,211.88
16018,2,190.0,408.9,204.45
16019,9,1733.0,3786.24,420.69
16020,3,487.0,851.01,283.67
16022,1,255.0,602.63,602.63
16023,3,358.0,719.81,239.94
16024,1,397.0,251.03,251.03
16025,1,338.0,439.66,439.66
16026,1,243.0,236.09,236.09
16027,6,1147.0,934.62,155.77
16029,63,40108.0,80850.84,1283.35
16030,1,283.0,331.24,331.24
16031,2,421.0,547.9,273.95
16033,20,3529.0,8778.82,438.94
16034,3,242.0,437.7,145.9
16036,2,716.0,758.92,379.46
16037,3,428.0,855.02,285.01
16038,3,244.0,471.78,157.26
16040,3,684.0,1313.55,437.85
16041,3,1584.0,3166.4,1055.47
16042,5,743.0,1177.47,235.49
16043,4,503.0,773.99,193.5
16045,4,897.0,1340.7,335.18
16048,2,144.0,256.44,128.22
16049,3,763.0,1074.81,358.27
16050,1,278.0,137.9,137.9
16052,1,282.0,362.06,362.06
16053,2,1793.0,1511.95,755.98
16054,1,380.0,783.9,783.9
16055,1,22.0,134.8,134.8
16056,1,345.0,650.75,650.75
16057,7,863.0,2263.12,323.3
16059,6,641.0,1453.16,242.19
16062,4,800.0,1153.62,288.41
16063,1,262.0,335.32,335.32
16065,1,228.0,367.14,367.14
16066,5,935.0,1521.04,304.21
16070,2,457.0,852.15,426.08
16071,1,180.0,326.24,326.24
16072,1,140.0,584.32,584.32
16073,1,48.0,122.4,122.4
16076,10,1435.0,2234.73,223.47
16078,1,16.0,79.2,79.2
16079,3,864.0,1352.0,450.67
16080,2,128.0,217.16,108.58
16081,5,1473.0,2799.42,559.88
16083,2,908.0,1317.62,658.81
16084,1,216.0,436.18,436.18
16085,5,636.0,981.51,196.3
16086,5,511.0,1121.39,224.28
16091,2,154.0,315.06,157.53
16092,3,628.0,817.86,272.62
16093,1,20.0,17.0,17.0
16094,4,647.0,1078.23,269.56
16096,1,155.0,320.62,320.62
16097,1,87.0,185.05,185.05
16098,7,613.0,2005.63,286.52
16099,3,434.0,731.9,243.97
16101,1,757.0,1290.7,1290.7
16102,3,942.0,1842.14,614.05
16103,6,558.0,1429.64,238.27
16104,1,122.0,298.21,298.21
16105,1,330.0,336.96,336.96
16106,1,74.0,108.38,108.38
16107,7,1176.0,3204.16,457.74
16108,1,615.0,842.5,842.5
16109,2,612.0,611.88,305.94
16110,3,720.0,1320.95,440.32
16112,4,574.0,195.74,48.94
16113,1,176.0,161.38,161.38
16114,1,43.0,135.75,135.75
16115,8,994.0,1660.88,207.61
16116,1,248.0,612.78,612.78
16117,1,130.0,232.21,232.21
16119,2,240.0,423.36,211.68
16120,4,878.0,1309.14,327.29
16121,2,576.0,854.66,427.33
16122,4,1128.0,684.42,171.11
16123,1,170.0,307.78,307.78
16124,1,48.0,249.0,249.0
16125,1,124.0,289.35,289.35
16126,4,2125.0,6287.77,1571.94
16127,1,323.0,656.25,656.25
16128,5,988.0,1880.22,376.04
16131,6,1802.0,3506.54,584.42
16133,33,8887.0,14589.04,442.09
16134,2,371.0,618.09,309.05
16135,1,209.0,517.55,517.55
16136,3,440.0,709.38,236.46
16139,3,330.0,635.41,211.8
16140,2,730.0,725.18,362.59
16141,1,238.0,620.4,620.4
16142,1,422.0,535.34,535.34
16143,6,919.0,2424.94,404.16
16144,1,16.0,175.2,175.2
16145,11,3123.0,3799.49,345.41
16146,3,427.0,734.13,244.71
16147,1,246.0,375.0,375.0
16148,1,72.0,76.32,76.32
16149,2,308.0,280.52,140.26
16150,5,1047.0,2053.02,410.6
16152,1,642.0,1829.04,1829.04
16153,5,1073.0,1824.23,364.85
16156,9,1273.0,3092.04,343.56
16157,3,347.0,656.69,218.9
16159,1,236.0,348.2,348.2
16160,2,1162.0,1025.44,512.72
16161,19,2583.0,5533.67,291.25
16162,1,4.0,37.4,37.4
16163,2,192.0,856.6,428.3
16164,3,433.0,822.48,274.16
16168,27,1892.0,3787.6,140.28
16169,4,1325.0,1822.97,455.74
16170,6,1770.0,1885.05,314.18
16171,1,24.0,73.2,73.2
16172,5,787.0,1140.21,228.04
16173,6,575.0,1418.32,236.39
16174,3,651.0,1009.55,336.52
16175,4,533.0,1037.59,259.4
16177,1,95.0,331.95,331.95
16178,1,94.0,197.9,197.9
16179,1,99.0,215.83,215.83
16180,8,5867.0,10254.18,1281.77
16181,1,152.0,305.54,305.54
16182,4,3791.0,6617.65,1654.41
16183,1,113.0,338.71,338.71
16184,6,561.0,1158.79,193.13
16185,2,260.0,529.41,264.71
16186,12,3020.0,4006.94,333.91
16187,15,5048.0,6911.44,460.76
16188,4,782.0,981.86,245.47
16189,2,134.0,215.48,107.74
16190,1,88.0,215.08,215.08
16191,13,3351.0,5180.52,398.5
16193,1,219.0,314.45,314.45
16198,1,128.0,400.68,400.68
16200,2,516.0,1068.87,534.44
16201,4,1286.0,1863.47,465.87
16202,1,191.0,365.27,365.27
16203,4,262.0,592.9,148.23
16204,1,218.0,384.18,384.18
16205,4,516.0,757.63,189.41
16206,4,272.0,537.06,134.27
16207,1,140.0,394.38,394.38
16208,2,333.0,664.26,332.13
16209,5,1179.0,2262.62,452.52
16210,18,7559.0,21086.3,1171.46
16211,1,154.0,547.02,547.02
16212,2,244.0,690.34,345.17
16213,1,48.0,159.0,159.0
16214,3,420.0,1062.75,354.25
16215,1,104.0,242.35,242.35
16216,1,254.0,914.93,914.93
16217,2,91.0,304.25,152.13
16218,7,2088.0,3084.68,440.67
16221,3,714.0,860.86,286.95
16222,1,325.0,773.55,773.55
16224,4,1116.0,1295.3,323.83
16225,5,493.0,1096.32,219.26
16226,3,192.0,255.12,85.04
16227,1,90.0,314.22,314.22
16229,2,318.0,1010.6,505.3
16230,2,365.0,542.03,271.02
16232,4,550.0,990.88,247.72
16233,3,174.0,536.68,178.89
16235,5,330.0,867.31,173.46
16236,1,184.0,432.2,432.2
16239,2,228.0,414.2,207.1
16240,2,1641.0,3718.8,1859.4
16241,13,1443.0,2590.31,199.25
16242,7,1969.0,3579.86,511.41
16243,2,110.0,409.1,204.55
16244,2,855.0,1522.75,761.38
16245,3,1014.0,1413.66,471.22
16247,1,182.0,114.56,114.56
16248,1,78.0,152.94,152.94
16249,5,950.0,1800.07,360.01
16250,2,208.0,389.44,194.72
16253,2,3233.0,3683.86,1841.93
16255,8,1767.0,2619.91,327.49
16256,1,581.0,752.43,752.43
16257,1,2.0,46.95,46.95
16258,5,2994.0,5203.51,1040.7
16260,1,311.0,1035.45,1035.45
16261,4,301.0,728.54,182.14
16265,9,2646.0,5447.0,605.22
16266,7,398.0,861.89,123.13
16268,2,533.0,667.65,333.83
16270,1,688.0,1141.24,1141.24
16271,5,1024.0,1404.64,280.93
16272,1,224.0,411.7,411.7
16274,1,153.0,351.75,351.75
16275,1,336.0,559.87,559.87
16276,1,420.0,810.6,810.6
16278,1,114.0,566.38,566.38
16279,3,1046.0,1502.78,500.93
16281,1,934.0,2062.06,2062.06
16282,1,114.0,168.3,168.3
16283,5,1236.0,1570.81,314.16
16284,2,535.0,812.68,406.34
16287,1,298.0,142.5,142.5
16292,1,191.0,302.25,302.25
16293,10,982.0,2248.99,224.9
16295,4,841.0,1328.55,332.14
16297,1,206.0,301.9,301.9
16298,3,198.0,598.2,199.4
16302,1,158.0,233.22,233.22
16303,3,2659.0,5360.63,1786.88
16305,1,256.0,361.22,361.22
16306,6,487.0,632.27,105.38
16308,4,8000.0,2560.0,640.0
16309,2,467.0,706.57,353.29
16311,2,394.0,616.26,308.13
16313,2,165.0,274.15,137.08
16315,1,75.0,226.37,226.37
16316,8,1484.0,2938.91,367.36
16317,3,890.0,1341.65,447.22
16318,1,199.0,328.15,328.15
16319,1,72.0,404.4,404.4
16320,2,732.0,1038.46,519.23
16321,5,135.0,373.65,74.73
16322,2,231.0,326.75,163.38
16323,1,50.0,207.5,207.5
16324,3,270.0,408.59,136.2
16325,3,194.0,594.24,198.08
16326,14,682.0,3039.22,217.09
16327,6,2560.0,3820.27,636.71
16330,3,147.0,251.91,83.97
16332,7,797.0,1582.8,226.11
16333,22,32184.0,26626.8,1210.31
16337,1,87.0,151.05,151.05
16338,1,94.0,214.8,214.8
16339,1,21.0,94.05,94.05
16340,1,486.0,534.31,534.31
16341,4,1398.0,1971.87,492.97
16342,4,157.0,322.41,80.6
16343,2,175.0,328.58,164.29
16344,1,18.0,101.1,101.1
16345,1,288.0,565.46,565.46
16347,2,341.0,847.45,423.73
16348,7,805.0,1415.65,202.24
16349,1,9.0,53.5,53.5
16350,4,545.0,1116.47,279.12
16351,1,90.0,153.9,153.9
16352,2,300.0,494.44,247.22
16353,23,2006.0,6675.71,290.25
16354,2,150.0,395.8,197.9
16356,3,93.0,211.77,70.59
16357,3,246.0,658.88,219.63
16358,4,1302.0,2027.5,506.88
16359,9,1183.0,1750.92,194.55
16360,6,2110.0,3450.41,575.07
16361,4,418.0,891.21,222.8
16362,5,340.0,709.99,142.0
16363,1,52.0,109.36,109.36
16364,2,279.0,705.79,352.9
16365,9,504.0,1540.42,171.16
16366,1,256.0,327.3,327.3
16367,2,643.0,800.67,400.34
16368,2,251.0,479.91,239.96
16369,3,1030.0,1545.41,515.14
16370,4,640.0,1301.91,325.48
16372,2,158.0,355.73,177.87
16374,2,237.0,466.73,233.37
16376,2,691.0,974.96,487.48
16377,1,1500.0,676.2,676.2
16378,3,267.0,362.95,120.98
16379,4,1410.0,2157.4,539.35
16380,1,1428.0,1743.15,1743.15
16383,2,467.0,643.76,321.88
16384,2,260.0,584.5,292.25
16385,3,258.0,554.86,184.95
16386,2,205.0,302.57,151.29
16387,1,44.0,94.36,94.36
16389,4,1242.0,1382.07,345.52
16392,1,201.0,217.89,217.89
16393,13,1573.0,3040.96,233.92
16394,5,2604.0,1555.34,311.07
16395,5,1472.0,1482.06,296.41
16398,2,758.0,1705.8,852.9
16399,2,263.0,408.02,204.01
16400,1,172.0,303.93,303.93
16401,12,3882.0,4098.32,341.53
16402,2,146.0,293.45,146.73
16403,1,114.0,177.5,177.5
16404,1,157.0,443.05,443.05
16405,2,187.0,167.25,83.63
16406,1,116.0,154.35,154.35
16407,10,1093.0,2079.68,207.97
16409,5,1304.0,2022.98,404.6
16411,2,131.0,211.7,105.85
16412,1,63.0,135.99,135.99
16413,1,148.0,262.2,262.2
16414,2,27.0,126.25,63.13
16415,1,178.0,200.27,200.27
16416,3,672.0,1051.4,350.47
16418,3,280.0,631.12,210.37
16419,6,428.0,958.71,159.79
16422,51,33704.0,34684.4,680.09
16423,1,230.0,346.12,346.12
16424,1,88.0,133.56,133.56
16425,1,199.0,302.7,302.7
16426,10,1215.0,1863.76,186.38
16427,2,156.0,241.06,120.53
16429,1,9.0,284.55,284.55
16430,1,103.0,300.85,300.85
16431,3,442.0,623.28,207.76
16432,1,276.0,287.4,287.4
16433,1,106.0,184.26,184.26
16434,7,760.0,1511.8,215.97
16438,5,463.0,798.35,159.67
16440,5,2018.0,3640.67,728.13
16441,2,173.0,381.2,190.6
16442,3,443.0,609.3,203.1
16444,4,407.0,654.67,163.67
16445,1,111.0,230.51,230.51
16446,2,80997.0,168472.5,84236.25
16447,1,221.0,255.91,255.91
16448,1,76.0,182.99,182.99
16449,2,367.0,707.69,353.85
16450,1,200.0,311.92,311.92
16451,1,120.0,266.97,266.97
16454,2,3.0,6.9,3.45
16455,7,988.0,1841.18,263.03
16456,5,1147.0,2158.18,431.64
16457,1,140.0,208.36,208.36
16458,18,2154.0,3482.74,193.49
16460,3,876.0,811.23,270.41
16461,1,48.0,142.92,142.92
16462,3,16.0,136.0,45.33
16463,4,1163.0,1422.4,355.6
16464,3,952.0,1298.66,432.89
16466,7,785.0,1595.96,227.99
16468,1,31.0,74.9,74.9
16469,4,260.0,625.42,156.36
16470,4,522.0,752.77,188.19
16471,1,141.0,223.95,223.95
16473,3,196.0,316.11,105.37
16474,7,909.0,1810.65,258.66
16475,4,319.0,544.3,136.08
16477,7,1415.0,2494.46,356.35
16478,3,224.0,331.0,110.33
16479,2,102.0,300.83,150.42
16480,1,455.0,769.29,769.29
16482,1,346.0,220.62,220.62
16483,1,44.0,139.35,139.35
16484,2,200.0,404.3,202.15
16485,1,235.0,363.65,363.65
16488,3,728.0,498.8,166.27
16491,1,478.0,731.5,731.5
16493,4,1164.0,1351.63,337.91
16494,1,675.0,826.53,826.53
16495,3,328.0,648.26,216.09
16496,3,1111.0,1599.52,533.17
16497,6,1396.0,2965.69,494.28
16498,2,45.0,100.97,50.49
16499,2,127.0,365.45,182.73
16500,6,123.0,400.86,66.81
16503,4,569.0,1431.93,357.98
16504,1,510.0,465.88,465.88
16505,1,576.0,777.6,777.6
16506,2,42.0,90.3,45.15
16509,1,64.0,363.7,363.7
16510,1,92.0,248.1,248.1
16511,3,405.0,918.33,306.11
16513,4,407.0,874.59,218.65
16515,5,826.0,1624.14,324.83
16516,1,58.0,101.7,101.7
16517,1,96.0,162.7,162.7
16518,2,327.0,484.32,242.16
16519,2,54.0,215.08,107.54
16520,3,558.0,1046.57,348.86
16523,21,4265.0,9418.47,448.5
16525,26,7397.0,13027.45,501.06
16526,1,106.0,290.36,290.36
16527,1,106.0,228.06,228.06
16528,1,171.0,244.41,244.41
16529,1,198.0,455.25,455.25
16531,7,915.0,1244.59,177.8
16532,3,2016.0,6748.8,2249.6
16533,3,611.0,1082.81,360.94
16535,1,356.0,593.75,593.75
16536,1,250.0,548.12,548.12
16539,4,477.0,1388.81,347.2
16542,1,46.0,119.62,119.62
16545,1,78.0,339.3,339.3
16546,2,549.0,787.15,393.58
16549,10,2294.0,4034.9,403.49
16550,5,1540.0,2298.97,459.79
16551,3,970.0,922.12,307.37
16552,2,219.0,379.73,189.87
16553,12,4600.0,5719.82,476.65
16554,3,402.0,837.1,279.03
16555,2,175.0,285.89,142.95
16556,7,1890.0,3313.79,473.4
16557,2,111.0,281.85,140.93
16558,20,5377.0,8338.49,416.92
16560,2,500.0,841.41,420.71
16561,2,244.0,511.12,255.56
16563,1,486.0,1077.74,1077.74
16565,1,46.0,173.7,173.7
16566,5,362.0,614.66,122.93
16567,2,996.0,865.6,432.8
16569,1,93.0,124.2,124.2
16570,10,2112.0,3738.4,373.84
16571,3,1239.0,1421.69,473.9
16572,3,532.0,1009.6,336.53
16573,2,360.0,663.61,331.81
16574,1,416.0,451.44,451.44
16581,1,134.0,105.84,105.84
16582,1,164.0,313.62,313.62
16583,1,111.0,233.45,233.45
16584,2,646.0,936.08,468.04
16586,1,95.0,463.95,463.95
16587,1,71.0,225.15,225.15
16589,3,368.0,459.24,153.08
16591,1,41.0,213.5,213.5
16592,16,2927.0,4113.68,257.11
16593,3,116.0,330.03,110.01
16594,1,64.0,181.09,181.09
16595,1,335.0,360.16,360.16
16596,2,97.0,250.15,125.08
16597,1,184.0,90.04,90.04
16598,1,73.0,145.05,145.05
16600,6,1145.0,813.52,135.59
16601,1,133.0,242.7,242.7
16602,1,336.0,528.08,528.08
16603,2,480.0,482.47,241.24
16607,14,2859.0,3347.71,239.12
16609,7,2420.0,5493.46,784.78
16610,1,66.0,75.66,75.66
16611,1,47.0,129.49,129.49
16612,4,506.0,1187.66,296.92
16613,1,293.0,618.59,618.59
16614,1,223.0,506.19,506.19
16616,2,370.0,500.42,250.21
16617,1,91.0,151.85,151.85
16618,5,1363.0,2647.59,529.52
16619,1,133.0,226.21,226.21
16620,2,88.0,178.96,89.48
16621,4,302.0,813.48,203.37
16623,1,39.0,129.45,129.45
16624,2,488.0,810.57,405.29
16625,1,164.0,333.08,333.08
16626,17,2690.0,4413.1,259.59
16627,1,162.0,322.8,322.8
16628,5,1205.0,2188.05,437.61
16629,2,489.0,408.63,204.32
16633,6,1138.0,2883.1,480.52
16634,2,82.0,217.9,108.95
16637,4,927.0,1154.47,288.62
16638,10,1255.0,1680.72,168.07
16639,3,510.0,1257.51,419.17
16641,1,256.0,231.1,231.1
16642,2,479.0,688.33,344.17
16643,1,269.0,487.51,487.51
16644,2,826.0,833.78,416.89
16647,2,146.0,214.06,107.03
16648,1,281.0,290.66,290.66
16650,1,372.0,518.42,518.42
16652,7,3283.0,6773.97,967.71
16653,2,733.0,1212.66,606.33
16654,4,282.0,601.27,150.32
16655,6,2363.0,3789.52,631.59
16656,15,8894.0,8625.8,575.05
16657,4,1130.0,874.43,218.61
16658,1,40.0,123.24,123.24
16659,1,72.0,39.12,39.12
16660,4,571.0,1267.65,316.91
16665,1,59.0,135.4,135.4
16666,1,233.0,118.98,118.98
16667,2,236.0,567.18,283.59
16668,6,318.0,306.72,51.12
16669,3,881.0,1348.88,449.63
16670,11,2556.0,4095.9,372.35
16671,3,875.0,1692.27,564.09
16672,20,2832.0,8134.94,406.75
16674,2,181.0,304.24,152.12
16676,4,636.0,1592.12,398.03
16678,12,2397.0,3109.99,259.17
16679,1,29.0,129.75,129.75
16680,1,94.0,183.7,183.7
16681,6,1407.0,1770.34,295.06
16682,5,1040.0,1028.0,205.6
16684,28,50255.0,66653.56,2380.48
16685,2,396.0,324.24,162.12
16686,7,1977.0,2959.88,422.84
16688,4,804.0,1260.86,315.22
16689,2,330.0,422.6,211.3
16690,2,138.0,225.58,112.79
16692,2,152.0,1276.0,638.0
16693,2,203.0,477.86,238.93
16696,4,146.0,657.9,164.48
16697,1,27.0,112.75,112.75
16698,2,840.0,1998.0,999.0
16700,13,4024.0,5076.55,390.5
16701,13,6393.0,5398.3,415.25
16705,20,5476.0,14034.99,701.75
16706,3,249.0,531.35,177.12
16708,1,285.0,656.63,656.63
16709,5,851.0,3029.87,605.97
16710,10,1823.0,2467.99,246.8
16711,5,833.0,1651.03,330.21
16712,11,1730.0,3611.31,328.3
16713,15,4271.0,6910.78,460.72
16714,3,589.0,1129.06,376.35
16715,1,642.0,301.72,301.72
16716,2,120.0,901.2,450.6
16717,6,1860.0,3843.08,640.51
16718,1,407.0,606.05,606.05
16719,7,1175.0,1770.22,252.89
16720,1,180.0,152.95,152.95
16721,1,172.0,292.47,292.47
16722,13,5001.0,4730.81,363.91
16723,2,398.0,576.4,288.2
16725,7,288.0,758.27,108.32
16726,5,945.0,1358.74,271.75
16727,1,167.0,256.32,256.32
16728,4,671.0,1048.28,262.07
16729,21,5722.0,7205.33,343.11
16730,3,994.0,743.11,247.7
16732,1,317.0,603.75,603.75
16734,3,345.0,646.76,215.59
16735,5,1532.0,2247.41,449.48
16737,1,288.0,417.6,417.6
16738,1,3.0,3.75,3.75
16739,1,172.0,323.0,323.0
16742,1,1.0,464.9,464.9
16743,7,2035.0,2213.13,316.16
16744,7,798.0,1291.91,184.56
16745,17,6719.0,7180.7,422.39
16746,18,4660.0,6680.11,371.12
16747,2,583.0,836.06,418.03
16748,5,880.0,1515.9,303.18
16750,5,214.0,623.93,124.79
16751,1,1031.0,1764.72,1764.72
16752,1,54.0,207.5,207.5
16753,1,189.0,223.92,223.92
16754,1,4280.0,2002.4,2002.4
16755,3,1058.0,1475.43,491.81
16756,1,106.0,239.4,239.4
16757,1,81.0,106.83,106.83
16758,1,203.0,369.34,369.34
16759,3,609.0,789.79,263.26
16761,1,341.0,316.62,316.62
16762,3,480.0,1207.24,402.41
16763,1,319.0,611.85,611.85
16764,13,1253.0,2790.95,214.69
16765,1,4.0,34.0,34.0
16766,2,536.0,1145.6,572.8
16767,11,4423.0,5575.56,506.87
16768,3,196.0,478.09,159.36
16769,1,80.0,361.54,361.54
16770,5,456.0,757.1,151.42
16771,5,1487.0,2242.61,448.52
16773,1,171.0,171.59,171.59
16774,4,322.0,661.52,165.38
16775,11,439.0,1691.51,153.77
16776,1,254.0,371.54,371.54
16777,2,62.0,222.62,111.31
16778,2,194.0,245.94,122.97
16779,22,5301.0,10611.72,482.35
16780,2,270.0,422.24,211.12
16781,1,113.0,311.25,311.25
16782,13,705.0,2267.95,174.46
16784,1,24.0,107.6,107.6
16788,2,304.0,594.39,297.2
16789,1,32.0,80.8,80.8
16790,6,898.0,1545.62,257.6
16791,7,757.0,1705.78,243.68
16792,2,44.0,110.38,55.19
16793,1,146.0,243.84,243.84
16794,10,923.0,1196.5,119.65
16795,1,239.0,414.88,414.88
16796,1,186.0,305.62,305.62
16800,1,524.0,1162.65,1162.65
16801,4,493.0,1594.23,398.56
16803,1,245.0,332.3,332.3
16804,3,246.0,536.99,179.0
16805,2,539.0,460.59,230.3
16806,4,356.0,762.16,190.54
16807,3,778.0,1121.59,373.86
16808,2,196.0,288.42,144.21
16809,5,652.0,914.69,182.94
16810,1,114.0,309.54,309.54
16811,2,477.0,547.07,273.54
16812,1,81.0,479.35,479.35
16813,10,1501.0,1652.18,165.22
16814,21,2697.0,6416.7,305.56
16816,4,274.0,417.06,104.27
16817,9,822.0,1604.75,178.31
16818,11,2164.0,3349.57,304.51
16820,1,307.0,497.61,497.61
16823,1,136.0,358.38,358.38
16824,2,236.0,460.64,230.32
16825,2,566.0,775.18,387.59
16826,1,158.0,341.7,341.7
16828,2,59.0,128.5,64.25
16829,1,99.0,197.22,197.22
16830,1,264.0,325.91,325.91
16832,3,33.0,199.15,66.38
16833,4,440.0,1106.53,276.63
16834,1,358.0,413.46,413.46
16835,2,61.0,180.85,90.43
16836,2,165.0,251.87,125.94
16837,11,1563.0,3170.98,288.27
16838,2,185.0,588.85,294.43
16839,34,8975.0,16594.35,488.07
16841,6,2250.0,1869.82,311.64
16842,3,693.0,1264.19,421.4
16843,16,10159.0,10196.57,637.29
16846,1,135.0,214.32,214.32
16847,1,78.0,193.44,193.44
16848,1,182.0,281.42,281.42
16849,1,33.0,124.57,124.57
16850,1,249.0,332.41,332.41
16851,3,271.0,342.45,114.15
16852,2,56.0,144.91,72.46
16855,2,164.0,328.4,164.2
16856,1,12.0,35.4,35.4
16858,1,91.0,375.69,375.69
16859,2,827.0,747.81,373.91
16861,2,140.0,173.76,86.88
16863,2,409.0,502.8,251.4
16866,3,60.0,207.74,69.25
16869,4,583.0,817.12,204.28
16871,6,1253.0,2812.34,468.72
16872,3,600.0,680.02,226.67
16873,6,3840.0,7123.62,1187.27
16875,5,1069.0,2095.53,419.11
16877,6,458.0,846.62,141.1
16878,1,12.0,13.3,13.3
16880,7,746.0,1491.43,213.06
16881,1,600.0,432.0,432.0
16882,3,424.0,705.12,235.04
16883,2,103.0,272.48,136.24
16884,2,320.0,429.84,214.92
16885,3,178.0,450.41,150.14
16887,1,156.0,192.33,192.33
16889,3,925.0,1578.67,526.22
16891,5,265.0,742.43,148.49
16892,5,236.0,518.19,103.64
16893,1,62.0,145.93,145.93
16895,1,91.0,202.27,202.27
16897,2,73.0,289.78,144.89
16898,3,412.0,501.03,167.01
16899,6,520.0,1271.06,211.84
16900,3,833.0,887.11,295.7
16902,1,629.0,1706.88,1706.88
16903,1,247.0,363.2,363.2
16904,16,1984.0,3653.75,228.36
16905,7,1381.0,3037.6,433.94
16906,4,263.0,559.59,139.9
16907,5,286.0,928.76,185.75
16909,1,436.0,379.14,379.14
16910,8,884.0,1508.96,188.62
16912,11,1025.0,2555.58,232.33
16913,1,82.0,113.44,113.44
16914,1,112.0,183.76,183.76
16915,6,132.0,621.68,103.61
16916,2,431.0,562.41,281.21
16917,1,232.0,391.52,391.52
16918,6,721.0,1068.82,178.14
16919,11,1403.0,2592.25,235.66
16921,1,154.0,154.18,154.18
16923,19,3344.0,7069.08,372.06
16924,3,467.0,829.89,276.63
16926,1,35.0,230.25,230.25
16927,3,993.0,543.05,181.02
16928,17,2092.0,2814.7,165.57
16929,7,929.0,1295.39,185.06
16930,3,339.0,378.89,126.3
16931,21,3134.0,4554.87,216.9
16932,1,82.0,150.23,150.23
16933,2,288.0,563.23,281.62
16934,2,397.0,931.03,465.52
16936,1,171.0,261.9,261.9
16938,4,2533.0,2711.68,677.92
16940,3,2169.0,3049.88,1016.63
16942,9,805.0,1904.99,211.67
16943,3,145.0,816.73,272.24
16945,19,2725.0,4345.5,228.71
16947,1,312.0,406.48,406.48
16948,3,1614.0,435.02,145.01
16949,6,791.0,1286.27,214.38
16950,3,644.0,1178.56,392.85
16951,3,1318.0,1277.75,425.92
16952,2,92.0,167.61,83.81
16953,1,10.0,20.8,20.8
16954,9,1054.0,2085.08,231.68
16955,4,266.0,518.67,129.67
16956,1,114.0,308.74,308.74
16957,2,172.0,416.64,208.32
16959,1,49.0,117.35,117.35
16960,3,304.0,507.05,169.02
16961,1,125.0,234.17,234.17
16963,1,35.0,110.55,110.55
16965,1,291.0,201.19,201.19
16966,7,1981.0,2154.97,307.85
16967,1,333.0,319.02,319.02
16968,2,326.0,439.43,219.72
16969,3,816.0,650.41,216.8
16971,1,72.0,357.21,357.21
16976,1,88.0,251.52,251.52
16978,1,166.0,344.33,344.33
16979,6,865.0,1852.0,308.67
16980,2,739.0,1028.46,514.23
16982,1,182.0,384.06,384.06
16983,7,1335.0,1905.87,272.27
16984,2,2380.0,4459.52,2229.76
16985,10,1832.0,5464.12,546.41
16986,2,1040.0,1873.2,936.6
16987,7,401.0,1616.8,230.97
16988,1,43.0,126.12,126.12
16989,6,1233.0,1133.25,188.88
16990,1,100.0,179.0,179.0
16992,5,860.0,1614.31,322.86
16996,6,544.0,1456.96,242.83
16997,3,360.0,702.0,234.0
16998,4,76.0,295.0,73.75
16999,2,294.0,484.82,242.41
17001,11,2164.0,3989.57,362.69
17002,3,679.0,1493.73,497.91
17004,2,771.0,1312.14,656.07
17006,4,272.0,781.78,195.45
17007,6,597.0,889.93,148.32
17010,1,118.0,195.36,195.36
17011,1,186.0,270.9,270.9
17014,3,243.0,583.43,194.48
17015,3,1978.0,1838.61,612.87
17017,20,6673.0,8694.26,434.71
17018,2,176.0,920.1,460.05
17019,4,820.0,1258.08,314.52
17022,1,108.0,71.0,71.0
17024,3,69.0,95.85,31.95
17025,3,235.0,357.77,119.26
17026,2,97.0,154.83,77.42
17027,6,416.0,877.56,146.26
17029,2,400.0,716.0,358.0
17030,1,146.0,146.87,146.87
17031,2,235.0,380.35,190.18
17033,3,750.0,1030.14,343.38
17034,3,410.0,745.52,248.51
17035,2,229.0,433.53,216.77
17037,1,656.0,1267.32,1267.32
17038,1,28.0,112.4,112.4
17040,1,181.0,449.73,449.73
17041,3,927.0,1071.49,357.16
17042,5,990.0,1036.58,207.32
17043,4,998.0,1735.18,433.8
17044,1,504.0,948.48,948.48
17045,3,106.0,339.44,113.15
17046,1,510.0,642.02,642.02
17047,3,533.0,1100.9,366.97
17048,3,485.0,925.35,308.45
17049,9,2673.0,5655.03,628.34
17050,6,1595.0,3185.64,530.94
17051,1,179.0,240.89,240.89
17052,1,251.0,399.09,399.09
17053,1,122.0,498.48,498.48
17054,5,804.0,1356.33,271.27
17058,3,592.0,1179.89,393.3
17059,5,1850.0,3080.39,616.08
17060,1,216.0,234.24,234.24
17061,11,1526.0,5232.23,475.66
17062,4,418.0,533.33,133.33
17063,7,770.0,1461.14,208.73
17064,3,316.0,855.45,285.15
17068,21,2164.0,4552.14,216.77
17069,9,1506.0,2709.7,301.08
17070,1,131.0,304.24,304.24
17071,9,1197.0,2429.03,269.89
17073,4,759.0,1446.09,361.52
17075,4,292.0,834.12,208.53
17076,3,295.0,841.08,280.36
17078,2,788.0,378.2,189.1
17079,1,24.0,118.8,118.8
17080,2,166.0,287.62,143.81
17081,2,77.0,288.91,144.46
17082,2,1049.0,2003.85,1001.93
17083,3,772.0,1405.78,468.59
17084,2,1702.0,2747.99,1374.0
17085,5,785.0,1562.4,312.48
17086,6,1859.0,2050.08,341.68
17088,4,868.0,1991.01,497.75
17090,7,903.0,1974.65,282.09
17091,9,1746.0,3827.76,425.31
17092,4,1130.0,1774.03,443.51
17094,1,152.0,302.0,302.0
17095,3,618.0,1324.16,441.39
17096,4,339.0,1022.13,255.53
17097,8,459.0,954.42,119.3
17100,2,800.0,971.74,485.87
17101,4,815.0,1621.73,405.43
17102,1,2.0,25.5,25.5
17105,2,693.0,665.78,332.89
17107,6,4826.0,10797.48,1799.58
17109,6,588.0,881.29,146.88
17110,1,50.0,163.3,163.3
17111,1,282.0,231.61,231.61
17114,8,215.0,801.12,100.14
17115,3,372.0,837.5,279.17
17117,1,68.0,116.2,116.2
17118,1,154.0,157.02,157.02
17119,2,334.0,606.91,303.46
17120,1,120.0,307.46,307.46
17122,1,80.0,138.32,138.32
17123,1,246.0,345.3,345.3
17124,1,129.0,294.24,294.24
17125,1,281.0,230.5,230.5
17126,5,780.0,989.45,197.89
17128,1,76.0,157.09,157.09
17131,5,983.0,2463.17,492.63
17133,7,2730.0,4892.24,698.89
17134,2,98.0,413.2,206.6
17135,7,1224.0,1139.73,162.82
17138,1,126.0,380.5,380.5
17139,12,5176.0,10650.77,887.56
17140,1,296.0,454.12,454.12
17142,1,81.0,579.0,579.0
17144,2,483.0,984.57,492.29
17146,3,212.0,749.78,249.93
17147,4,882.0,1714.59,428.65
17148,1,82.0,124.88,124.88
17152,3,517.0,1689.5,563.17
17153,1,104.0,213.78,213.78
17154,1,490.0,329.34,329.34
17155,2,242.0,251.7,125.85
17157,2,172.0,319.0,159.5
17158,3,778.0,1266.97,422.32
17159,3,1111.0,1538.88,512.96
17160,6,2856.0,3518.03,586.34
17162,10,1001.0,1715.46,171.55
17163,2,66.0,293.1,146.55
17164,7,1501.0,2467.35,352.48
17165,1,100.0,158.68,158.68
17166,2,78.0,206.34,103.17
17169,2,526.0,835.78,417.89
17171,1,185.0,224.91,224.91
17172,1,480.0,317.76,317.76
17173,8,1122.0,3766.6,470.83
17174,1,41.0,59.9,59.9
17175,4,866.0,1443.69,360.92
17176,1,170.0,306.13,306.13
17179,3,290.0,711.79,237.26
17180,4,670.0,783.97,195.99
17181,2,241.0,239.92,119.96
17183,6,1296.0,3347.31,557.89
17186,2,200.0,144.0,72.0
17187,1,144.0,203.95,203.95
17188,7,1328.0,2474.23,353.46
17189,2,226.0,383.75,191.88
17190,2,161.0,444.74,222.37
17191,7,1166.0,2093.68,299.1
17193,7,1254.0,1699.3,242.76
17194,2,119.0,262.62,131.31
17197,1,191.0,1013.01,1013.01
17198,3,357.0,692.22,230.74
17201,1,231.0,289.78,289.78
17203,6,2846.0,3560.08,593.35
17204,4,646.0,1564.56,391.14
17205,1,884.0,384.08,384.08
17206,1,76.0,204.24,204.24
17211,8,1323.0,2317.22,289.65
17212,1,147.0,226.85,226.85
17213,7,1176.0,2781.23,397.32
17214,6,272.0,1059.12,176.52
17217,1,24.0,113.5,113.5
17218,10,955.0,1951.97,195.2
17219,1,89.0,114.23,114.23
17220,14,1897.0,3187.55,227.68
17221,2,287.0,334.48,167.24
17222,1,122.0,328.65,328.65
17223,2,110.0,416.89,208.45
17226,1,406.0,393.49,393.49
17227,6,741.0,939.32,156.55
17228,8,1532.0,1906.09,238.26
17229,2,185.0,318.76,159.38
17230,8,1651.0,3638.41,454.8
17231,10,1724.0,3124.72,312.47
17232,2,202.0,417.77,208.89
17233,1,131.0,190.88,190.88
17234,1,55.0,149.89,149.89
17235,2,224.0,550.06,275.03
17236,6,474.0,916.13,152.69
17237,2,105.0,314.69,157.35
17238,17,1807.0,3719.1,218.77
17239,1,150.0,382.5,382.5
17242,2,611.0,1135.04,567.52
17243,26,3320.0,8540.05,328.46
17244,1,616.0,954.9,954.9
17245,1,75.0,171.45,171.45
17247,1,105.0,280.09,280.09
17248,1,213.0,318.65,318.65
17250,2,167.0,381.97,190.99
17251,1,108.0,269.83,269.83
17252,2,192.0,348.91,174.46
17253,1,43.0,178.26,178.26
17254,2,251.0,271.19,135.6
17255,2,227.0,291.48,145.74
17256,2,141.0,240.0,120.0
17259,2,388.0,581.23,290.62
17262,5,367.0,1253.36,250.67
17263,1,36.0,63.44,63.44
17265,2,389.0,550.01,275.01
17266,3,153.0,296.58,98.86
17267,2,158.0,317.2,158.6
17268,4,844.0,763.64,190.91
17272,4,1778.0,2148.63,537.16
17274,1,77.0,107.82,107.82
17277,2,430.0,1065.35,532.68
17278,1,179.0,246.04,246.04
17279,1,48.0,187.83,187.83
17282,3,1866.0,1685.46,561.82
17284,6,1362.0,1647.48,274.58
17286,1,117.0,151.37,151.37
17287,7,556.0,1049.06,149.87
17288,7,1201.0,1417.63,202.52
17289,3,513.0,931.02,310.34
17290,2,397.0,513.01,256.51
17291,1,72.0,550.8,550.8
17293,9,1135.0,1854.06,206.01
17295,3,293.0,547.0,182.33
17297,1,65.0,128.18,128.18
17298,2,387.0,498.42,249.21
17299,4,668.0,656.61,164.15
17301,1,137.0,163.24,163.24
17302,5,575.0,1135.63,227.13
17303,1,144.0,250.04,250.04
17306,19,11491.0,8631.31,454.28
17309,1,41.0,82.75,82.75
17311,2,1005.0,1384.85,692.43
17312,3,372.0,644.3,214.77
17313,1,1402.0,2328.84,2328.84
17314,8,1896.0,2527.92,315.99
17315,38,3863.0,6281.23,165.3
17317,3,1146.0,2600.34,866.78
17320,3,634.0,1200.62,400.21
17321,2,364.0,657.16,328.58
17323,7,760.0,906.52,129.5
17324,4,843.0,986.48,246.62
17325,1,60.0,96.8,96.8
17329,2,142.0,523.11,261.56
17330,2,120.0,363.9,181.95
17331,1,16.0,175.2,175.2
17333,1,375.0,494.25,494.25
17334,2,315.0,307.02,153.51
17337,4,1247.0,1981.06,495.27
17338,8,3059.0,6493.54,811.69
17339,2,152.0,243.36,121.68
17340,11,5967.0,12353.29,1123.03
17341,3,443.0,682.29,227.43
17343,1,56.0,193.64,193.64
17344,1,65.0,157.62,157.62
17345,4,341.0,519.69,129.92
17346,15,1617.0,2622.88,174.86
17347,1,216.0,228.96,228.96
17348,5,1398.0,1156.6,231.32
17349,1,102.0,98.25,98.25
17350,4,770.0,1281.32,320.33
17351,3,113.0,587.15,195.72
17353,2,1200.0,1740.0,870.0
17354,1,1006.0,1393.06,1393.06
17356,1,166.0,178.22,178.22
17357,2,152.0,384.39,192.2
17358,2,190.0,360.81,180.41
17359,1,161.0,127.86,127.86
17360,3,328.0,568.24,189.41
17361,3,157.0,488.2,162.73
17362,2,191.0,312.23,156.12
17364,11,2692.0,4462.68,405.7
17365,8,4749.0,4767.36,595.92
17367,1,149.0,167.55,167.55
17368,8,1377.0,1878.87,234.86
17370,4,540.0,446.18,111.55
17371,3,151.0,418.4,139.47
17372,8,747.0,1337.18,167.15
17373,4,408.0,646.92,161.73
17374,2,85.0,495.77,247.89
17375,3,367.0,400.1,133.37
17376,2,86.0,203.2,101.6
17377,20,2038.0,4058.32,202.92
17379,1,623.0,389.72,389.72
17381,29,25649.0,20275.61,699.16
17382,1,25.0,65.4,65.4
17383,1,148.0,193.39,193.39
17384,2,88.0,336.4,168.2
17385,1,197.0,256.11,256.11
17386,6,1902.0,2686.42,447.74
17387,2,522.0,746.81,373.41
17388,4,1068.0,1259.56,314.89
17389,34,7612.0,31833.68,936.28
17391,2,480.0,508.8,254.4
17392,2,277.0,417.27,208.64
17394,1,241.0,203.87,203.87
17396,8,2005.0,7330.8,916.35
17397,2,250.0,681.41,340.71
17398,3,310.0,653.38,217.79
17400,5,1088.0,2097.84,419.57
17402,13,701.0,2633.85,202.6
17403,1,111.0,263.92,263.92
17404,15,32748.0,31906.82,2127.12
17405,3,726.0,1031.41,343.8
17406,3,780.0,2184.42,728.14
17408,1,3.0,32.65,32.65
17409,2,105.0,771.85,385.93
17410,5,616.0,1214.72,242.94
17411,3,306.0,778.94,259.65
17412,7,738.0,1258.06,179.72
17414,2,2100.0,778.0,389.0
17415,1,114.0,507.84,507.84
17416,7,4302.0,6893.42,984.77
17418,2,289.0,463.46,231.73
17419,12,1876.0,4226.57,352.21
17420,3,265.0,598.83,199.61
17422,6,2253.0,1979.37,329.9
17423,2,459.0,698.41,349.21
17425,2,407.0,759.17,379.59
17426,6,3094.0,5037.26,839.54
17427,1,34.0,100.8,100.8
17428,28,9474.0,17256.85,616.32
17429,3,624.0,524.92,174.97
17430,2,190.0,265.76,132.88
17431,1,292.0,403.3,403.3
17432,2,207.0,365.76,182.88
17433,1,185.0,303.16,303.16
17434,7,1693.0,2373.82,339.12
17436,2,90.0,216.3,108.15
17438,1,103.0,388.45,388.45
17440,3,246.0,186.42,62.14
17442,6,1496.0,2248.56,374.76
17443,1,504.0,534.24,534.24
17444,3,2119.0,2940.04,980.01
17446,2,198.0,120.9,60.45
17447,2,443.0,541.53,270.77
17449,7,1121.0,2519.21,359.89
17450,46,69973.0,194390.79,4225.89
17451,7,1203.0,1721.4,245.91
17453,2,219.0,486.72,243.36
17454,4,243.0,517.53,129.38
17455,1,66.0,131.7,131.7
17456,1,222.0,249.86,249.86
17457,5,826.0,1737.7,347.54
17458,1,170.0,316.5,316.5
17459,2,537.0,657.3,328.65
17460,6,236.0,622.43,103.74
17461,3,770.0,735.82,245.27
17462,2,227.0,675.69,337.85
17463,5,1086.0,1875.86,375.17
17464,1,220.0,289.96,289.96
17466,2,306.0,763.28,381.64
17468,2,116.0,137.0,68.5
17469,5,787.0,1870.97,374.19
17470,5,1675.0,1125.07,225.01
17472,3,455.0,697.54,232.51
17475,1,178.0,194.37,194.37
17480,1,338.0,511.82,511.82
17481,4,1061.0,1255.59,313.9
17483,3,191.0,414.04,138.01
17486,1,191.0,396.87,396.87
17489,2,428.0,376.64,188.32
17490,7,1134.0,2092.32,298.9
17491,10,2013.0,3558.87,355.89
17492,1,155.0,374.57,374.57
17495,2,229.0,497.56,248.78
17496,1,79.0,271.05,271.05
17498,1,394.0,272.22,272.22
17499,1,711.0,622.88,622.88
17500,3,17.0,1138.0,379.33
17501,2,160.0,288.6,144.3
17502,4,376.0,689.1,172.28
17503,2,486.0,558.96,279.48
17504,9,1664.0,2997.03,333.0
17505,2,556.0,1145.84,572.92
17506,1,139.0,302.2,302.2
17507,2,359.0,605.58,302.79
17508,1,289.0,387.31,387.31
17509,8,3512.0,6083.64,760.46
17510,1,214.0,308.48,308.48
17511,31,64549.0,91062.38,2937.5
17512,10,2753.0,2924.99,292.5
17513,1,254.0,513.2,513.2
17514,1,135.0,208.65,208.65
17515,4,243.0,639.02,159.76
17516,5,414.0,764.88,152.98
17517,1,102.0,153.94,153.94
17519,6,1236.0,1844.02,307.34
17520,1,365.0,546.81,546.81
17521,3,519.0,723.21,241.07
17522,5,1034.0,1070.71,214.14
17523,4,872.0,652.74,163.19
17524,1,90.0,145.0,145.0
17525,1,82.0,422.7,422.7
17526,4,310.0,1195.9,298.98
17527,4,488.0,939.37,234.84
17528,8,2138.0,3628.5,453.56
17530,10,1514.0,2367.12,236.71
17531,1,136.0,296.7,296.7
17534,1,103.0,223.36,223.36
17535,1,136.0,164.4,164.4
17536,1,6.0,76.5,76.5
17537,2,699.0,887.67,443.84
17538,1,134.0,98.42,98.42
17540,2,194.0,578.9,289.45
17542,1,134.0,170.75,170.75
17545,3,337.0,642.32,214.11
17548,1,58.0,103.3,103.3
17549,2,210.0,148.86,74.43
17550,3,86.0,267.16,89.05
17551,1,142.0,290.34,290.34
17552,4,719.0,930.41,232.6
17553,1,1048.0,1487.6,1487.6
17554,5,1763.0,1952.45,390.49
17555,2,348.0,480.31,240.16
17556,1,101.0,157.9,157.9
17557,3,306.0,541.46,180.49
17560,4,635.0,854.95,213.74
17561,1,144.0,165.12,165.12
17562,7,817.0,1122.38,160.34
17564,3,146.0,454.01,151.34
17566,2,497.0,869.77,434.89
17567,8,2632.0,4331.48,541.44
17569,1,159.0,344.14,344.14
17571,4,876.0,1425.67,356.42
17572,4,95.0,226.75,56.69
17573,3,308.0,380.6,126.87
17574,1,77.0,185.65,185.65
17576,19,1967.0,3564.83,187.62
17578,1,138.0,143.46,143.46
17579,3,258.0,448.9,149.63
17580,3,88.0,215.72,71.91
17581,25,5915.0,11025.24,441.01
17582,1,123.0,175.27,175.27
17584,2,458.0,1242.3,621.15
17585,4,1650.0,1116.68,279.17
17588,3,676.0,1240.2,413.4
17589,4,1631.0,2404.17,601.04
17590,3,822.0,1468.02,489.34
17591,7,1000.0,2203.67,314.81
17593,5,3089.0,3923.86,784.77
17594,2,550.0,993.18,496.59
17595,2,228.0,386.69,193.35
17596,7,4376.0,2806.69,400.96
17597,1,1176.0,2044.37,2044.37
17600,1,144.0,161.67,161.67
17601,1,103.0,116.01,116.01
17602,6,4116.0,5054.42,842.4
17603,1,74.0,394.72,394.72
17604,2,169.0,309.36,154.68
17608,2,229.0,191.99,96.0
17609,5,719.0,1105.78,221.16
17611,15,2550.0,3961.12,264.07
17612,6,1808.0,2048.45,341.41
17613,14,2490.0,4544.55,324.61
17614,1,235.0,386.32,386.32
17615,3,140.0,329.6,109.87
17616,3,224.0,571.2,190.4
17618,3,319.0,930.28,310.09
17619,1,124.0,214.37,214.37
17620,1,60.0,81.44,81.44
17621,3,514.0,1379.9,459.97
17623,1,265.0,527.05,527.05
17624,2,554.0,843.48,421.74
17625,4,1180.0,2020.4,505.1
17628,1,79.0,75.75,75.75
17629,8,1629.0,1814.12,226.77
17630,2,158.0,503.6,251.8
17631,3,334.0,528.33,176.11
17633,4,644.0,1324.84,331.21
17634,9,838.0,2358.59,262.07
17636,1,182.0,285.56,285.56
17637,2,280.0,547.06,273.53
17639,1,49.0,108.5,108.5
17640,1,250.0,621.66,621.66
17642,2,474.0,712.29,356.15
17643,1,71.0,101.55,101.55
17644,11,1793.0,2895.64,263.24
17646,3,323.0,1008.39,336.13
17647,1,30.0,133.06,133.06
17648,4,487.0,1797.5,449.38
17649,1,399.0,868.49,868.49
17650,1,150.0,166.08,166.08
17651,10,3112.0,3945.0,394.5
17652,12,2509.0,4867.72,405.64
17653,4,1409.0,1207.56,301.89
17654,1,41.0,117.55,117.55
17655,7,1116.0,2638.94,376.99
17656,5,1399.0,1674.69,334.94
17658,2,616.0,595.42,297.71
17659,12,1525.0,2999.46,249.96
17660,1,121.0,178.75,178.75
17663,7,797.0,1802.91,257.56
17664,2,604.0,604.64,302.32
17666,2,596.0,728.16,364.08
17667,5,1033.0,2055.51,411.1
17668,2,93.0,347.75,173.88
17669,7,1916.0,3406.72,486.67
17670,1,110.0,205.7,205.7
17671,4,772.0,1572.71,393.18
17672,2,1690.0,3178.17,1589.09
17673,6,1462.0,1594.97,265.83
17674,2,672.0,551.04,275.52
17675,31,8360.0,20374.28,657.23
17676,6,922.0,1371.18,228.53
17677,30,9772.0,16345.38,544.85
17678,1,207.0,298.11,298.11
17679,2,729.0,1992.11,996.06
17680,1,96.0,184.4,184.4
17682,6,1367.0,2474.33,412.39
17684,1,145.0,239.41,239.41
17685,7,1907.0,3155.83,450.83
17686,7,2478.0,5739.46,819.92
17690,15,1769.0,4726.8,315.12
17691,2,134.0,290.4,145.2
17692,4,672.0,740.94,185.24
17693,1,231.0,200.47,200.47
17694,1,184.0,283.12,283.12
17695,2,779.0,765.34,382.67
17696,8,1756.0,2285.71,285.71
17697,1,93.0,338.95,338.95
17698,1,93.0,154.95,154.95
17700,4,1266.0,2534.64,633.66
17701,1,109.0,417.95,417.95
17702,4,1353.0,1824.37,456.09
17703,3,590.0,798.74,266.25
17704,2,343.0,885.19,442.6
17705,9,963.0,1823.52,202.61
17706,17,3899.0,10504.49,617.91
17707,2,144.0,152.4,76.2
17708,2,90.0,263.33,131.67
17709,1,17.0,137.45,137.45
17711,2,246.0,385.1,192.55
17712,1,215.0,522.91,522.91
17714,1,92.0,153.0,153.0
17715,1,384.0,326.4,326.4
17716,11,3072.0,5655.99,514.18
17718,1,83.0,139.35,139.35
17719,15,2466.0,5396.04,359.74
17720,4,576.0,1195.94,298.99
17722,4,1595.0,2424.04,606.01
17723,6,792.0,3276.4,546.07
17724,3,300.0,1033.0,344.33
17725,11,2162.0,3439.08,312.64
17727,1,645.0,1060.25,1060.25
17728,3,1469.0,2876.01,958.67
17730,13,3576.0,5298.48,407.58
17731,4,493.0,1240.11,310.03
17732,1,93.0,303.97,303.97
17733,2,463.0,692.19,346.1
17734,3,422.0,700.63,233.54
17735,19,8439.0,13110.02,690.0
17736,3,238.0,377.44,125.81
17737,2,108.0,168.24,84.12
17738,4,1029.0,1879.05,469.76
17739,7,861.0,2791.35,398.76
17742,2,89.0,355.11,177.56
17744,6,3412.0,2322.4,387.07
17746,1,29.0,110.25,110.25
17747,1,12.0,71.4,71.4
17749,2,320.0,674.52,337.26
17750,9,3747.0,1710.45,190.05
17752,1,192.0,80.64,80.64
17754,5,1816.0,1664.65,332.93
17757,30,3318.0,5593.39,186.45
17758,8,2054.0,3408.2,426.03
17759,3,697.0,819.96,273.32
17760,2,239.0,287.59,143.8
17761,1,398.0,712.78,712.78
17763,1,12.0,15.0,15.0
17764,2,351.0,772.55,386.28
17765,3,143.0,367.63,122.54
17767,1,128.0,271.2,271.2
17768,3,1122.0,2081.9,693.97
17769,10,1850.0,3957.43,395.74
17770,5,365.0,1143.27,228.65
17771,2,287.0,245.81,122.91
17772,2,55.0,173.45,86.73
17774,4,508.0,1213.73,303.43
17775,1,72.0,56.4,56.4
17777,3,501.0,647.56,215.85
17779,3,396.0,650.32,216.77
17781,2,34.0,188.02,94.01
17783,2,354.0,283.47,141.74
17785,1,67.0,131.94,131.94
17786,2,195.0,266.85,133.43
17787,4,896.0,1817.54,454.39
17788,2,211.0,1117.9,558.95
17789,1,74.0,225.9,225.9
17790,14,835.0,1964.3,140.31
17791,1,46.0,106.1,106.1
17793,1,226.0,300.34,300.34
17795,2,305.0,342.83,171.42
17796,4,176.0,690.0,172.5
17797,3,498.0,780.43,260.14
17799,10,1753.0,3039.17,303.92
17800,9,732.0,1187.21,131.91
17802,3,752.0,1285.04,428.35
17805,1,478.0,512.31,512.31
17806,1,727.0,546.04,546.04
17809,12,2057.0,5411.91,450.99
17811,39,4146.0,7761.82,199.02
17812,4,329.0,699.81,174.95
17813,5,752.0,1698.07,339.61
17816,4,30.0,36.56,9.14
17817,3,67.0,387.68,129.23
17819,7,1031.0,3704.87,529.27
17824,1,408.0,298.4,298.4
17827,5,1240.0,1987.33,397.47
17828,4,667.0,1820.09,455.02
17829,1,496.0,889.24,889.24
17830,3,92.0,398.7,132.9
17831,1,12.0,35.4,35.4
17832,1,208.0,155.37,155.37
17835,3,344.0,342.24,114.08
17836,1,88.0,110.21,110.21
17837,8,510.0,1541.23,192.65
17838,5,1831.0,2720.8,544.16
17839,1,257.0,318.15,318.15
17841,124,22834.0,40519.84,326.77
17843,1,113.0,205.48,205.48
17844,1,52.0,51.56,51.56
17846,1,1.0,2033.1,2033.1
17848,9,398.0,901.2,100.13
17849,4,114.0,605.8,151.45
17850,34,1733.0,5391.21,158.57
17852,2,53.0,114.34,57.17
17854,2,84.0,311.26,155.63
17855,1,197.0,208.97,208.97
17856,4,842.0,1418.03,354.51
17857,23,19256.0,26879.04,1168.65
17858,12,2694.0,5140.66,428.39
17859,1,102.0,141.92,141.92
17860,1,93.0,226.45,226.45
17861,8,1985.0,2097.88,262.24
17862,1,100.0,330.9,330.9
17863,6,2638.0,3160.0,526.67
17864,3,706.0,554.85,184.95
17865,20,5757.0,10526.32,526.32
17866,1,174.0,329.65,329.65
17867,6,508.0,1157.87,192.98
17869,5,111.0,428.18,85.64
17870,12,1351.0,1865.89,155.49
17871,1,182.0,155.9,155.9
17873,5,1035.0,1848.96,369.79
17874,6,221.0,683.46,113.91
17877,1,98.0,237.61,237.61
17878,1,401.0,379.45,379.45
17879,1,45.0,178.52,178.52
17880,1,314.0,458.92,458.92
17881,1,32.0,133.35,133.35
17883,4,374.0,664.34,166.09
17884,4,817.0,695.07,173.77
17885,1,110.0,156.34,156.34
17886,3,469.0,869.28,289.76
17887,1,30.0,111.35,111.35
17888,8,973.0,716.0,89.5
17889,2,77.0,201.37,100.69
17890,2,402.0,586.89,293.45
17891,1,393.0,203.86,203.86
17892,3,109.0,244.1,81.37
17893,1,149.0,107.21,107.21
17894,8,404.0,1118.96,139.87
17895,1,127.0,95.45,95.45
17896,1,288.0,256.32,256.32
17897,3,222.0,541.81,180.6
17898,2,190.0,152.06,76.03
17899,1,170.0,154.55,154.55
17900,2,73.0,112.2,56.1
17901,1,24.0,110.38,110.38
17904,1,59.0,181.07,181.07
17905,4,406.0,798.99,199.75
17906,1,26.0,72.9,72.9
17908,1,169.0,232.03,232.03
17911,1,223.0,366.23,366.23
17912,5,184.0,310.06,62.01
17913,2,288.0,408.65,204.33
17914,1,457.0,329.36,329.36
17917,3,184.0,335.03,111.68
17919,1,756.0,1304.04,1304.04
17920,17,2473.0,4119.5,242.32
17921,4,425.0,820.23,205.06
17923,1,50.0,207.5,207.5
17924,7,1160.0,2962.5,423.21
17925,1,72.0,244.08,244.08
17926,2,306.0,397.29,198.65
17928,2,140.0,212.54,106.27
17929,4,108.0,843.0,210.75
17930,5,1594.0,1740.48,348.1
17931,2,249.0,408.36,204.18
17932,3,789.0,1331.57,443.86
17934,2,478.0,704.25,352.13
17935,2,82.0,145.79,72.9
17936,1,257.0,380.13,380.13
17937,7,1754.0,4301.22,614.46
17939,1,40.0,99.14,99.14
17940,10,9323.0,4020.04,402.0
17941,1,252.0,304.56,304.56
17942,1,38.0,77.5,77.5
17946,2,75.0,149.58,74.79
17947,1,168.0,176.68,176.68
17948,1,144.0,358.56,358.56
17949,45,30546.0,58510.48,1300.23
17950,3,366.0,482.2,160.73
17951,3,616.0,1008.54,336.18
17954,12,2221.0,2314.13,192.84
17955,4,273.0,557.3,139.33
17956,1,1.0,12.75,12.75
17957,1,287.0,111.68,111.68
17958,1,84.0,508.46,508.46
17960,1,41.0,73.78,73.78
17961,39,560.0,1296.44,33.24
17962,1,127.0,102.41,102.41
17964,2,294.0,463.21,231.61
17965,14,1532.0,2599.19,185.66
17966,5,2571.0,1098.43,219.69
17967,1,73.0,112.27,112.27
17968,1,151.0,265.1,265.1
17969,2,152.0,228.2,114.1
17970,1,513.0,562.79,562.79
17972,1,36.0,135.19,135.19
17973,1,176.0,337.04,337.04
17974,3,500.0,703.99,234.66
17975,13,1565.0,4483.26,344.87
17976,1,93.0,321.79,321.79
17977,1,342.0,288.14,288.14
17978,1,499.0,300.92,300.92
17979,4,383.0,732.41,183.1
17980,3,682.0,811.45,270.48
17984,1,98.0,152.68,152.68
17985,1,171.0,631.35,631.35
17986,1,10.0,20.8,20.8
17987,1,261.0,198.57,198.57
17988,7,43.0,201.12,28.73
17990,3,414.0,630.84,210.28
17991,2,25.0,93.35,46.68
17994,4,495.0,674.89,168.72
17995,1,133.0,76.1,76.1
17997,8,2273.0,1962.46,245.31
17999,2,219.0,380.39,190.2
18001,2,362.0,415.13,207.57
18004,1,75.0,157.92,157.92
18005,2,86.0,226.47,113.24
18006,1,220.0,444.68,444.68
18008,9,1581.0,2116.19,235.13
18009,1,125.0,247.39,247.39
18010,1,60.0,174.8,174.8
18011,1,71.0,102.79,102.79
18013,2,285.0,187.29,93.65
18014,1,66.0,162.22,162.22
18015,1,157.0,120.03,120.03
18016,5,1027.0,1477.66,295.53
18017,3,300.0,523.0,174.33
18018,2,55.0,122.14,61.07
18019,1,7.0,38.45,38.45
18022,1,703.0,612.72,612.72
18024,2,184.0,389.78,194.89
18027,1,78.0,115.31,115.31
18030,2,67.0,230.65,115.33
18032,1,42.0,73.5,73.5
18033,1,252.0,93.82,93.82
18034,2,559.0,418.68,209.34
18035,3,584.0,713.89,237.96
18036,3,232.0,403.12,134.37
18037,6,20.0,70.02,11.67
18040,2,148.0,357.2,178.6
18041,21,3758.0,4097.37,195.11
18042,1,33.0,165.05,165.05
18043,3,265.0,529.29,176.43
18044,10,1033.0,2088.6,208.86
18045,1,138.0,178.34,178.34
18048,2,127.0,172.29,86.15
18050,1,40.0,74.4,74.4
18053,1,302.0,300.02,300.02
18055,10,2452.0,6761.34,676.13
18056,1,211.0,363.65,363.65
18058,1,88.0,170.16,170.16
18059,3,258.0,306.46,102.15
18061,10,955.0,2119.41,211.94
18062,3,396.0,720.52,240.17
18064,2,384.0,814.0,407.0
18065,14,1027.0,2392.83,170.92
18066,1,108.0,318.0,318.0
18067,1,189.0,396.33,396.33
18068,1,6.0,101.7,101.7
18069,5,1296.0,2009.24,401.85
18071,2,260.0,453.0,226.5
18072,1,288.0,247.44,247.44
18073,12,3102.0,3859.82,321.65
18074,1,190.0,489.6,489.6
18075,10,1464.0,2611.75,261.18
18077,11,1839.0,2584.41,234.95
18078,2,145.0,336.13,168.07
18079,4,7347.0,3613.15,903.29
18080,2,642.0,1231.5,615.75
18081,3,195.0,343.45,114.48
18082,1,608.0,680.84,680.84
18084,1,312.0,90.48,90.48
18085,2,265.0,689.95,344.98
18086,1,106.0,101.34,101.34
18087,2,3907.0,4055.72,2027.86
18088,1,107.0,166.03,166.03
18092,11,4252.0,9068.26,824.39
18093,4,1392.0,2106.52,526.63
18094,7,2518.0,3017.3,431.04
18095,2,419.0,580.05,290.03
18096,3,788.0,849.06,283.02
18097,6,1662.0,2662.4,443.73
18099,1,149.0,168.31,168.31
18101,2,87.0,222.4,111.2
18102,60,64124.0,259657.3,4327.62
18104,1,362.0,754.64,754.64
18105,1,46.0,113.48,113.48
18106,1,126.0,421.9,421.9
18108,1,84.0,271.0,271.0
18109,26,4230.0,8004.92,307.88
18110,1,72.0,198.8,198.8
18112,2,255.0,352.69,176.35
18113,1,72.0,76.32,76.32
18114,1,55.0,220.1,220.1
18116,8,837.0,1403.11,175.39
18117,1,605.0,315.65,315.65
18118,26,2865.0,5625.08,216.35
18119,1,124.0,180.7,180.7
18120,1,31.0,111.15,111.15
18121,2,438.0,653.3,326.65
18122,6,1225.0,1793.06,298.84
18123,2,582.0,574.44,287.22
18125,4,800.0,1131.75,282.94
18126,1,135.0,200.92,200.92
18127,3,187.0,347.08,115.69
18129,1,48.0,112.55,112.55
18130,3,824.0,1059.39,353.13
18133,1,1350.0,931.5,931.5
18135,5,349.0,681.91,136.38
18136,3,379.0,784.33,261.44
18138,1,38.0,152.65,152.65
18139,6,5557.0,8438.34,1406.39
18142,2,1276.0,1019.52,509.76
18143,2,570.0,1000.16,500.08
18144,12,1343.0,2888.75,240.73
18145,4,2625.0,2861.55,715.39
18146,2,153.0,160.35,80.18
18147,2,203.0,179.34,89.67
18149,3,310.0,612.08,204.03
18150,3,332.0,566.58,188.86
18151,2,355.0,653.35,326.68
18154,2,255.0,399.19,199.6
18155,3,266.0,371.62,123.87
18156,2,283.0,675.64,337.82
18158,2,354.0,453.4,226.7
18159,1,139.0,530.15,530.15
18160,2,294.0,638.06,319.03
18161,5,812.0,1618.69,323.74
18164,1,184.0,399.65,399.65
18165,1,254.0,302.46,302.46
18167,3,382.0,1384.86,461.62
18168,6,592.0,1160.04,193.34
18169,1,61.0,202.65,202.65
18170,3,409.0,980.31,326.77
18171,5,481.0,1231.31,246.26
18172,20,3184.0,7561.68,378.08
18173,4,1220.0,2106.84,526.71
18174,1,50.0,104.0,104.0
18176,1,283.0,476.35,476.35
18177,6,709.0,1340.87,223.48
18178,4,983.0,1590.81,397.7
18179,6,1360.0,1793.17,298.86
18180,6,1721.0,1843.75,307.29
18181,1,133.0,366.85,366.85
18183,2,371.0,632.07,316.04
18184,1,60.0,49.8,49.8
18185,1,183.0,304.25,304.25
18188,3,1168.0,2001.04,667.01
18189,2,566.0,1090.24,545.12
18190,2,140.0,284.46,142.23
18191,1,140.0,207.8,207.8
18192,1,339.0,957.97,957.97
18193,1,124.0,243.76,243.76
18194,1,632.0,973.84,973.84
18196,2,431.0,686.63,343.32
18198,17,4074.0,5425.56,319.15
18200,1,104.0,150.35,150.35
18202,3,581.0,1396.99,465.66
18203,1,43.0,160.42,160.42
18204,3,1190.0,1975.35,658.45
18205,2,192.0,517.36,258.68
18209,1,58.0,139.1,139.1
18210,6,1398.0,2621.38,436.9
18211,5,359.0,600.07,120.01
18212,1,92.0,216.07,216.07
18213,1,232.0,232.48,232.48
18215,1,118.0,299.34,299.34
18216,1,200.0,481.75,481.75
18217,2,491.0,621.75,310.88
18218,2,536.0,641.92,320.96
18219,10,885.0,2069.77,206.98
18220,1,288.0,305.28,305.28
18221,5,791.0,1041.61,208.32
18222,1,335.0,443.0,443.0
18223,14,2948.0,6484.54,463.18
18224,1,69.0,158.95,158.95
18225,12,3242.0,5504.96,458.75
18226,11,3466.0,5228.05,475.28
18227,1,21.0,93.75,93.75
18228,2,238.0,779.9,389.95
18229,20,2488.0,7276.9,363.85
18230,7,1316.0,2810.2,401.46
18231,5,819.0,2071.77,414.35
18232,4,302.0,592.97,148.24
18233,1,4.0,440.0,440.0
18235,3,1578.0,1796.48,598.83
18236,6,403.0,882.24,147.04
18237,5,622.0,987.1,197.42
18239,5,795.0,1561.61,312.32
18240,1,126.0,422.58,422.58
18241,17,1051.0,2073.09,121.95
18242,4,1017.0,2232.49,558.12
18245,7,1788.0,2567.06,366.72
18246,2,166.0,596.1,298.05
18248,2,511.0,804.02,402.01
18249,1,128.0,95.34,95.34
18250,1,199.0,349.27,349.27
18251,1,7824.0,4314.72,4314.72
18252,2,234.0,518.27,259.14
18255,1,74.0,103.3,103.3
18257,8,1041.0,2337.63,292.2
18259,3,714.0,2338.6,779.53
18260,6,1475.0,2628.35,438.06
18261,2,146.0,324.24,162.12
18262,1,182.0,149.48,149.48
18263,3,1468.0,1213.16,404.39
18265,2,311.0,801.51,400.76
18268,1,2.0,25.5,25.5
18269,1,76.0,168.6,168.6
18270,2,101.0,283.15,141.58
18272,6,2050.0,3078.58,513.1
18273,3,80.0,204.0,68.0
18274,1,88.0,175.92,175.92
18276,1,186.0,335.86,335.86
18277,1,68.0,110.38,110.38
18278,1,66.0,173.9,173.9
18280,1,45.0,180.6,180.6
18281,1,54.0,80.82,80.82
18282,2,103.0,178.05,89.03
18283,16,1357.0,2045.53,127.85
18287,3,1586.0,1837.28,612.43
