stock_code,description,units_sold,revenue,orders
10002,INFLATABLE POLITICAL GLOBE ,860.0,759.89,71
10080,GROOVY CACTUS INFLATABLE,303.0,119.09,22
10120,DOGGY RUBBER,192.0,40.32,29
10123C,HEARTS WRAPPING TAPE ,5.0,3.25,3
10124A,SPOTS ON RED BOOKCOVER TAPE,16.0,6.72,5
10124G,ARMY CAMO BOOKCOVER TAPE,17.0,7.14,4
10125,MINI FUNKY DESIGN TAPES,1295.0,993.99,91
10133,COLOURING PENCILS BROWN TUBE,2856.0,1539.6,196
10135,COLOURING PENCILS BROWN TUBE,2229.0,2204.89,175
11001,ASSTD DESIGN RACING CAR PEN,1615.0,2389.44,113
15030,FAN BLACK FRAME ,143.0,41.47,12
15034,PAPER POCKET TRAVELING FAN ,6591.0,840.02,138
15036,ASSORTED COLOURS SILK FAN,23826.0,18569.84,518
15039,SANDALWOOD FAN,2090.0,1978.64,145
15044A,PINK PAPER PARASOL ,458.0,1439.02,102
15044B,BLUE PAPER PARASOL ,321.0,946.83,60
15044C,PURPLE PAPER PARASOL,313.0,1022.99,88
15044D,RED PAPER PARASOL,644.0,1819.76,84
15056bl,EDWARDIAN PARASOL BLACK,87.0,1086.88,62
15056BL,EDWARDIAN PARASOL BLACK,2844.0,15828.84,321
15056n,EDWARDIAN PARASOL NATURAL,127.0,1585.28,84
15056N,EDWARDIAN PARASOL NATURAL,3950.0,22152.69,456
15056p,EDWARDIAN PARASOL PINK,33.0,412.48,26
15056P,EDWARDIAN PARASOL PINK,776.0,4354.92,144
15058A,BLUE POLKADOT GARDEN PARASOL,200.0,1668.49,89
15058B,PINK POLKADOT GARDEN PARASOL,228.0,1885.27,97
15058C,ICE CREAM DESIGN GARDEN PARASOL,240.0,1429.82,72
15060b,FAIRY CAKE DESIGN UMBRELLA,3.0,24.87,3
15060B,FAIRY CAKE DESIGN UMBRELLA,451.0,1807.55,131
16008,SMALL FOLDING SCISSOR(POINTED EDGE),2892.0,360.71,70
16010,FOLDING CAMPING SCISSOR W/KNIF & S,30.0,3.6,3
16011,ANIMAL STICKERS,1749.0,367.29,46
16012,FOOD/DRINK SPONGE STICKERS,1220.0,256.2,35
16014,SMALL CHINESE STYLE SCISSOR,13328.0,4335.76,54
16015,MEDIUM CHINESE STYLE SCISSOR,662.0,289.98,24
16016,LARGE CHINESE STYLE SCISSOR,1273.0,1053.45,65
16020C,CLEAR STATIONERY BOX SET ,84.0,69.9,17
16033,MINI HIGHLIGHTER PENS,840.0,100.8,4
16043,POP ART PUSH DOWN RUBBER ,98.0,11.76,2
16045,POPART WOODEN PENCILS ASST,8900.0,380.0,68
16046,TEATIME PEN CASE & PENS,65.0,55.25,14
16048,TEATIME ROUND PENCIL SHARPENER ,1460.0,205.3,67
16049,TEATIME GEL PENS ASST,504.0,82.08,5
16052,TEATIME PUSH DOWN RUBBER,479.0,115.3,13
16054,POPART RECT PENCIL SHARPENER ASST,1166.0,140.52,33
16151A,FLOWERS HANDBAG blue and orange,49.0,61.25,3
16156L,WRAP CAROUSEL,375.0,157.5,14
16156L,"WRAP, CAROUSEL",100.0,42.0,4
16156S,WRAP PINK FAIRY CAKES ,5800.0,2331.0,167
16161G,WRAP BAD HAIR DAY,700.0,70.0,22
16161M,WRAP  PINK FLOCK,25.0,10.5,1
16161P,WRAP ENGLISH ROSE ,7201.0,2980.42,248
16161U,WRAP SUKI AND FRIENDS,4075.0,1687.5,134
16162L,THE KING GIFT BAG,20.0,13.0,8
16162M,THE KING GIFT BAG 25x24x12cm,28.0,11.76,8
16168M,FUNKY MONKEY GIFT BAG MEDIUM,371.0,173.12,41
16169E,WRAP 50'S  CHRISTMAS,4563.0,1892.46,149
16169K,WRAP FOLK ART,200.0,84.0,8
16169M,WRAP DAISY CARPET ,660.0,277.2,25
16169N,WRAP BLUE RUSSIAN FOLKART,25.0,10.5,1
16169P,WRAP GREEN RUSSIAN FOLKART ,50.0,21.0,2
16202A,PASTEL PINK PHOTO ALBUM ,7.0,3.5,2
16202B,PASTEL BLUE PHOTO ALBUM ,29.0,14.5,2
16202E,BLACK PHOTO ALBUM ,15.0,7.5,3
16206B,RED PURSE WITH PINK HEART,7.0,8.75,2
16207A,PINK STRAWBERRY HANDBAG ,60.0,163.1,34
16207B,PINK HEART RED HANDBAG,29.0,76.14,18
16216,LETTER SHAPE PENCIL SHARPENER,3333.0,234.0,45
16218,CARTOON  PENCIL SHARPENERS,3821.0,283.31,64
16219,HOUSE SHAPE PENCIL SHARPENER,3048.0,407.72,100
16225,RATTLE SNAKE EGGS,813.0,689.35,102
16235,RECYCLED PENCIL WITH RABBIT ERASER,3068.0,695.4,168
16236,KITTY PENCIL ERASERS,1438.0,320.09,136
16237,SLEEPING CAT ERASERS,4991.0,1047.93,290
16238,PARTY TIME PENCIL ERASERS,1396.0,321.67,134
16244B,MAXWELL 2 TONE BLUE 60 PAGE PHOTO A,7.0,7.85,2
16248B,BLUE HOLE PUNCH,13.0,16.25,7
16254,TRANSPARENT ACRYLIC TAPE DISPENSER,40.0,42.58,17
16258A,SWIRLY CIRCULAR RUBBERS IN BAG,472.0,178.97,59
16259,PIECE OF CAMO STATIONERY SET,3380.0,326.56,31
17001,HEAVENS SCENT FRAGRANCE OILS ASSTD,72.0,20.88,1
17003,BROCADE RING PURSE ,23020.0,6025.95,239
17007B,S/3 POT POURI CUSHIONS BLUE COLOURS,24.0,50.4,2
17011F,ORIGAMI SANDLEWOOD INCENSE+FLOWER,81.0,66.36,7
17012A,ORIGAMI VANILLA INCENSE/CANDLE SET ,323.0,375.93,65
17012B,ORIGAMI JASMINE INCENSE/CANDLE SET,525.0,595.85,85
17012C,ORIGAMI LAVENDER INCENSE/CANDL SET ,420.0,481.8,85
17012D,ORIGAMI ROSE INCENSE/CANDLE SET ,461.0,547.24,97
17012E,ORIGAMI OPIUM INCENSE/CANDLE SET ,44.0,62.64,10
17012F,ORIGAMI SANDLEWOOD INCENSE/CAND SET,448.0,530.6,94
17013D,ORIGAMI ROSE INCENSE IN TUBE,535.0,267.82,13
17014A,ORIGAMI VANILLA INCENSE CONES,155.0,71.19,8
17021,NAMASTE SWAGAT INCENSE,2391.0,632.34,47
17028J,INCENSE BAZAAR PEACH,6.0,2.52,1
17038,PORCELAIN BUDAH INCENSE HOLDER,1525.0,158.06,34
17084A,TRANQUILITY MASALA INCENSE,200.0,42.0,7
17084J,LOVE POTION MASALA INCENSE,225.0,47.25,8
17084N,FAIRY DREAMS INCENSE ,1264.0,313.31,101
17084P,DRAGONS BLOOD INCENSE,423.0,104.44,39
17084R,ASSORTED INCENSE PACK,4032.0,760.32,27
17090A,LAVENDER INCENSE 40 CONES IN TIN,109.0,107.45,10
17090D,VANILLA INCENSE 40 CONES IN TIN,29.0,36.25,12
17091A,LAVENDER INCENSE IN TIN,171.0,98.91,25
17091J,VANILLA INCENSE IN TIN,2084.0,920.67,95
17096,ASSORTED LAQUERED INCENSE HOLDERS,2545.0,455.98,24
17107D,FLOWER FAIRY 5 DRAWER LINERS,59.0,150.45,20
17107D,FLOWER FAIRY 5 SUMMER DRAW LINERS,6.0,15.3,1
17107D,"FLOWER FAIRY,5 SUMMER B'DRAW LINERS",105.0,267.75,25
17109D,FLOWER FAIRY INCENSE BOUQUET,61.0,32.35,5
17129F,BLUE GLASS GEMS IN BAG,588.0,553.83,57
17136A,BLUE STONES ON WIRE FOR CANDLE,352.0,29.59,17
17164B,ASS COL SMALL SAND GECKO P'WEIGHT,27.0,11.34,9
17165D,ASS COL LARGE SAND FROG P'WEIGHT,27.0,28.35,7
17174,ASSTD RASTA KEY-CHAINS,9.0,3.78,3
17191A,ROSE FLOWER CANDLE+INCENSE 16X16CM,4.0,15.0,2
18007,ESSENTIAL BALM 3.5g TIN IN ENVELOPE,5884.0,395.61,30
18094C,WHITE AND BLUE CERAMIC OIL BURNER,192.0,283.93,42
18097A,PINK TALL PORCELAIN T-LIGHT HOLDER ,5.0,12.75,4
18097C,WHITE TALL PORCELAIN T-LIGHT HOLDER,695.0,1591.01,69
18098c,PORCELAIN BUTTERFLY OIL BURNER,52.0,263.12,12
18098C,PORCELAIN BUTTERFLY OIL BURNER,213.0,658.75,49
20615,BLUE POLKADOT PASSPORT COVER,309.0,466.99,95
20616,CHERRY BLOSSOM PASSPORT COVER,194.0,243.53,71
20617,FIRST CLASS PASSPORT COVER ,93.0,194.94,43
20618,QUEEN OF THE SKIES PASSPORT COVER ,148.0,286.39,76
20619,TROPICAL PASSPORT COVER ,262.0,439.65,99
20622,VIP PASSPORT COVER ,43.0,94.04,17
20622,VIPPASSPORT COVER ,142.0,209.66,34
20652,BLUE POLKADOT LUGGAGE TAG ,265.0,346.86,78
20653,CHERRY BLOSSOM LUGGAGE TAG,73.0,95.18,33
20654,FIRST CLASS LUGGAGE TAG ,152.0,193.59,49
20655,QUEEN OF SKIES LUGGAGE TAG,197.0,292.29,99
20657,TROPICAL LUGGAGE TAG,73.0,105.91,33
20658,RED RETROSPOT LUGGAGE TAG,433.0,652.11,105
20659,ECONOMY LUGGAGE TAG,158.0,246.84,62
20661,BLUE POLKADOT PURSE ,44.0,141.15,33
20662,FIRST CLASS HOLIDAY PURSE ,31.0,90.42,20
20663,QUEEN OF THE SKIES HOLIDAY PURSE ,25.0,66.26,20
20664,TROPICAL HOLIDAY PURSE ,32.0,81.66,18
20665,RED RETROSPOT PURSE ,461.0,1546.27,156
20666,ECONOMY HOLIDAY PURSE,30.0,41.53,17
20667,CHERRY BLOSSOM PURSE,20.0,49.69,16
20668,DISCO BALL CHRISTMAS DECORATION,12883.0,1501.4,215
20669,RED HEART LUGGAGE TAG,304.0,447.34,96
20670,VIP HOLIDAY PURSE,14.0,44.04,11
20671,BLUE TEATIME PRINT BOWL ,10.0,12.5,2
20674,GREEN POLKADOT BOWL,1563.0,2016.23,205
20675,BLUE POLKADOT BOWL,3120.0,3983.12,322
20676,RED RETROSPOT BOWL,5023.0,6374.81,448
20677,PINK POLKADOT BOWL,3674.0,4747.34,333
20678,LARGE BLACK DIAMANTE HAIRSLIDE,4.0,6.6,1
20679,EDWARDIAN PARASOL RED,1710.0,10021.42,326
20681,PINK POLKADOT CHILDRENS UMBRELLA,140.0,506.96,46
20682,RED RETROSPOT CHILDRENS UMBRELLA,1235.0,4171.33,237
20684,STRAWBERRY DREAM CHILDS UMBRELLA,80.0,270.56,35
20685,DOORMAT RED RETROSPOT,4088.0,28049.54,696
20686,DOLLY MIXTURE CHILDREN'S UMBRELLA,267.0,922.67,77
20694,FLORAL PINK MONSTER,43.0,187.54,16
20695,FLORAL BLUE MONSTER,5.0,21.25,4
20696,FLORAL SOFT CAR TOY,54.0,230.81,30
20697,LITTLE GREEN MONSTER SOFT TOY,19.0,48.45,11
20698,LITTLE PINK MONSTER SOFT TOY,17.0,43.35,8
20699,MOUSEY LONG LEGS SOFT TOY,97.0,266.03,41
20700,GREEN CAT FLORAL CUSHION COVER ,73.0,345.17,54
20701,PINK CAT FLORAL CUSHION COVER ,25.0,100.97,18
20702,PINK PADDED MOBILE,134.0,573.54,42
20703,BLUE PADDED SOFT MOBILE,1.0,4.25,1
20704,MR ROBOT SOFT TOY,216.0,697.7,44
20705,MRS ROBOT SOFT TOY,143.0,428.85,28
20707,CRAZY DAISY HEART DECORATION,464.0,468.39,149
20711,JUMBO BAG TOYS ,5007.0,11014.62,522
20712,JUMBO BAG WOODLAND ANIMALS,9773.0,22092.42,863
20713,JUMBO BAG OWLS,11429.0,23001.06,657
20716,PARTY FOOD SHOPPER BAG,400.0,469.63,73
20717,STRAWBERRY SHOPPER BAG,2855.0,3561.98,412
20718,RED RETROSPOT SHOPPER BAG,4769.0,6604.29,575
20719,WOODLAND CHARLOTTE BAG,13290.0,16744.45,833
20723,STRAWBERRY CHARLOTTE BAG,9793.0,12548.15,722
20724,RED RETROSPOT CHARLOTTE BAG,17761.0,21773.39,1032
20725,LUNCH BAG RED RETROSPOT,19232.0,35572.36,1564
20725,LUNCH BAG RED SPOTTY,200.0,290.0,1
20726,LUNCH BAG WOODLAND,9909.0,18283.78,1017
20727,LUNCH BAG  BLACK SKULL.,12195.0,22346.96,1273
20728,LUNCH BAG CARS BLUE,11786.0,21699.48,1150
20731,POSY CANDY BAG,92.0,109.96,16
20733,GOLD MINI TAPE MEASURE ,1234.0,956.36,205
20734,SILVER MINI TAPE MEASURE ,158.0,271.22,26
20735,BLACK MINI TAPE MEASURE ,623.0,625.8,112
20748,KENSINGTON COFFEE SET,57.0,751.17,34
20749,ASSORTED COLOUR MINI CASES,1762.0,12550.57,383
20750,RED RETROSPOT MINI CASES,1747.0,12634.98,385
20751,FUNKY WASHING UP GLOVES ASSORTED,971.0,2041.52,198
20752,BLUE POLKADOT WASHING UP GLOVES,407.0,920.45,148
20754,RETROSPOT RED WASHING UP GLOVES,1457.0,3088.86,304
20755,BLUE PAISLEY POCKET BOOK,306.0,271.17,62
20756,GREEN FERN POCKET BOOK,63.0,53.55,22
20757,RED DAISY POCKET BOOK ,158.0,136.64,33
20758,ABSTRACT CIRCLES POCKET BOOK,159.0,135.15,42
20759,CHRYSANTHEMUM POCKET BOOK ,64.0,54.4,20
20760,GARDEN PATH POCKET BOOK,69.0,58.65,21
20761,BLUE PAISLEY SKETCHBOOK,120.0,505.97,63
20762,GREEN FERN SKETCHBOOK ,106.0,420.08,56
20763,DAISY SKETCHBOOK ,73.0,205.04,27
20764,ABSTRACT CIRCLES SKETCHBOOK ,142.0,603.31,76
20765,CHRYSANTHEMUM SKETCHBOOK ,102.0,416.05,59
20766,GARDEN PATH SKETCHBOOK,122.0,493.57,57
20767,BLUE PAISLEY JOURNAL ,250.0,656.06,79
20768,GREEN FERN JOURNAL ,176.0,438.57,55
20769,DAISY JOURNAL ,80.0,217.56,34
20770,ABSTRACT CIRCLE JOURNAL ,184.0,447.25,72
20771,CHRYSANTHEMUM  JOURNAL,102.0,267.13,40
20772,GARDEN PATH JOURNAL,247.0,621.19,65
20773,BLUE PAISLEY NOTEBOOK,56.0,92.4,23
20774,GREEN FERN NOTEBOOK,86.0,141.24,44
20775,DAISY NOTEBOOK ,134.0,233.54,63
20777,CHRYSANTHEMUM NOTEBOOK,169.0,282.49,80
20778,GARDEN PATH NOTEBOOK ,15.0,24.75,8
20780,BLACK EAR MUFF HEADPHONES,47.0,312.7,28
20781,GOLD EAR MUFF HEADPHONES,35.0,212.26,25
20782,CAMOUFLAGE EAR MUFF HEADPHONES,53.0,368.08,27
20785,FUSCHIA RETRO BAR STOOL,14.0,523.3,5
20793,BLUE TILED TRAY,8.0,54.0,4
20794,BLUE  TILE HOOK,99.0,282.79,27
20795,LARGE BLUE PROVENCAL CERAMIC BALL,49.0,113.05,11
20796,SMALL BLUE PROVENCAL CERAMIC BALL,62.0,103.94,9
20798,CLEAR MILKSHAKE GLASS,36.0,75.6,5
20801,LARGE PINK GLASS SUNDAE DISH,1013.0,1157.8,81
20802,SMALL GLASS SUNDAE DISH CLEAR,739.0,984.47,63
20803,SMALL PINK GLASS SUNDAE DISH,939.0,476.38,40
20816,GOLD FLOWER CUSHION COVER ,8.0,15.6,2
20818,GOLD TEDDY BEAR,15.0,42.7,5
20819,SILVER TEDDY BEAR,64.0,244.72,27
20820,SILVER LOOKING MIRROR,5.0,24.75,2
20821,GOLDIE LOOKING MIRROR,17.0,84.15,6
20823,GOLD WINE GOBLET,164.0,129.56,8
20826,SILVER APERITIF GLASS,276.0,128.4,8
20827,GOLD APERITIF GLASS,88.0,34.32,2
20828,GLITTER BUTTERFLY CLIPS,1128.0,3074.78,241
20829,GLITTER HANGING BUTTERFLY STRING,1314.0,2722.95,194
20830,SILVER PHOTO FRAME,136.0,409.83,37
20831,GOLD PHOTO FRAME,216.0,466.53,39
20832,RED FLOCK LOVE HEART PHOTO FRAME,1067.0,572.67,82
20835,FRENCH LATTICE CUSHION COVER ,67.0,65.8,8
20836,FRENCH PAISLEY CUSHION COVER,170.0,141.1,17
20837,FRENCH FLORAL CUSHION COVER ,141.0,142.47,15
20838,FRENCH LATTICE CUSHION COVER ,385.0,461.45,57
20839,FRENCH PAISLEY CUSHION COVER ,575.0,840.44,105
20840,FRENCH FLORAL CUSHION COVER ,533.0,632.32,74
20845,ZINC HEART LATTICE 2 WALL PLANTER,19.0,120.65,11
20846,ZINC HEART LATTICE T-LIGHT HOLDER,716.0,957.32,88
20847,ZINC HEART LATTICE CHARGER LARGE,52.0,217.58,18
20848,ZINC HEART LATTICE CHARGER SMALL,21.0,61.95,8
20851,ZINC HEART LATTICE TRAY OVAL ,9.0,53.55,7
20854,BLUE PATCH PURSE PINK HEART,242.0,383.02,41
20856,DENIM PATCH PURSE PINK BUTTERFLY,216.0,357.29,61
20857,BLUE ROSE PATCH PURSE PINK BUTTERFL,32.0,52.8,8
20860,GOLD COSMETICS BAG WITH BUTTERFLY,1.0,2.1,1
20861,GOLD COSMETIC BAG PINK STAR,2.0,4.2,2
20866,BLUE ROSE FABRIC MIRROR,597.0,709.7,90
20867,PINK ROSE FABRIC MIRROR,331.0,393.47,62
20868,SILVER FABRIC MIRROR,458.0,219.35,46
20869,GOLD FABRIC MIRROR,180.0,86.76,29
20871,OPULENT VELVET SET/3 CANDLES,2.0,8.42,1
20878,SET/9 CHRISTMAS T-LIGHTS SCENTED ,24.0,30.0,7
20886,BOX OF 9 PEBBLE CANDLES,485.0,986.23,103
20892,SET/3 TALL GLASS CANDLE HOLDER PINK,4.0,89.22,3
20893,HANGING BAUBLE T-LIGHT HOLDER SMALL,268.0,609.02,26
20894,HANGING BAUBLE T-LIGHT HOLDER LARGE,33.0,108.71,15
20897,VINTAGE NOTEBOOK PARIS DAYS,107.0,298.27,24
20898,VINTAGE NOTEBOOK TRAVELOGUE,38.0,105.73,13
20901,VINTAGE KEEPSAKE BOX PINK FLOWER,19.0,85.13,15
20902,VINTAGE KEEPSAKE BOX PARIS DAYS,112.0,686.86,56
20903,VINTAGE KEEPSAKE BOX TRAVELOGUE,82.0,441.89,56
20906,VINTAGE NOTEBOOK BEAUTY GIRL,3.0,8.85,2
20910,VINTAGE PHOTO ALBUM PARIS DAYS,8.0,50.8,3
20914,SET/5 RED RETROSPOT LID GLASS BOWLS,6073.0,17623.35,879
20914,SET/5 RED SPOTTY LID GLASS BOWLS,288.0,734.4,1
20931,BLUE POT PLANT CANDLE ,299.0,1060.9,68
20932,PINK POT PLANT CANDLE,204.0,628.79,35
20933,YELLOW POT PLANT CANDLE,23.0,71.05,9
20934,SET/3 POT PLANT CANDLES,68.0,424.46,32
20935,ROUND CACTUS CANDLE,6.0,17.7,4
20936,FORKED CACTUS CANDLE,100.0,319.66,34
20941,FROG CANDLE,64.0,83.78,19
20954,*USB Office Mirror Ball,2.0,16.94,2
20956,PORCELAIN T-LIGHT HOLDERS ASSORTED,822.0,1146.52,101
20960,WATERMELON BATH SPONGE,29.0,72.49,10
20961,STRAWBERRY BATH SPONGE ,1232.0,1745.43,228
20963,APPLE BATH SPONGE,1336.0,1911.17,229
20964,POLYESTER FILLER PAD 60x40cm,2.0,5.1,1
20966,SANDWICH BATH SPONGE,719.0,1022.8,97
20967,GREY FLORAL FELTCRAFT SHOULDER BAG,265.0,1027.94,83
20969,RED FLORAL FELTCRAFT SHOULDER BAG,1960.0,7229.43,305
20970,PINK FLORAL FELTCRAFT SHOULDER BAG,1116.0,4232.13,262
20971,PINK BLUE FELT CRAFT TRINKET BOX,10993.0,13828.1,522
20972,PINK CREAM FELT CRAFT TRINKET BOX ,7337.0,9128.06,616
20973,12 PENCIL SMALL TUBE WOODLAND,4497.0,3210.27,355
20974,12 PENCILS SMALL TUBE SKULL,6976.0,4527.43,355
20975,12 PENCILS SMALL TUBE RED RETROSPOT,6633.0,4383.27,362
20977,36 PENCILS TUBE WOODLAND,1739.0,2328.64,185
20978,36 PENCILS TUBE SKULLS,1795.0,2395.05,263
20979,36 PENCILS TUBE RED RETROSPOT,3734.0,4723.73,325
20980,36 PENCILS TUBE POSY,79.0,76.91,20
20981,12 PENCILS TALL TUBE WOODLAND,1974.0,1740.57,249
20982,12 PENCILS TALL TUBE SKULLS,2151.0,1880.67,256
20983,12 PENCILS TALL TUBE RED RETROSPOT,2737.0,2374.81,268
20984,12 PENCILS TALL TUBE POSY,3785.0,1166.07,170
20985,HEART CALCULATOR,1179.0,1540.59,131
20986,BLUE CALCULATOR RULER,654.0,829.74,113
20992,JAZZ HEARTS PURSE NOTEBOOK,4425.0,1944.63,277
20996,JAZZ HEARTS ADDRESS BOOK,3191.0,726.89,225
20997,ROSE DU SUD CUSHION COVER ,59.0,257.61,34
20998,ROSE DU SUD OVEN GLOVE,185.0,505.2,69
21000,ROSE DU SUD COSMETICS BAG,96.0,360.84,52
21001,ROSE DU SUD WASHBAG ,73.0,348.19,50
21002,ROSE DU SUD DRAWSTRING BAG,125.0,428.66,66
21003,ROSE DU SUD CUSHION COVER,78.0,460.58,46
21009,ETCHED GLASS STAR TREE DECORATION,1.0,1.25,1
21011,GLITTER SNOW PEAR TREE DECORATION,20.0,29.0,3
21012,ANTIQUE ALL GLASS CANDLESTICK,1169.0,2614.05,199
21014,SWISS CHALET TREE DECORATION ,1385.0,598.82,119
21015,DARK BIRD HOUSE TREE DECORATION,1483.0,589.55,142
21018,BIRD BOX CHRISTMAS TREE DECORATION,24.0,22.06,6
21025,SPACE FROG,174.0,233.52,56
21026,SPACE OWL,255.0,315.75,68
21027,NINJA RABBIT PINK,167.0,187.79,42
21028,NINJA RABBIT BLACK,187.0,239.24,58
21030,SPACE CADET RED,131.0,159.7,33
21031,SPACE CADET BLACK,52.0,64.24,19
21032,SPACE CADET WHITE,97.0,117.78,30
21033,JUMBO BAG CHARLIE AND LOLA TOYS,1932.0,4851.73,300
21034,REX CASH+CARRY JUMBO SHOPPER,1878.0,1784.1,871
21035,SET/2 RED RETROSPOT TEA TOWELS ,2599.0,8536.85,394
21038,SET/4 MODERN VINTAGE COTTON NAPKINS,77.0,86.75,23
21039,RED RETROSPOT SHOPPING BAG,523.0,1353.69,90
21040,MODERN VINTAGE COTTON SHOPPING BAG,22.0,29.7,8
21041,RED RETROSPOT OVEN GLOVE DOUBLE,914.0,3888.98,255
21042,RED RETROSPOT APRON ,334.0,2199.52,131
21043,APRON MODERN VINTAGE COTTON,492.0,1139.86,90
21051,RIBBONS PURSE ,192.0,377.2,51
21054,NURSE'S BAG SOFT TOY,70.0,634.53,29
21055,TOOL BOX SOFT TOY ,178.0,1764.64,105
21056,DOCTOR'S BAG SOFT TOY,184.0,1765.4,72
21058,PARTY INVITES WOODLAND,1154.0,965.66,122
21059,PARTY INVITES DINOSAURS,611.0,528.23,94
21060,PARTY INVITES BALLOON GIRL,405.0,359.29,71
21061,PARTY INVITES FOOTBALL,488.0,451.7,83
21062,PARTY INVITES SPACEMAN,538.0,457.38,74
21063,PARTY INVITES JAZZ HEARTS,528.0,458.31,102
21064,BOOM BOX SPEAKER BOYS,296.0,1281.2,101
21065,BOOM BOX SPEAKER GIRLS,562.0,1160.58,90
21066,VINTAGE RED MUG,702.0,693.47,54
21067,VINTAGE RED TEATIME MUG,317.0,504.15,76
21068,VINTAGE BILLBOARD LOVE/HATE MUG,1638.0,1890.33,198
21069,VINTAGE BILLBOARD TEA MUG,1949.0,2250.52,86
21070,VINTAGE BILLBOARD MUG ,1106.0,1184.98,107
21071,VINTAGE BILLBOARD DRINK ME MUG,991.0,1380.28,177
21078,SET/20 STRAWBERRY PAPER NAPKINS ,2769.0,2531.04,313
21080,SET/20 RED RETROSPOT PAPER NAPKINS ,13202.0,11312.56,986
21082,SET/20 FRUIT SALAD PAPER NAPKINS ,88.0,143.44,25
21084,SET/6 COLLAGE PAPER CUPS,2610.0,773.14,181
21086,SET/6 RED SPOTTY PAPER CUPS,7121.0,4851.5,428
21087,SET/6 POSIES PAPER CUPS,141.0,74.57,16
21088,SET/6 FRUIT SALAD PAPER CUPS,1678.0,428.28,103
21089,SET/6 GREEN SPRING PAPER CUPS,233.0,48.99,25
21090,SET/6 COLLAGE PAPER PLATES,2413.0,1274.19,217
21094,SET/6 RED SPOTTY PAPER PLATES,8758.0,6933.26,527
21095,SET/6 POSIES PAPER PLATES,125.0,118.73,14
21096,SET/6 FRUIT SALAD  PAPER PLATES,1259.0,581.09,105
21098,CHRISTMAS TOILET ROLL,3719.0,5078.76,248
21100,CHARLIE AND LOLA CHARLOTTE BAG,65.0,162.21,27
21106,CREAM SLICE FLANNEL CHOCOLATE SPOT ,237.0,702.51,53
21107,CREAM SLICE FLANNEL PINK SPOT ,901.0,2492.71,97
21108,FAIRY CAKE FLANNEL ASSORTED COLOUR,10241.0,18056.28,262
21109,LARGE CAKE TOWEL CHOCOLATE SPOTS,925.0,2661.67,104
21109,"LARGE CAKE TOWEL, CHOCOLATE SPOTS",11.0,101.53,8
21110,LARGE CAKE TOWEL PINK SPOTS,1105.0,3815.7,134
21111,"SWISS ROLL TOWEL, CHOCOLATE  SPOTS",900.0,1651.02,94
21112,SWISS ROLL TOWEL PINK  SPOTS,706.0,1913.69,39
21112,"SWISS ROLL TOWEL, PINK  SPOTS",653.0,971.44,43
21114,LAVENDER SCENTED FABRIC HEART,1341.0,1778.08,138
21115,ROSE CARAVAN DOORSTOP,562.0,3162.24,162
21116,OWL DOORSTOP,695.0,4051.79,251
21117,BLOND DOLL DOORSTOP,109.0,141.75,14
21120,*Boombox Ipod Classic,1.0,16.98,1
21121,SET/10 RED POLKADOT PARTY CANDLES,6606.0,7998.85,379
21122,SET/10 PINK POLKADOT PARTY CANDLES,5325.0,6488.54,344
21123,SET/10 IVORY POLKADOT PARTY CANDLES,1143.0,1380.84,154
21124,SET/10 BLUE POLKADOT PARTY CANDLES,4011.0,4863.05,240
21125,SET 6 FOOTBALL CELEBRATION CANDLES,657.0,830.98,103
21126,SET OF 6 GIRLS CELEBRATION CANDLES,592.0,748.95,126
21128,GOLD FISHING GNOME,68.0,546.6,36
21129,SILVER FISHING GNOME ,52.0,419.52,27
21131,GOLD STANDING GNOME,106.0,398.02,28
21132,SILVER STANDING GNOME   ,44.0,217.36,22
21135,VICTORIAN  METAL POSTCARD SPRING,2869.0,3206.0,177
21136,PAINTED METAL PEARS ASSORTED,4687.0,7793.14,370
21137,BLACK RECORD COVER FRAME,11651.0,40633.38,375
21143,ANTIQUE GLASS HEART DECORATION ,327.0,707.23,36
21144,PINK POODLE HANGING DECORATION ,5.0,16.8,2
21145,ANTIQUE GLASS PLACE SETTING,122.0,152.5,8
21147,JINGLE BELLS TREE DECORATION,203.0,415.77,76
21154,RED RETROSPOT OVEN GLOVE ,4034.0,6320.51,451
21155,RED RETROSPOT PEG BAG,3155.0,9296.3,485
21156,RETROSPOT CHILDRENS APRON,3170.0,6091.1,358
21157,RED RETROSPOT WASHBAG,78.0,225.5,34
21158,MOODY GIRL DOOR HANGER ,1469.0,781.87,170
21159,MOODY BOY  DOOR HANGER ,1126.0,601.79,124
21160,KEEP OUT GIRLS DOOR HANGER ,1.0,3.36,1
21161,KEEP OUT BOYS DOOR HANGER ,143.0,229.92,43
21162,TOXIC AREA  DOOR HANGER ,1462.0,792.98,162
21163,DO NOT TOUCH MY STUFF DOOR HANGER ,1196.0,680.55,127
21164,HOME SWEET HOME METAL SIGN ,1766.0,5155.98,282
21165,BEWARE OF THE CAT METAL SIGN ,4154.0,6935.7,449
21166,COOK WITH WINE METAL SIGN ,10324.0,20874.44,723
21167,WHITE SAGE INCENSE,1432.0,337.14,67
21169,YOU'RE CONFUSING ME METAL SIGN ,4413.0,7301.77,450
21171,BATHROOM METAL SIGN ,438.0,613.14,73
21172,PARTY METAL SIGN ,3485.0,5338.63,467
21174,POTTERING IN THE SHED METAL SIGN,4175.0,9405.76,538
21175,GIN + TONIC DIET METAL SIGN,11709.0,25792.47,759
21175,GIN AND TONIC DIET METAL SIGN,498.0,1237.5,50
21179,NO JUNK MAIL METAL SIGN,1940.0,1313.79,266
21181,PLEASE ONE PERSON METAL SIGN,12274.0,25225.48,845
21186,WHITE DOVE HONEYCOMB PAPER GARLAND,2.0,6.72,1
21187,WHITE BELL HONEYCOMB PAPER GARLAND ,369.0,648.45,48
21188,3D HEARTS  HONEYCOMB PAPER GARLAND,326.0,1021.9,50
21189,WHITE HONEYCOMB PAPER GARLAND ,355.0,888.67,72
21190,PINK HEARTS PAPER GARLAND,168.0,245.2,7
21191,LARGE WHITE HONEYCOMB PAPER BELL  ,562.0,1451.82,95
21192,WHITE BELL HONEYCOMB PAPER ,1092.0,1923.29,88
21194,PINK  HONEYCOMB PAPER FAN,498.0,555.97,65
21195,PINK  HONEYCOMB PAPER BALL ,693.0,1308.56,80
21196,ROUND WHITE CONFETTI IN TUBE,108.0,189.68,13
21197,MULTICOLOUR  CONFETTI IN TUBE,284.0,382.96,27
21198,WHITE HEART CONFETTI IN TUBE,1028.0,1006.82,71
21199,PINK  HEART CONFETTI IN TUBE,966.0,888.33,78
21200,MULTICOLOUR HONEYCOMB PAPER GARLAND,1119.0,1531.14,75
21201,TROPICAL  HONEYCOMB PAPER GARLAND ,1240.0,2987.82,101
21202,DOLLY HONEYCOMB GARLAND,474.0,485.46,25
21204,DAISIES  HONEYCOMB GARLAND ,499.0,868.44,85
21205,MULTICOLOUR 3D BALLS GARLAND,253.0,677.19,68
21206,STRAWBERRY HONEYCOMB  GARLAND ,1290.0,1610.92,109
21207,SKULL AND CROSSBONES  GARLAND ,1067.0,1684.85,132
21208,PASTEL COLOUR HONEYCOMB FAN,940.0,697.77,83
21209,MULTICOLOUR HONEYCOMB FAN,1224.0,886.24,89
21210,SET OF 72 RETROSPOT PAPER  DOILIES,5808.0,8368.39,453
21211,SET OF 72 SKULL PAPER  DOILIES,883.0,1270.07,103
21212,PACK OF 72 RETROSPOT CAKE CASES,36396.0,21246.45,1320
21213,PACK OF 72 SKULL CAKE CASES,15169.0,8414.59,663
21215,IVORY PAPER CUP CAKE CASES ,1087.0,744.35,124
21216,"SET 3 RETROSPOT TEA,COFFEE,SUGAR",2128.0,11382.81,430
21217,RED RETROSPOT ROUND CAKE TINS,1088.0,11522.44,344
21218,RED SPOTTY BISCUIT TIN,2433.0,10116.49,394
21219,SET/4 BADGES BALLOON GIRL,448.0,561.84,89
21220,SET/4 BADGES DOGS,338.0,445.01,89
21221,SET/4 BADGES CUTE CREATURES,261.0,340.22,54
21222,SET/4 BADGES BEETLES,265.0,348.19,73
21224,SET/4 SKULL BADGES,914.0,1080.0,165
21226,POCKET MIRROR WOODLAND,93.0,80.55,20
21228,"POCKET MIRROR ""GLAMOROUS""",5.0,6.25,2
21231,SWEETHEART CERAMIC TRINKET BOX,6054.0,7617.28,509
21232,STRAWBERRY CERAMIC TRINKET BOX,10473.0,14117.58,706
21232,STRAWBERRY CERAMIC TRINKET POT,1369.0,2131.22,125
21238,RED RETROSPOT CUP,3969.0,3488.44,387
21239,PINK  POLKADOT CUP,3016.0,2707.34,307
21240,BLUE POLKADOT CUP,3570.0,3110.26,325
21242,RED RETROSPOT PLATE ,3373.0,5699.71,304
21243,PINK  POLKADOT PLATE ,2065.0,3449.6,185
21243,PINK POLKADOT PLATE ,220.0,377.56,25
21244,BLUE POLKADOT PLATE ,2282.0,3789.32,196
21245,GREEN POLKADOT PLATE ,1075.0,1787.2,128
21246,RED RETROSPOT BIG BOWL,286.0,1336.78,96
21248,DOOR HANGER  MUM + DADS ROOM,205.0,330.72,66
21249,WOODLAND  HEIGHT CHART STICKERS ,724.0,2160.0,119
21250,SET OF SKULL WALL STICKERS,95.0,274.37,20
21251,DINOSAUR HEIGHT CHART STICKER SET,182.0,568.98,46
21253,SET OF PICTURE FRAME  STICKERS,134.0,590.42,62
21257,VICTORIAN SEWING BOX MEDIUM,688.0,6901.42,261
21258,VICTORIAN SEWING BOX LARGE,532.0,7674.8,163
21259,VICTORIAN SEWING BOX SMALL ,1179.0,7077.2,285
21260,FIRST AID TIN,1161.0,3722.23,166
21261,GREEN GOOSE FEATHER CHRISTMAS TREE ,187.0,672.09,45
21262,WHITE GOOSE FEATHER CHRISTMAS TREE ,332.0,1233.21,78
21263,GREEN GOOSE FEATHER TREE 60CM,167.0,349.17,42
21264,WHITE GOOSE FEATHER TREE 60CM ,283.0,571.65,48
21265,PINK GOOSE FEATHER TREE 60CM,131.0,267.21,19
21268,VINTAGE BLUE TINSEL REEL,2.0,0.84,1
21269,ANTIQUE CREAM CUTLERY SHELF ,29.0,254.98,19
21270,ANTIQUE CREAM CUTLERY CUPBOARD,50.0,530.19,36
21272,SALLE DE BAIN HOOK,548.0,777.57,103
21275,ZINC TOP  2 DOOR WOODEN SHELF ,13.0,270.08,12
21277,FRENCH STYLE EMBOSSED HEART CABINET,26.0,571.43,22
21278,VINTAGE KITCHEN PRINT PUDDINGS,31.0,79.05,7
21279,VINTAGE KITCHEN PRINT FRUITS,85.0,266.15,29
21280,VINTAGE KITCHEN PRINT VEGETABLES,65.0,165.75,12
21281,VINTAGE KITCHEN PRINT SEAFOOD,43.0,129.63,14
21284,RETROSPOT CANDLE  SMALL,403.0,374.49,42
21285,RETROSPOT CANDLE  MEDIUM,365.0,413.88,43
21286,RETROSPOT CANDLE  LARGE,273.0,362.12,30
21287,SCENTED VELVET LOUNGE CANDLE ,1790.0,760.15,55
21288,STRIPEY CHOCOLATE NESTING BOXES,355.0,1061.41,110
21289,LARGE STRIPES CHOCOLATE GIFT BAG,567.0,708.75,49
21291,SMALL POLKADOT CHOCOLATE GIFT BAG ,943.0,819.64,52
21292,SMALL STRIPES CHOCOLATE GIFT BAG ,867.0,594.51,28
21293,MIRRORED DOVE WALL DECORATION,116.0,276.72,24
21294,ETCHED GLASS COASTER,1618.0,825.49,71
21306,SET/4 DAISY MIRROR MAGNETS,494.0,192.74,44
21307,SET/4 BUTTERFLY MIRROR MAGNETS,79.0,39.2,13
21310,CAPIZ CHANDELIER,1.0,29.95,1
21311,SET/4 BIRD MIRROR MAGNETS ,459.0,181.33,51
21313,GLASS HEART T-LIGHT HOLDER ,3321.0,2893.77,214
21314,SMALL GLASS HEART TRINKET POT,4246.0,9798.98,541
21316,SMALL CHUNKY GLASS ROMAN  BOWL,159.0,214.73,15
21317,GLASS SPHERE CANDLE STAND MEDIUM,111.0,684.08,34
21318,GLASS CHALICE BLUE SMALL ,694.0,421.78,49
21319,GLASS CHALICE GREEN  SMALL ,161.0,175.78,19
21320,GLASS CHALICE GREEN  LARGE ,197.0,364.22,19
21324,HANGING MEDINA LANTERN SMALL,81.0,259.67,28
21326,AGED GLASS SILVER T-LIGHT HOLDER,10535.0,6859.27,340
21327,SKULLS WRITING SET ,864.0,1484.13,252
21328,BALLOONS  WRITING SET ,1337.0,2410.43,346
21329,DINOSAURS  WRITING SET ,941.0,1723.69,287
21331,MOROCCAN BEATEN METAL DISH LARGE,12.0,165.74,8
21332,MOROCCAN BEATEN METAL MIRROR,19.0,268.1,13
21333,CLASSIC WHITE FRAME,56.0,168.16,16
21336,GOLD WASHBAG,27.0,54.57,10
21340,CLASSIC METAL BIRDCAGE PLANT HOLDER,975.0,11300.02,290
21344,MOROCCAN BEATEN METAL DISH,15.0,160.09,6
21348,PINK SPOTS CHOCOLATE NESTING BOXES ,140.0,361.56,6
21349,IVY HEART WREATH,18.0,155.6,11
21351,CINAMMON & ORANGE WREATH,104.0,672.88,34
21352,EUCALYPTUS & PINECONE  WREATH,378.0,1511.26,77
21354,TOAST ITS - BEST MUM,799.0,1007.71,95
21355,TOAST ITS - I LOVE YOU ,789.0,992.58,120
21356,TOAST ITS - FAIRY FLOWER,642.0,703.3,151
21357,TOAST ITS - DINOSAUR,19.0,23.75,10
21358,TOAST ITS - HAPPY BIRTHDAY,411.0,493.29,108
21359,RELAX LARGE WOOD LETTERS,129.0,844.28,29
21360,JOY LARGE WOOD LETTERS,39.0,236.17,16
21361,LOVE LARGE WOOD LETTERS ,106.0,1505.96,69
21363,HOME SMALL WOOD LETTERS,243.0,1403.94,125
21364,PEACE SMALL WOOD LETTERS,30.0,222.96,24
21365,MIRRORED WALL ART STARS,363.0,447.09,52
21366,MIRRORED WALL ART PHOTO FRAMES,89.0,470.17,46
21367,MIRRORED WALL ART GENTS,171.0,199.49,43
21368,MIRRORED WALL ART LADIES,163.0,143.28,33
21369,MIRRORED WALL ART SPLODGES,101.0,161.49,16
21370,MIRRORED WALL ART FOXY,16.0,100.66,9
21371,MIRRORED WALL ART POPPIES,287.0,319.71,38
21372,MIRRORED WALL ART TABLE LAMP,75.0,107.75,33
21373,MIRRORED WALL ART SNOWFLAKES,512.0,389.04,47
21374,MIRRORED WALL ART SKULLS,304.0,463.79,46
21375,LARGE CAMPHOR WOOD FIELD MUSHROOM ,41.0,312.77,27
21376,LARGE  TALL CAMPHOR WOOD TOADSTOOL ,33.0,192.81,17
21377,SMALL CAMPHOR WOOD FIELD  MUSHROOM,121.0,215.68,41
21378,SMALL TALL CAMPHOR WOOD TOADSTOOL,142.0,217.89,34
21379,CAMPHOR WOOD PORTOBELLO MUSHROOM,178.0,246.83,50
21380,WOODEN HAPPY BIRTHDAY GARLAND,2165.0,6307.51,290
21381,MINI WOODEN HAPPY BIRTHDAY GARLAND,1811.0,3131.24,224
21382,SET/4 SPRING FLOWER DECORATION,1143.0,1376.53,128
21383,PACK OF 12 STICKY BUNNIES,991.0,751.28,167
21385,IVORY HANGING DECORATION  HEART,3883.0,3442.45,317
21386,IVORY HANGING DECORATION  EGG,709.0,285.64,51
21389,IVORY HANGING DECORATION  BIRD,1113.0,964.23,128
21390,FILIGRIS HEART WITH BUTTERFLY,3903.0,4848.13,212
21391,FRENCH LAVENDER SCENT HEART,1069.0,1055.59,106
21392,RED POLKADOT PUDDING BOWL,34.0,46.39,7
21393,BLUE POLKADOT PUDDING BOWL,29.0,38.67,7
21394,RED POLKADOT BEAKER ,3865.0,1603.77,131
21395,BLUE POLKADOT BEAKER ,2838.0,1139.06,90
21397,BLUE POLKADOT EGG CUP ,1075.0,550.43,65
21398,RED POLKADOT COFFEE  MUG,1532.0,729.6,63
21399,BLUE POLKADOT COFFEE MUG,2054.0,869.61,71
21400,RED PUDDING SPOON,881.0,128.63,72
21401,BLUE PUDDING SPOON,1052.0,151.19,82
21402,RED  EGG  SPOON,1369.0,185.52,92
21403,BLUE EGG  SPOON,1857.0,322.18,106
21407,BROWN CHECK CAT DOORSTOP ,290.0,1421.11,138
21408,SPOTTY PINK DUCK DOORSTOP,285.0,1282.81,117
21410,COUNTRY COTTAGE  DOORSTOP GREEN,1.0,8.47,1
21411,GINGHAM HEART  DOORSTOP RED,785.0,2961.83,241
21413,PERIWINKLE T-LIGHT HOLDER,48.0,75.02,17
21414,SCALLOP SHELL SOAP DISH,1.0,2.1,1
21415,CLAM SHELL SMALL ,219.0,446.02,46
21416,CLAM SHELL LARGE,5.0,18.75,4
21417,COCKLE SHELL DISH,340.0,629.8,68
21418,STARFISH SOAP DISH,74.0,189.75,25
21420,OYSTER TRINKET BOX,53.0,120.41,19
21421,PORCELAIN ROSE LARGE ,299.0,348.43,14
21422,PORCELAIN ROSE SMALL,1607.0,1295.0,63
21424,WOODLAND STORAGE BOX LARGE ,346.0,1401.02,70
21425,SKULLS STORAGE BOX LARGE,87.0,320.49,30
21426,WOODLAND STORAGE BOX SMALL,256.0,624.58,46
21427,SKULLS STORAGE BOX SMALL,96.0,256.44,41
21428,SET3 BOOK BOX GREEN GINGHAM FLOWER ,1207.0,5163.63,262
21429,RED GINGHAM ROSE JEWELLERY BOX,1740.0,3391.15,286
21430,SET/3 RED GINGHAM ROSE STORAGE BOX,3034.0,11905.95,477
21439,BASKET OF TOADSTOOLS,1430.0,1767.15,130
21441,BLUE BIRDHOUSE DECORATION,421.0,292.03,62
21442,GREEN BIRDHOUSE DECORATION,437.0,307.94,59
21445,12 PINK ROSE PEG PLACE SETTINGS,214.0,267.5,21
21446,12 RED ROSE PEG PLACE SETTINGS,449.0,630.92,105
21447,12 IVORY ROSE PEG PLACE SETTINGS,969.0,1478.1,148
21448,12 DAISY PEGS IN WOOD BOX,344.0,592.62,77
21452,TOADSTOOL MONEY BOX,817.0,2549.11,184
21454,PAINTED PINK RABBIT ,572.0,485.16,136
21455,PAINTED YELLOW WOODEN DAISY,612.0,516.79,117
21456,2 PICTURE BOOK EGGS EASTER CHICKS,171.0,222.22,25
21457,2 PICTURE BOOK EGGS EASTER DUCKS,124.0,165.89,25
21458,2 PICTURE BOOK EGGS EASTER BUNNY,182.0,256.54,36
21459,YELLOW EASTER EGG HUNT START POST,76.0,150.38,19
21460,GREEN EASTER EGG HUNT START POST,28.0,56.78,11
21461,BLUE EASTER EGG HUNT START POST,10.0,23.86,6
21462,"NURSERY A,B,C PAINTED LETTERS",198.0,932.4,73
21463,MIRRORED DISCO BALL ,649.0,3435.05,134
21464,DISCO BALL ROTATOR BATTERY OPERATED,249.0,1055.25,105
21465,PINK FLOWER CROCHET FOOD COVER,237.0,897.8,79
21466,RED FLOWER CROCHET FOOD COVER,304.0,1116.89,112
21467,CHERRY CROCHET FOOD COVER,264.0,1004.39,104
21468,BUTTERFLY CROCHET FOOD COVER,148.0,572.23,66
21469,POLKA DOT RAFFIA FOOD COVER,290.0,1085.32,89
21470,FLOWER VINE RAFFIA FOOD COVER,381.0,1470.32,140
21471,STRAWBERRY RAFFIA FOOD COVER,639.0,2220.59,163
21472,LADYBIRD + BEE RAFFIA FOOD COVER,123.0,476.41,37
21473,SWEETHEART CREAM STEEL TABLE RECT,27.0,618.66,21
21476,STEEL SWEETHEART ROUND TABLE CREAM,41.0,699.63,24
21479,WHITE SKULL HOT WATER BOTTLE ,3915.0,20582.2,499
21481,FAWN BLUE HOT WATER BOTTLE,3307.0,11443.87,490
21484,CHICK GREY HOT WATER BOTTLE,1871.0,8495.42,402
21485,RETROSPOT HEART HOT WATER BOTTLE,3524.0,17663.98,623
21486,PINK HEART DOTS HOT WATER BOTTLE,36.0,147.88,11
21488,RED WHITE SCARF  HOT WATER BOTTLE,69.0,566.17,16
21491,SET OF THREE VINTAGE GIFT WRAPS,1.0,1.95,1
21494,ROTATING LEAVES T-LIGHT HOLDER,1928.0,3571.33,313
21495,SKULLS AND CROSSBONES WRAP,5800.0,2356.0,165
21497,FANCY FONTS BIRTHDAY WRAP,8550.0,3409.0,230
21498,RED RETROSPOT WRAP ,10526.0,4311.92,336
21499,BLUE POLKADOT WRAP,6927.0,2809.34,217
21500,PINK POLKADOT WRAP ,6350.0,2593.0,213
21503,TOYBOX  WRAP ,726.0,288.92,23
21504,SKULLS GREETING CARD,1891.0,778.89,115
21506,"FANCY FONT BIRTHDAY CARD, ",4922.0,2085.89,323
21507,ELEPHANT BIRTHDAY CARD ,1110.0,474.78,95
21507,"ELEPHANT, BIRTHDAY CARD, ",2210.0,945.46,167
21508,VINTAGE KID DOLLY CARD ,2478.0,1041.94,213
21509,COWBOYS AND INDIANS BIRTHDAY CARD ,3741.0,1572.28,274
21518,BANK ACCOUNT  GREETING  CARD ,318.0,132.44,38
21519,GIN & TONIC DIET GREETING CARD ,3299.0,1389.22,246
21520,BOOZE & WOMEN GREETING CARD ,504.0,214.19,58
21523,DOORMAT FANCY FONT HOME SWEET HOME,3245.0,21593.74,502
21524,DOORMAT SPOTTY HOME SWEET HOME,1752.0,13572.06,480
21527,RED RETROSPOT TRADITIONAL TEAPOT ,477.0,3724.99,144
21528,DAIRY MAID TRADITIONAL TEAPOT ,215.0,1557.57,111
21530,DAIRY MAID TOASTRACK,777.0,769.57,104
21531,RED RETROSPOT SUGAR JAM BOWL,1516.0,3682.17,246
21533,RETROSPOT LARGE MILK JUG,1351.0,6651.72,339
21534,DAIRY MAID LARGE MILK JUG,370.0,1879.18,155
21535,RED RETROSPOT SMALL MILK JUG,2487.0,5986.01,343
21537,RED RETROSPOT PUDDING BOWL,332.0,1387.96,61
21538,DAIRY MAID  PUDDING BOWL,5.0,18.75,2
21539,RED RETROSPOT BUTTER DISH,969.0,4743.9,238
21544,SKULLS  WATER TRANSFER TATTOOS ,1972.0,1687.68,174
21547,CERAMIC BIRDHOUSE CRESTED TIT SMALL,79.0,253.53,22
21555,CERAMIC STRAWBERRY TRINKET TRAY,137.0,350.47,69
21556,CERAMIC STRAWBERRY MONEY BOX,977.0,2515.52,114
21557,SET OF 6 FUNKY BEAKERS,551.0,1843.61,162
21558,SKULL LUNCH BOX WITH CUTLERY ,2131.0,5550.22,412
21559,STRAWBERRY LUNCH BOX WITH CUTLERY,3933.0,9735.38,573
21561,DINOSAUR LUNCH BOX WITH CUTLERY,1281.0,3127.38,213
21562,HAWAIIAN GRASS SKIRT ,324.0,380.36,28
21563,RED HEART SHAPE LOVE BUCKET ,1395.0,2803.13,159
21564,PINK  HEART SHAPE LOVE BUCKET ,1042.0,1831.62,123
21576,LETS GO SHOPPING COTTON TOTE BAG,252.0,585.34,78
21577,SAVE THE PLANET COTTON TOTE BAG,720.0,1664.9,175
21578,WOODLAND DESIGN  COTTON TOTE BAG,746.0,1657.76,127
21579,LOLITA  DESIGN  COTTON TOTE BAG,176.0,409.72,50
21580,RABBIT  DESIGN  COTTON TOTE BAG,181.0,444.07,62
21581,SKULLS  DESIGN  COTTON TOTE BAG,252.0,590.67,79
21584,RETROSPOT SMALL TUBE MATCHES,1059.0,1743.35,146
21586,KINGS CHOICE GIANT TUBE MATCHES,743.0,1721.85,67
21587,COSY HOUR GIANT TUBE MATCHES,195.0,475.65,26
21588,RETROSPOT GIANT TUBE MATCHES,1494.0,3442.5,132
21591,COSY HOUR CIGAR BOX MATCHES ,1374.0,1996.14,146
21592,RETROSPOT CIGAR BOX MATCHES ,2149.0,2149.07,216
21594,Dr. Jam's Arouzer Stress Ball,2.0,8.34,2
21595,Dad's Cab Electronic Meter,2.0,16.94,2
21609,SET 12 LAVENDER  BOTANICAL T-LIGHTS,763.0,2086.69,76
21613,S/12 VANILLA  BOTANICAL T-LIGHTS,227.0,661.93,42
21614,SET OF 12 ROSE BOTANICAL T-LIGHTS,51.0,153.29,9
21615,4 LAVENDER BOTANICAL DINNER CANDLES,891.0,1347.92,135
21616,4 PEAR BOTANICAL DINNER CANDLES,822.0,1288.34,138
21617,4 LILY  BOTANICAL DINNER CANDLES,525.0,1009.26,102
21618,4 WILDFLOWER BOTANICAL CANDLES,404.0,768.37,91
21619,4 VANILLA BOTANICAL CANDLES,974.0,1476.4,164
21620,SET OF 4 ROSE BOTANICAL CANDLES,881.0,1429.49,165
21621,VINTAGE UNION JACK BUNTING,2787.0,24525.83,475
21622,VINTAGE UNION JACK CUSHION COVER,380.0,1982.64,104
21623,VINTAGE UNION JACK MEMOBOARD,3269.0,22980.24,221
21624,VINTAGE UNION JACK DOORSTOP,216.0,1331.56,95
21625,VINTAGE UNION JACK APRON,407.0,2939.51,169
21626,VINTAGE UNION JACK PENNANT,794.0,1584.8,99
21627,ELEPHANT CARNIVAL POUFFE,63.0,1299.83,47
21628,TRIANGULAR POUFFE VINTAGE ,63.0,1161.65,33
21629,SQUARE FLOOR CUSHION VINTAGE RED,71.0,672.05,42
21630,FLOOR CUSHION ELEPHANT CARNIVAL,69.0,718.14,35
21631,HIPPY CHIC DECORATIVE PARASOL,169.0,896.01,27
21632,VINTAGE PINK DECORATIVE PARASOL,88.0,489.74,24
21633,SUNFLOWER DECORATIVE PARASOL,125.0,895.46,42
21634,ASSORTED MINI MADRAS NOTEBOOK,976.0,481.95,28
21635,MADRAS NOTEBOOK LARGE ,271.0,374.96,16
21636,MADRAS NOTEBOOK MEDIUM,913.0,705.16,73
21637,ASSORTED SANSKRIT MINI NOTEBOOK,109.0,136.25,6
21638,ASSORTED TUTTI FRUTTI NOTEBOOK,247.0,547.76,40
21640,ASSORTED TUTTI FRUTTI  FOB NOTEBOOK,650.0,633.83,78
21641,ASSORTED TUTTI FRUTTI KEYRING BALL,1153.0,451.59,49
21642,ASSORTED TUTTI FRUTTI PEN,2471.0,830.73,101
21643,ASSORTED TUTTI FRUTTI MIRROR,550.0,743.31,60
21644,ASSORTED TUTTI FRUTTI HEART BOX,215.0,268.75,32
21647,ASSORTED TUTTI FRUTTI LARGE PURSE,107.0,224.7,25
21648,ASSORTED TUTTI FRUTTI SMALL PURSE,729.0,982.79,66
21650,ASSORTED TUTTI FRUTTI BRACELET,2550.0,692.85,132
21651,HANGING GLASS ETCHED TEALIGHT,127.0,198.57,11
21654,RIDGED GLASS FINGER BOWL,974.0,504.68,59
21655,HANGING RIDGE GLASS T-LIGHT HOLDER,36.0,60.84,2
21656,RIDGED GLASS POSY VASE ,219.0,444.58,47
21657,MILK BOTTLE WITH GLASS STOPPER ,30.0,223.46,17
21658,GLASS  BEURRE DISH,878.0,3709.78,212
21661,VINTAGE GLASS TEA CADDY,3.0,17.85,3
21662,VINTAGE GLASS COFFEE CADDY,86.0,557.3,26
21664,RIDGED GLASS STORAGE JAR CREAM LID,98.0,350.22,18
21666,RIDGED GLASS T-LIGHT HOLDER,412.0,283.51,43
21667,GLASS CAKE COVER AND PLATE,2.0,29.9,1
21668,RED STRIPE CERAMIC DRAWER KNOB,5494.0,7481.16,437
21669,BLUE STRIPE CERAMIC DRAWER KNOB,5252.0,7091.15,425
21670,BLUE SPOT CERAMIC DRAWER KNOB,4328.0,6083.99,374
21671,RED SPOT CERAMIC DRAWER KNOB,4402.0,6054.79,369
21672,WHITE SPOT RED CERAMIC DRAWER KNOB,4992.0,6776.0,409
21673,WHITE SPOT BLUE CERAMIC DRAWER KNOB,4372.0,6041.2,365
21675,BUTTERFLIES STICKERS,628.0,568.26,110
21676,FLOWERS  STICKERS,257.0,245.36,61
21677,HEARTS  STICKERS,835.0,737.84,119
21678,PAISLEY PATTERN  STICKERS,125.0,111.86,32
21679,SKULLS  STICKERS,1140.0,1028.58,138
21680,WOODLAND  STICKERS,868.0,786.31,103
21681,GIANT MEDINA STAMPED METAL BOWL ,2.0,19.9,2
21682,LARGE MEDINA STAMPED METAL BOWL ,182.0,930.96,55
21683,MEDIUM MEDINA STAMPED METAL BOWL ,310.0,948.7,58
21684,SMALL MEDINA STAMPED METAL BOWL ,771.0,612.1,47
21686,MEDINA STAMPED METAL STOOL,35.0,1351.64,20
21688,SILVER PLATE CANDLE BOWL SMALL,348.0,1101.28,57
21689,SILVER VANILLA  FLOWER CANDLE POT,95.0,369.87,26
21690,SILVER  CANDLEPOT JARDIN ,22.0,82.5,7
21692,SILVER LATTICE VANILLA CANDLE POT,17.0,63.75,7
21693,SMALL HAMMERED SILVER CANDLEPOT ,361.0,1107.91,50
21694,SMALL REGAL  SILVER CANDLEPOT ,307.0,840.33,24
21695,SMALL SILVER FLOWER CANDLE POT,284.0,857.68,41
21696,SMALL SILVER TRELLIS CANDLEPOT,224.0,672.4,33
21698,MOCK LOBSTER FRIDGE MAGNET,296.0,164.17,45
21700,BIG DOUGHNUT FRIDGE MAGNETS,1726.0,2334.94,198
21703,BAG 125g SWIRLY MARBLES,9390.0,3528.89,294
21704,BAG 250g SWIRLY MARBLES,5144.0,4039.28,248
21705,BAG 500g SWIRLY MARBLES,1459.0,1462.17,141
21706,FOLDING UMBRELLA RED/WHITE POLKADOT,346.0,1616.81,120
21707,FOLDING UMBRELLA BLACKBLUE POLKADOT,160.0,763.66,74
21708,FOLDING UMBRELLA CREAM POLKADOT,190.0,863.11,64
21709,FOLDING UMBRELLA CHOCOLATE POLKADOT,133.0,607.23,59
21710,FOLDING UMBRELLA PINKWHITE POLKADOT,107.0,501.98,45
21711,FOLDING UMBRELLA WHITE/RED POLKADOT,104.0,513.02,36
21713,CITRONELLA CANDLE FLOWERPOT,786.0,1817.74,157
21714,CITRONELLA CANDLE GARDEN POT,1651.0,3010.65,225
21715,GIRLS VINTAGE TIN SEASIDE BUCKET,1330.0,3507.17,231
21716,BOYS VINTAGE TIN SEASIDE BUCKET,1425.0,3872.92,244
21717,EASTER TIN BUCKET,408.0,946.93,41
21718,RED METAL BEACH SPADE ,1493.0,2113.39,229
21719,LOVELY BONBON STICKER SHEET,345.0,307.44,58
21720,CAKE SHOP  STICKER SHEET,57.0,48.45,8
21721,CANDY SHOP  STICKER SHEET,195.0,179.46,33
21722,SWEET PUDDING STICKER SHEET,98.0,95.53,36
21723,ALPHABET HEARTS STICKER SHEET,397.0,350.08,59
21724,PANDA AND BUNNIES STICKER SHEET,408.0,355.83,81
21725,SWEETIES  STICKERS,301.0,277.24,50
21726,MULTI HEARTS  STICKERS,237.0,204.69,42
21730,GLASS STAR FROSTED T-LIGHT HOLDER,517.0,2514.43,131
21731,RED TOADSTOOL LED NIGHT LIGHT,14001.0,23919.78,849
21733,RED HANGING HEART T-LIGHT HOLDER,7872.0,23199.24,741
21735,TWO DOOR CURIO CABINET,212.0,2577.45,83
21736,GOLD SCROLL GLASS T-LIGHT HOLDER,80.0,137.22,5
21738,COSY SLIPPER SHOES SMALL  RED ,46.0,144.58,21
21739,COSY SLIPPER SHOES SMALL GREEN,254.0,703.08,111
21741,COSY SLIPPER SHOES LARGE GREEN,147.0,480.17,40
21742,LARGE ROUND WICKER PLATTER ,194.0,1167.58,91
21743,STAR PORTABLE TABLE LIGHT ,299.0,887.65,49
21744,SNOWFLAKE PORTABLE TABLE LIGHT ,529.0,1557.65,127
21745,GAOLERS KEYS DECORATIVE GARDEN ,935.0,3475.73,214
21746,SMALL RED RETROSPOT WINDMILL,3075.0,3766.93,226
21747,SMALL SKULL WINDMILL,485.0,645.61,54
21749,LARGE RED RETROSPOT WINDMILL,1963.0,3877.09,140
21750,LARGE SKULL WINDMILL,90.0,207.51,24
21754,HOME BUILDING BLOCK WORD,2759.0,16923.47,777
21755,LOVE BUILDING BLOCK WORD,2011.0,12435.86,629
21756,BATH BUILDING BLOCK WORD,809.0,5006.26,270
21757,LIGHTHOUSE PRINTED METAL SIGN,6.0,29.7,3
21758,VINTAGE SHELLS PRINT,50.0,427.46,32
21761,WOOD AND GLASS MEDICINE CABINET,10.0,299.5,10
21763,VINTAGE WOODEN BAR STOOL,6.0,169.75,4
21769,VINTAGE POST OFFICE CABINET,11.0,607.65,2
21770,OPEN CLOSED METAL SIGN,1638.0,7923.93,388
21773,DECORATIVE ROSE BATHROOM BOTTLE,1170.0,1154.17,163
21774,DECORATIVE CATS BATHROOM BOTTLE,1095.0,1152.4,186
21775,DECORATIVE FLORE BATHROOM BOTTLE,515.0,716.86,139
21777,RECIPE BOX WITH METAL HEART,12.0,95.4,6
21781,MA CAMPAGNE CUTLERY BOX,168.0,2661.8,101
21784,SHOE SHINE BOX ,57.0,633.07,44
21785,RAIN PONCHO ,411.0,268.76,5
21786,POLKADOT RAIN HAT ,1937.0,916.99,226
21787,RAIN PONCHO RETROSPOT,8875.0,7161.1,243
21788,KIDS RAIN MAC BLUE,1293.0,1029.24,85
21789,KIDS RAIN MAC PINK,925.0,803.65,92
21790,VINTAGE SNAP CARDS,14521.0,12510.01,926
21791,VINTAGE HEADS AND TAILS CARD GAME ,7864.0,10504.4,607
21792,CLASSIC FRENCH STYLE BASKET GREEN ,344.0,1497.72,76
21793,CLASSIC FRENCH STYLE BASKET BROWN,304.0,1296.61,74
21794,CLASSIC FRENCH STYLE BASKET NATURAL,522.0,2213.42,106
21801,CHRISTMAS TREE DECORATION WITH BELL,1251.0,530.26,125
21802,CHRISTMAS TREE HEART DECORATION,2122.0,919.14,180
21803,CHRISTMAS TREE STAR DECORATION,2353.0,1016.02,198
21804,WHITE CHRISTMAS GARLAND STARS TREES,225.0,830.03,65
21807,WHITE CHRISTMAS STAR DECORATION,438.0,189.0,30
21808,"CHRISTMAS GARLAND STARS,TREES",180.0,637.83,48
21809,CHRISTMAS HANGING TREE WITH BELL,1964.0,1117.92,117
21810,CHRISTMAS HANGING STAR WITH BELL,5840.0,2981.84,252
21811,CHRISTMAS HANGING HEART WITH BELL,231.0,307.6,26
21811,HANGING HEART WITH BELL,4619.0,2374.8,219
21812,GARLAND WITH HEARTS AND BELLS,393.0,1746.27,100
21813,GARLAND WITH STARS AND BELLS,549.0,2280.47,112
21814,HEART T-LIGHT HOLDER ,74.0,111.77,15
21815,STAR  T-LIGHT HOLDER ,158.0,270.23,29
21816,CHRISTMAS TREE T-LIGHT HOLDER,33.0,47.85,7
21817,GLITTER CHRISTMAS TREE,906.0,410.91,58
21818,GLITTER CHRISTMAS HEART ,268.0,231.82,21
21818,GLITTER HEART DECORATION,2469.0,1088.59,142
21819,GLITTER CHRISTMAS STAR ,2470.0,1066.65,124
21820,GLITTER HEART GARLAND WITH BELLS ,329.0,1368.47,90
21821,GLITTER STAR GARLAND WITH BELLS ,251.0,1037.05,62
21822,GLITTER CHRISTMAS TREE WITH BELLS,698.0,719.3,97
21823,PAINTED METAL HEART WITH HOLLY BELL,1372.0,854.35,97
21824,PAINTED METAL STAR WITH HOLLY BELLS,1916.0,1102.42,117
21826,EIGHT PIECE DINOSAUR SET,125.0,185.18,35
21827,EIGHT PIECE CREEPY CRAWLIE SET,6.0,7.5,3
21828,EIGHT PIECE SNAKE  SET,330.0,435.79,84
21829,DINOSAUR KEYRINGS ASSORTED,6765.0,1460.74,177
21830,ASSORTED CREEPY CRAWLIES,2621.0,1107.07,99
21832,CHOCOLATE CALCULATOR,954.0,1790.1,198
21833,CAMOUFLAGE LED TORCH,2726.0,4594.43,168
21836,GINGHAM OVEN GLOVE RED HEART ,5.0,26.49,3
21839,MUMMY MOUSE RED GINGHAM RIBBON,1.0,5.45,1
21841,BABY MOUSE RED GINGHAM DRESS,73.0,310.25,21
21843,RED RETROSPOT CAKE STAND,2012.0,21354.3,539
21844,RED RETROSPOT MUG,1847.0,5167.69,156
21845,DAIRY MAID STRIPE MUG,1906.0,1720.3,82
21846,PINK DIAMANTE PEN IN GIFT BOX,424.0,1206.97,103
21847,GREEN  DIAMANTE PEN IN GIFT BOX,76.0,178.89,33
21849,SILVER DIAMANTE PEN IN GIFT BOX,173.0,548.93,66
21850,BLUE  DIAMANTE PEN IN GIFT BOX,129.0,488.13,54
21851,LILAC DIAMANTE PEN IN GIFT BOX,141.0,454.99,63
21864,UNION JACK FLAG PASSPORT COVER ,828.0,2041.69,184
21865,PINK UNION JACK  PASSPORT COVER ,271.0,618.93,106
21866,UNION JACK FLAG LUGGAGE TAG,747.0,1292.38,193
21867,PINK UNION JACK  LUGGAGE TAG,348.0,480.25,121
21868,POTTING SHED TEA MUG,2477.0,3259.75,302
21870,I CAN ONLY PLEASE ONE PERSON MUG,1407.0,1851.46,163
21871,SAVE THE PLANET MUG,5453.0,6679.56,357
21872,GLAMOROUS  MUG,1292.0,1454.98,142
21873,IF YOU CAN'T STAND THE HEAT MUG,1618.0,1834.3,116
21874,GIN AND TONIC MUG,2974.0,4141.18,295
21875,KINGS CHOICE MUG,2055.0,2429.38,148
21876,POTTERING MUG,3789.0,4825.36,333
21877,HOME SWEET HOME MUG,5411.0,6932.78,349
21878,PACK OF 6 SANDCASTLE FLAGS ASSORTED,2523.0,2172.2,224
21879,HEARTS GIFT TAPE,1176.0,385.47,94
21880,RED RETROSPOT TAPE,1903.0,858.78,240
21881,CUTE CATS TAPE,1102.0,383.11,79
21882,SKULLS TAPE,704.0,251.17,70
21883,STARS GIFT TAPE ,1653.0,725.42,133
21884,CAKES AND BOWS GIFT  TAPE,1166.0,413.76,93
21888,BINGO SET,1688.0,6659.54,378
21889,WOODEN BOX OF DOMINOES,6390.0,8847.29,587
21890,S/6 WOODEN SKITTLES IN COTTON BAG,1147.0,3674.11,231
21891,TRADITIONAL WOODEN SKIPPING ROPE,8130.0,10504.85,425
21892,TRADITIONAL WOODEN CATCH CUP GAME ,3192.0,4317.16,412
21894,POTTING SHED SEED ENVELOPES,592.0,902.08,130
21895,POTTING SHED SOW 'N' GROW SET,2.0,12.72,2
21896,POTTING SHED TWINE,980.0,2272.79,110
21897,POTTING SHED CANDLE CITRONELLA,405.0,1268.19,3
21898,POTTING SHED ROSE CANDLE,493.0,1541.11,25
21899,GARAGE KEY FOB,777.0,565.81,147
21899,"KEY FOB , GARAGE DESIGN",1902.0,1192.16,131
21900,"KEY FOB , SHED",3228.0,2197.17,372
21901,"KEY FOB , BACK DOOR ",1828.0,1277.89,308
21902,"KEY FOB , FRONT  DOOR ",1962.0,1262.37,210
21903,MAN FLU METAL SIGN,1160.0,2490.13,180
21904,HOUSE WRECKING METAL SIGN ,50.0,105.0,23
21905,MORE BUTTER METAL SIGN ,760.0,821.61,160
21906,PHARMACIE FIRST AID TIN,581.0,4470.81,173
21907,I'M ON HOLIDAY METAL SIGN,2371.0,5027.18,367
21908,CHOCOLATE THIS WAY METAL SIGN,3771.0,7752.22,468
21910,WAY OUT METAL SIGN ,36.0,59.4,8
21911,GARDEN METAL SIGN ,114.0,203.21,29
21912,VINTAGE SNAKES & LADDERS,1786.0,7047.7,396
21913,VINTAGE SEASIDE JIGSAW PUZZLES,398.0,1565.83,148
21914,BLUE HARMONICA IN BOX ,7876.0,10339.81,603
21915,RED  HARMONICA IN BOX ,21903.0,26294.08,661
21916,SET 12 RETRO WHITE CHALK STICKS,4599.0,1973.49,359
21917,SET 12 KIDS  WHITE CHALK STICKS,4151.0,1701.93,225
21918,SET 12 KIDS COLOUR  CHALK STICKS,7199.0,2950.25,369
21922,UNION STRIPE WITH FRINGE  HAMMOCK,898.0,6944.36,208
21925,UNION STRIPE CUSHION COVER ,403.0,503.75,65
21926,RED/CREAM STRIPE CUSHION COVER ,414.0,509.9,60
21927,BLUE/CREAM STRIPE CUSHION COVER ,623.0,771.15,99
21928,JUMBO BAG SCANDINAVIAN BLUE PAISLEY,8411.0,17239.69,662
21928,JUMBO BAG SCANDINAVIAN PAISLEY,2057.0,3904.72,144
21929,JUMBO BAG PINK VINTAGE PAISLEY,11006.0,23179.06,865
21930,JUMBO STORAGE BAG SKULLS,6438.0,14006.2,705
21931,JUMBO STORAGE BAG SUKI,13651.0,30764.01,1184
21932,SCANDINAVIAN PAISLEY PICNIC BAG,2720.0,4995.38,446
21933,PINK VINTAGE PAISLEY PICNIC BAG,2672.0,4957.43,410
21934,SKULL SHOULDER BAG,2421.0,4480.28,411
21935,SUKI  SHOULDER BAG,3393.0,6298.61,530
21936,RED RETROSPOT PICNIC BAG,3985.0,11665.19,531
21937,STRAWBERRY   PICNIC BAG,1707.0,4898.85,251
21942,SKULLS DESIGN FLANNEL,287.0,313.01,103
21943,CAKES AND RABBITS DESIGN FLANNEL ,119.0,134.49,50
21944,KITTENS DESIGN FLANNEL,337.0,310.19,100
21945,STRAWBERRIES  DESIGN FLANNEL ,358.0,373.34,105
21946,PARTY TIME DESIGN FLANNEL,86.0,75.35,25
21947,SET OF 6 HEART CHOPSTICKS,811.0,1139.65,152
21948,SET OF 6 CAKE CHOPSTICKS,640.0,978.23,153
21949,SET OF 6 STRAWBERRY CHOPSTICKS,801.0,1054.44,144
21955,DOORMAT UNION JACK GUNS AND ROSES,1228.0,7580.82,206
21967,PACK OF 12 SKULL TISSUES,5271.0,1582.15,232
21972,SET OF 36 DINOSAUR PAPER DOILIES,335.0,499.08,65
21973,SET OF 36 MUSHROOM PAPER DOILIES,159.0,230.55,30
21974,SET OF 36 PAISLEY FLOWER DOILIES,2219.0,3545.6,360
21975,PACK OF 60 DINOSAUR CAKE CASES,12312.0,6102.51,601
21976,PACK OF 60 MUSHROOM CAKE CASES,5199.0,2869.9,393
21977,PACK OF 60 PINK PAISLEY CAKE CASES,24820.0,12226.32,869
21980,PACK OF 12 RED RETROSPOT TISSUES ,6685.0,2121.18,297
21981,PACK OF 12 WOODLAND TISSUES ,5468.0,1651.3,271
21982,PACK OF 12 SUKI TISSUES ,7173.0,2215.61,359
21983,PACK OF 12 BLUE PAISLEY TISSUES ,2301.0,777.67,155
21984,PACK OF 12 PINK PAISLEY TISSUES ,3458.0,1112.6,212
21985,PACK OF 12 HEARTS DESIGN TISSUES ,8775.0,2729.51,427
21986,PACK OF 12 PINK POLKADOT TISSUES,4067.0,1197.73,189
21987,PACK OF 6 SKULL PAPER CUPS,2113.0,1346.65,171
21988,PACK OF 6 SKULL PAPER PLATES,2321.0,1862.75,193
21989,PACK OF 20 SKULL PAPER NAPKINS,2409.0,2233.1,335
21990,MODERN FLORAL STATIONERY SET,1672.0,2870.0,366
21991,BOHEMIAN COLLAGE STATIONERY SET,635.0,1080.82,211
21992,VINTAGE PAISLEY STATIONERY SET,1901.0,3510.72,436
21993,FLORAL FOLK STATIONERY SET,1937.0,3355.84,425
22016,Dotcomgiftshop Gift Voucher £100.00,1.0,83.33,1
22021,BLUE FELT EASTER EGG BASKET,365.0,610.45,71
22023,EMPIRE BIRTHDAY CARD,1206.0,538.72,146
22024,RAINY LADIES BIRTHDAY CARD,2406.0,1023.73,213
22025,RING OF ROSES BIRTHDAY CARD,1835.0,761.05,130
22026,BANQUET BIRTHDAY  CARD  ,1644.0,712.08,160
22027,TEA PARTY BIRTHDAY CARD,4368.0,1873.71,362
22028,PENNY FARTHING BIRTHDAY CARD,3042.0,1304.14,262
22029,SPACEBOY BIRTHDAY CARD,8161.0,3387.57,527
22030,SWALLOWS GREETING CARD,5527.0,2237.89,274
22031,BOTANICAL LAVENDER BIRTHDAY CARD,504.0,225.59,80
22032,BOTANICAL LILY GREETING CARD,427.0,181.98,60
22033,BOTANICAL ROSE GREETING CARD,337.0,141.95,22
22034,ROBIN CHRISTMAS CARD,10.0,5.02,4
22035,VINTAGE CARAVAN GREETING CARD ,1452.0,617.32,137
22037,ROBOT BIRTHDAY CARD,3929.0,1695.32,354
22038,BOTANICAL LAVENDER GIFT WRAP ,475.0,199.5,19
22039,BOTANICAL LILY GIFT WRAP,250.0,105.0,7
22040,BOTANICAL ROSE GIFT WRAP,725.0,304.5,28
22041,"RECORD FRAME 7"" SINGLE SIZE ",4374.0,11354.56,361
22042,CHRISTMAS CARD SINGING ANGEL,399.0,168.33,39
22043,CHRISTMAS CARD SCREEN PRINT ,1238.0,304.5,64
22044,CHRISTMAS CARD STACK OF PRESENTS,816.0,196.44,36
22045,SPACEBOY GIFT WRAP,6527.0,2673.34,208
22046,TEA PARTY  WRAPPING PAPER ,2250.0,929.0,75
22047,EMPIRE GIFT WRAP,3375.0,1373.5,106
22048,BIRTHDAY BANQUET GIFT WRAP,975.0,393.5,32
22049,WRAP CHRISTMAS SCREEN PRINT,1050.0,291.5,33
22050,PINK PAISLEY ROSE GIFT WRAP,1225.0,498.5,40
22051,BLUE SCANDINAVIAN PAISLEY WRAP,975.0,409.5,39
22052,VINTAGE CARAVAN GIFT WRAP,650.0,273.0,27
22053,EMPIRE DESIGN ROSETTE,4244.0,3606.42,28
22055,MINI CAKE STAND  HANGING STRAWBERY,1375.0,2083.19,220
22057,CERAMIC PLATE STRAWBERRY DESIGN,584.0,667.92,61
22059,CERAMIC STRAWBERRY DESIGN MUG,1780.0,2081.54,173
22060,LARGE CAKE STAND HANGING HEARTS,231.0,1111.05,34
22061,LARGE CAKE STAND  HANGING STRAWBERY,582.0,4218.06,146
22062,CERAMIC BOWL WITH LOVE HEART DESIGN,583.0,677.86,73
22063,CERAMIC BOWL WITH STRAWBERRY DESIGN,583.0,1367.45,120
22064,PINK DOUGHNUT TRINKET POT ,1728.0,2546.3,241
22065,CHRISTMAS PUDDING TRINKET POT ,6729.0,3462.25,241
22066,LOVE HEART TRINKET POT,2239.0,1044.81,135
22067,CHOC TRUFFLE GOLD TRINKET POT ,408.0,638.62,70
22068,BLACK PIRATE TREASURE CHEST,526.0,856.39,143
22069,BROWN  PIRATE TREASURE CHEST ,414.0,993.5,146
22070,SMALL RED RETROSPOT MUG IN BOX ,948.0,2354.4,116
22071,SMALL WHITE RETROSPOT MUG IN BOX ,729.0,1384.3,86
22072,RED RETROSPOT TEA CUP AND SAUCER ,848.0,2811.17,162
22073,RED RETROSPOT STORAGE JAR,334.0,1336.14,69
22074,6 RIBBONS SHIMMERING PINKS ,1402.0,1239.67,199
22075,6 RIBBONS ELEGANT CHRISTMAS ,1773.0,2489.03,200
22076,6 RIBBONS EMPIRE  ,1259.0,1667.88,225
22077,6 RIBBONS RUSTIC CHARM,9172.0,17186.62,955
22078,RIBBON REEL LACE DESIGN ,1369.0,2923.21,192
22079,RIBBON REEL HEARTS DESIGN ,1897.0,3325.29,323
22080,RIBBON REEL POLKADOTS ,1206.0,2003.48,155
22081,RIBBON REEL FLORA + FAUNA ,644.0,1176.5,138
22082,RIBBON REEL STRIPES DESIGN ,2680.0,4661.88,409
22083,PAPER CHAIN KIT RETROSPOT,4616.0,14051.64,610
22084,PAPER CHAIN KIT EMPIRE,5181.0,15099.37,436
22085,PAPER CHAIN KIT SKULLS ,548.0,1566.99,97
22086,PAPER CHAIN KIT 50'S CHRISTMAS ,19329.0,64875.59,1160
22087,PAPER BUNTING WHITE LACE,4082.0,11872.58,326
22088,PAPER BUNTING COLOURED LACE,1893.0,5661.05,238
22089,PAPER BUNTING VINTAGE PAISLEY,1423.0,4457.43,272
22090,PAPER BUNTING RETROSPOT,7562.0,22785.06,798
22091,EMPIRE TISSUE BOX,1983.0,1030.1,167
22092,BLUE PAISLEY TISSUE BOX,670.0,321.4,91
22093,MOTORING TISSUE BOX,1830.0,822.13,160
22094,RED RETROSPOT TISSUE BOX,2166.0,1135.0,200
22095,LADS ONLY TISSUE BOX,1643.0,1605.96,143
22096,PINK PAISLEY SQUARE TISSUE BOX ,1366.0,584.09,117
22097,SWALLOW SQUARE TISSUE BOX,1596.0,732.39,145
22098,BOUDOIR SQUARE TISSUE BOX,1992.0,1001.55,172
22099,CARAVAN SQUARE TISSUE BOX,1440.0,800.59,153
22100,SKULLS SQUARE TISSUE BOX,755.0,354.82,59
22101,MIRROR MOSAIC VOTIVE HOLDER,1438.0,2053.17,69
22102,MIRROR MOSAIC T-LIGHT HOLDER ,1622.0,831.84,31
22103,MIRROR MOSAIC T-LIGHT HOLDER ROUND,1248.0,908.24,26
22104,MIRROR MOSAIC CANDLE PLATE,288.0,343.71,59
22105,MIRROR MOSAIC GOBLET CANDLE HOLDER,574.0,847.82,33
22106,MIRROR MOSAIC HURRICANE LAMP ,349.0,898.38,47
22107,PIZZA PLATE IN BOX,592.0,2153.06,179
22108,PING! MICROWAVE PLATE,152.0,415.09,63
22109,FULL ENGLISH BREAKFAST PLATE,1640.0,6921.15,296
22110,BIRD HOUSE HOT WATER BOTTLE,1172.0,4912.14,279
22111,SCOTTIE DOG HOT WATER BOTTLE,4655.0,24455.39,771
22112,CHOCOLATE HOT WATER BOTTLE,6017.0,32826.58,858
22113,GREY HEART HOT WATER BOTTLE,3220.0,12763.08,561
22114,HOT WATER BOTTLE TEA AND SYMPATHY,5740.0,32973.44,643
22115,METAL SIGN EMPIRE TEA,1549.0,2020.91,228
22116,METAL SIGN HIS DINNER IS SERVED,575.0,620.42,148
22117,METAL SIGN HER DINNER IS SERVED ,1320.0,3896.45,95
22118,JOY WOODEN BLOCK LETTERS,230.0,895.26,89
22119,PEACE WOODEN BLOCK LETTERS,345.0,1734.87,106
22120,WELCOME  WOODEN BLOCK LETTERS,523.0,5247.09,188
22121,NOEL WOODEN BLOCK LETTERS ,352.0,2159.7,133
22123,PING MICROWAVE APRON,508.0,1068.38,122
22124,SET OF 2 TEA TOWELS PING MICROWAVE,149.0,306.16,76
22125,UNION JACK HOT WATER BOTTLE ,13.0,139.86,3
22127,PARTY CONES CARNIVAL ASSORTED,404.0,504.88,22
22128,PARTY CONES CANDY ASSORTED,1762.0,2127.53,76
22129,PARTY CONES CANDY DECORATION,454.0,621.96,67
22129,PARTY CONES CANDY TREE DECORATION,734.0,604.46,33
22130,PARTY CONE CHRISTMAS DECORATION ,2277.0,2664.63,110
22131,FOOD CONTAINER SET 3 LOVE HEART ,2031.0,3936.59,291
22132,RED LOVE HEART SHAPE CUP,1038.0,939.03,154
22133,PINK LOVE HEART SHAPE CUP,816.0,770.73,133
22134,LADLE LOVE HEART RED ,24.0,17.82,9
22134,MINI LADLE LOVE HEART RED ,865.0,401.18,153
22135,LADLE LOVE HEART PINK,39.0,24.98,13
22135,MINI LADLE LOVE HEART PINK,528.0,297.4,166
22136,LOVE HEART SOCK HANGER,378.0,679.28,84
22137,BATHROOM SET LOVE HEART DESIGN,82.0,237.98,14
22138,BAKING SET 9 PIECE RETROSPOT ,4937.0,24185.27,934
22139,RETROSPOT TEA SET CERAMIC 11 PC ,4518.0,22868.26,962
22141,CHRISTMAS CRAFT TREE TOP ANGEL,2791.0,6463.79,457
22142,CHRISTMAS CRAFT WHITE FAIRY ,3247.0,4946.19,377
22144,CHRISTMAS CRAFT LITTLE FRIENDS,4073.0,9662.28,544
22145,CHRISTMAS CRAFT HEART STOCKING ,30.0,63.0,1
22146,EASTER CRAFT IVY WREATH WITH CHICK,1.0,1.95,1
22147,FELTCRAFT BUTTERFLY HEARTS,6226.0,8621.14,481
22148,EASTER CRAFT 4 CHICKS ,1933.0,3917.45,186
22149,FELTCRAFT 6 FLOWER FRIENDS,6070.0,12357.08,547
22150,3 STRIPEY MICE FELTCRAFT,3021.0,5907.84,468
22151,PLACE SETTING WHITE HEART,15126.0,6322.21,332
22152,PLACE SETTING WHITE STAR,2407.0,1053.08,105
22153,ANGEL DECORATION STARS ON DRESS,2593.0,1109.05,131
22154,ANGEL DECORATION 3 BUTTONS ,3745.0,1636.67,162
22155,STAR DECORATION RUSTIC,2452.0,1133.61,142
22156,HEART DECORATION WITH PEARLS ,2196.0,2113.13,256
22157,ANGEL DECORATION WITH LACE PADDED,212.0,180.2,11
22158,3 HEARTS HANGING DECORATION RUSTIC,3413.0,11797.38,303
22161,HEART DECORATION RUSTIC HANGING ,5083.0,1645.75,340
22162,HEART GARLAND RUSTIC PADDED,264.0,841.24,91
22163,HEART STRING MEMO HOLDER HANGING,875.0,1042.78,122
22164,STRING OF STARS CARD HOLDER,78.0,250.22,15
22165,"DIAMANTE HEART SHAPED WALL MIRROR, ",415.0,3328.2,146
22166,WALL MIRROR RECTANGLE DIAMANTE PINK,207.0,1614.4,87
22167, OVAL WALL MIRROR DIAMANTE ,236.0,2391.12,156
22168,ORGANISER WOOD ANTIQUE WHITE ,143.0,1205.3,76
22169,FAMILY ALBUM WHITE PICTURE FRAME,1197.0,10345.76,372
22170,PICTURE FRAME WOOD TRIPLE PORTRAIT,1068.0,6977.6,265
22171,3 HOOK PHOTO SHELF ANTIQUE WHITE,1794.0,13611.81,382
22173,METAL 4 HOOK HANGER FRENCH CHATEAU,2444.0,7767.8,493
22174,PHOTO CUBE,3218.0,5978.78,321
22175,PINK OWL SOFT TOY,877.0,2594.23,171
22176,BLUE OWL SOFT TOY,512.0,1536.88,115
22178,VICTORIAN GLASS HANGING T-LIGHT,24275.0,33146.82,1037
22179,SET 10 LIGHTS NIGHT OWL,461.0,3317.47,119
22179,SET 10 NIGHT OWL LIGHTS,505.0,3908.73,170
22180,RETROSPOT LAMP,330.0,3521.54,155
22181,SNOWSTORM PHOTO FRAME FRIDGE MAGNET,591.0,500.91,57
22182,CAKE STAND VICTORIAN FILIGREE SMALL,372.0,1420.58,122
22183,CAKE STAND VICTORIAN FILIGREE MED,322.0,1916.01,129
22184,CAKE STAND VICTORIAN FILIGREE LARGE,56.0,471.86,35
22185,SLATE TILE NATURAL HANGING,1472.0,2235.94,162
22186,RED STAR CARD HOLDER,848.0,1997.48,149
22187,GREEN CHRISTMAS TREE CARD HOLDER,1266.0,3245.68,192
22188,BLACK HEART CARD HOLDER,4870.0,12483.22,189
22189,CREAM HEART CARD HOLDER,8284.0,23435.82,524
22190,LOCAL CAFE MUG,676.0,1057.71,116
22191,IVORY DINER WALL CLOCK,1445.0,11911.65,415
22192,BLUE DINER WALL CLOCK,954.0,8189.29,365
22193,RED DINER WALL CLOCK,1400.0,11857.07,460
22194,BLACK DINER WALL CLOCK,66.0,625.69,44
22195,LARGE HEART MEASURING SPOONS,1976.0,3720.66,373
22196,SMALL HEART MEASURING SPOONS,2847.0,2754.16,472
22197,POPCORN HOLDER,36749.0,34288.67,803
22197,SMALL POPCORN HOLDER,20149.0,17045.8,589
22198,LARGE POPCORN HOLDER ,1025.0,1870.91,86
22199,FRYING PAN RED POLKADOT ,1.0,4.25,1
22199,FRYING PAN RED RETROSPOT,466.0,1922.34,166
22200,FRYING PAN PINK POLKADOT,398.0,1809.48,140
22201,FRYING PAN BLUE POLKADOT,193.0,716.8,87
22202,MILK PAN PINK POLKADOT,64.0,319.35,37
22203,MILK PAN RED RETROSPOT,403.0,1483.13,145
22204,MILK PAN BLUE POLKADOT,197.0,669.54,79
22206,"MUG , DOTCOMGIFTSHOP.COM ",5.0,4.17,5
22207,FRYING PAN UNION FLAG,1333.0,5833.59,208
22208,WOOD STAMP SET THANK YOU,1509.0,1571.49,280
22209,WOOD STAMP SET HAPPY BIRTHDAY,945.0,964.22,173
22210,WOOD STAMP SET BEST WISHES,1017.0,958.04,187
22211,WOOD STAMP SET FLOWERS,1008.0,1122.39,196
22212,FOUR HOOK  WHITE LOVEBIRDS,1609.0,3700.94,399
22214,CANDLE PLATE LACE WHITE,193.0,416.6,56
22215,CAKE STAND WHITE TWO TIER LACE,343.0,2471.39,101
22216,T-LIGHT HOLDER WHITE LACE,588.0,512.93,68
22217,T-LIGHT HOLDER HANGING LACE,839.0,831.26,82
22218,CAKE STAND LACE WHITE,1.0,4.25,1
22219,LOVEBIRD HANGING DECORATION WHITE ,4133.0,4033.73,544
22220,CAKE STAND LOVEBIRD 2 TIER WHITE,231.0,1849.25,86
22221,CAKE STAND LOVEBIRD 2 TIER PINK,131.0,1104.54,51
22222,CAKE PLATE LOVEBIRD WHITE,1057.0,3880.2,222
22223,CAKE PLATE LOVEBIRD PINK,441.0,1821.61,78
22224,WHITE LOVEBIRD LANTERN,834.0,2764.06,164
22227,HANGING HEART MIRROR DECORATION ,2341.0,1708.07,289
22228,BUNNY WOODEN PAINTED WITH BIRD ,1000.0,777.78,147
22229,BUNNY WOODEN PAINTED WITH FLOWER ,568.0,432.46,101
22230,JIGSAW TREE WITH WATERING CAN,1047.0,480.63,101
22231,JIGSAW TREE WITH BIRDHOUSE,998.0,1027.72,144
22232,JIGSAW TOADSTOOLS 3 PIECE,690.0,604.46,83
22233,JIGSAW RABBIT AND BIRDHOUSE,596.0,607.14,105
22236,CAKE STAND 3 TIER MAGIC GARDEN,308.0,3624.6,88
22241,GARLAND WOODEN HAPPY EASTER,1952.0,2609.43,239
22242,5 HOOK HANGER MAGIC TOADSTOOL,640.0,994.38,34
22243,5 HOOK HANGER RED MAGIC TOADSTOOL,3098.0,4751.64,131
22244,3 HOOK HANGER MAGIC GARDEN,1703.0,3276.21,159
22245,"HOOK, 1 HANGER ,MAGIC GARDEN",1262.0,1070.0,98
22246,"GARLAND, MAGIC GARDEN 1.8M",12.0,23.4,1
22246,MAGIC GARDEN FELT GARLAND ,419.0,939.37,89
22247,BUNNY DECORATION MAGIC GARDEN,668.0,591.44,113
22248,DECORATION  PINK CHICK MAGIC GARDEN,593.0,525.09,109
22249,DECORATION WHITE CHICK MAGIC GARDEN,928.0,812.86,145
22250,DECORATION  BUTTERFLY  MAGIC GARDEN,819.0,730.95,147
22251,BIRDHOUSE DECORATION MAGIC GARDEN,712.0,889.49,137
22252,BIRDCAGE DECORATION TEALIGHT HOLDER,643.0,761.57,67
22254,FELT TOADSTOOL LARGE,657.0,836.8,61
22255,FELT TOADSTOOL  SMALL,629.0,602.63,77
22256,FELT FARM ANIMAL CHICKEN,286.0,387.9,50
22257,FELT FARM ANIMAL SHEEP,373.0,280.42,42
22258,FELT FARM ANIMAL RABBIT,912.0,743.89,77
22259,FELT FARM ANIMAL HEN,481.0,332.84,44
22260,FELT EGG COSY BLUE RABBIT ,552.0,577.44,104
22261,FELT EGG COSY WHITE RABBIT ,579.0,544.71,107
22262,FELT EGG COSY CHICKEN,1023.0,950.46,137
22263,FELT EGG COSY LADYBIRD ,326.0,195.97,51
22264,FELT FARM ANIMAL WHITE BUNNY ,1561.0,736.98,96
22265,EASTER DECORATION NATURAL CHICK,536.0,363.55,64
22266,EASTER DECORATION HANGING BUNNY,1887.0,595.85,92
22267,EASTER DECORATION EGG BUNNY ,836.0,673.17,83
22268,DECORATION SITTING BUNNY,1480.0,349.54,83
22268,EASTER DECORATION SITTING BUNNY,529.0,452.8,75
22269,EGG CUP NATURAL CHICKEN,932.0,621.49,125
22270,HAPPY EASTER HANGING DECORATION,243.0,942.2,53
22271,FELTCRAFT DOLL ROSIE,1701.0,5007.35,301
22272,FELTCRAFT DOLL MARIA,196.0,564.92,48
22273,FELTCRAFT DOLL MOLLY,4509.0,12001.59,331
22274,FELTCRAFT DOLL EMILY,1340.0,3953.48,267
22275,WEEKEND BAG VINTAGE ROSE PAISLEY,69.0,527.85,1
22276,WASH BAG VINTAGE ROSE PAISLEY,290.0,838.86,85
22277,COSMETIC BAG VINTAGE ROSE PAISLEY,417.0,897.74,100
22278,OVERNIGHT BAG VINTAGE ROSE PAISLEY,405.0,2704.35,178
22279,POCKET BAG BLUE PAISLEY RED SPOT,831.0,1003.4,128
22280,POCKET BAG PINK PAISELY BROWN SPOT,468.0,509.59,95
22281,EASTER TREE YELLOW BIRDS,131.0,929.44,63
22282,12 EGG HOUSE PAINTED WOOD,149.0,2378.52,99
22283,6 EGG HOUSE PAINTED WOOD,299.0,2726.43,155
22284,HEN HOUSE DECORATION,927.0,1597.07,131
22285,"DECORATION HEN ON NEST, HANGING",42.0,74.43,6
22285,HANGING HEN ON NEST DECORATION,828.0,1418.82,114
22286,"DECORATION , WOBBLY RABBIT , METAL ",293.0,518.03,48
22286,DECORATION WOBBLY RABBIT METAL ,830.0,504.46,67
22287,"DECORATION , WOBBLY CHICKEN, METAL ",234.0,397.72,35
22287,DECORATION WOBBLY CHICKEN,560.0,319.14,45
22288,HANGING METAL RABBIT DECORATION,474.0,616.95,58
22289,HANGING METAL CHICKEN DECORATION,148.0,193.52,34
22291,HANGING CHICK CREAM DECORATION,1289.0,1906.02,120
22292,HANGING CHICK  YELLOW DECORATION,1136.0,1604.51,112
22293,HANGING CHICK GREEN DECORATION,903.0,1335.87,122
22294,HEART FILIGREE DOVE  SMALL,5457.0,6805.08,299
22295,HEART FILIGREE DOVE LARGE,2789.0,4613.97,250
22296,HEART IVORY TRELLIS LARGE,3140.0,5247.72,318
22297,HEART IVORY TRELLIS SMALL,4164.0,5459.91,378
22299,PIG KEYRING WITH LIGHT & SOUND ,1379.0,1386.97,80
22300,COFFEE MUG DOG + BALL DESIGN,1528.0,3409.21,196
22301,COFFEE MUG CAT + BIRD DESIGN,2205.0,4980.83,252
22302,COFFEE MUG PEARS  DESIGN,2329.0,5134.29,212
22303,COFFEE MUG APPLES DESIGN,2816.0,6338.25,261
22304,COFFEE MUG BLUE PAISLEY DESIGN,761.0,1352.88,61
22305,COFFEE MUG PINK PAISLEY DESIGN,693.0,1604.58,51
22306,SILVER MUG BONE CHINA TREE OF LIFE,1162.0,1415.85,111
22307,GOLD MUG BONE CHINA TREE OF LIFE,770.0,969.64,74
22308,TEA COSY BLUE STRIPE,250.0,877.38,105
22309,TEA COSY RED  STRIPE,369.0,1091.05,121
22310,IVORY KNITTED MUG COSY ,668.0,1296.23,109
22311,OFFICE MUG WARMER BLACK+SILVER ,1132.0,3403.76,142
22312,OFFICE MUG WARMER POLKADOT,645.0,1950.49,131
22313,OFFICE MUG WARMER PINK,565.0,1564.83,65
22314,OFFICE MUG WARMER CHOC+BLUE,570.0,1759.12,133
22315,200 RED + WHITE BENDY STRAWS,916.0,1218.93,172
22316,200 BENDY SKULL STRAWS,660.0,742.37,55
22317,FIVE CATS HANGING DECORATION,286.0,879.67,89
22318,FIVE HEART HANGING DECORATION,462.0,1541.62,142
22319,HAIRCLIPS FORTIES FABRIC ASSORTED,1322.0,572.26,61
22320,BIRDS MOBILE VINTAGE DESIGN,189.0,1147.27,73
22321,BIRD DECORATION RED RETROSPOT,893.0,860.93,132
22322,BIRD DECORATION GREEN POLKADOT,820.0,747.81,139
22323,PINK POLKADOT KIDS BAG,1.0,1.95,1
22324,BLUE POLKADOT KIDS BAG,286.0,688.3,74
22325,MOBILE VINTAGE HEARTS ,249.0,1146.35,93
22326,ROUND SNACK BOXES SET OF4 WOODLAND ,8535.0,24364.87,732
22327,ROUND SNACK BOXES SET OF 4 SKULLS,1167.0,4304.25,287
22328,ROUND SNACK BOXES SET OF 4 FRUITS ,6835.0,19094.97,581
22329,ROUND CONTAINER SET OF 5 RETROSPOT,1603.0,2661.89,238
22331,WOODLAND PARTY BAG + STICKER SET,1840.0,2975.14,183
22332,SKULLS PARTY BAG + STICKER SET,1032.0,1678.0,148
22333,RETROSPOT PARTY BAG + STICKER SET,4492.0,7043.94,317
22334,DINOSAUR PARTY BAG + STICKER SET,707.0,1160.71,101
22335,HEART DECORATION PAINTED ZINC ,2380.0,1668.89,225
22336,DOVE DECORATION PAINTED ZINC ,2381.0,754.03,79
22337,ANGEL DECORATION PAINTED ZINC ,912.0,574.54,77
22338,STAR DECORATION PAINTED ZINC ,4679.0,1233.91,180
22339,CHRISTMAS TREE PAINTED ZINC ,2468.0,683.31,83
22340,NOEL GARLAND PAINTED ZINC ,1398.0,787.21,128
22341,LOVE GARLAND PAINTED ZINC ,453.0,827.63,78
22342,HOME GARLAND PAINTED ZINC ,997.0,1111.58,128
22343,PARTY PIZZA DISH RED RETROSPOT,1974.0,873.33,94
22344,PARTY PIZZA DISH PINK POLKADOT,1225.0,459.81,76
22345,PARTY PIZZA DISH BLUE POLKADOT,1117.0,399.05,71
22346,PARTY PIZZA DISH GREEN POLKADOT,1034.0,381.09,59
22348,TEA BAG PLATE RED RETROSPOT,4084.0,3583.29,358
22349,DOG BOWL CHASING BALL DESIGN,1366.0,5381.52,131
22350,ILLUSTRATED CAT BOWL ,1410.0,3822.12,120
22351,DOTCOMGIFTSHOP TEA TOWEL,13.0,23.09,2
22352,LUNCH BOX WITH CUTLERY RETROSPOT ,3088.0,7860.97,482
22353,LUNCH BOX WITH CUTLERY FAIRY CAKES ,60.0,153.0,24
22354,RETROSPOT PADDED SEAT CUSHION,750.0,2860.98,83
22355,CHARLOTTE BAG SUKI DESIGN,18124.0,29254.15,882
22356,CHARLOTTE BAG PINK POLKADOT,9716.0,11417.74,742
22357,KINGS CHOICE BISCUIT TIN,468.0,2175.04,180
22358,KINGS CHOICE TEA CADDY ,698.0,2551.22,255
22359,GLASS JAR KINGS CHOICE,183.0,605.77,81
22360,GLASS JAR ENGLISH CONFECTIONERY,1010.0,3192.82,214
22361,GLASS JAR DAISY FRESH COTTON WOOL,727.0,2592.33,268
22362,GLASS JAR PEACOCK BATH SALTS,408.0,1329.44,133
22363,GLASS JAR MARMALADE ,480.0,1380.8,81
22364,GLASS JAR DIGESTIVE BISCUITS,616.0,2001.32,164
22365,DOORMAT RESPECTABLE HOUSE,789.0,5754.03,179
22366,DOORMAT AIRMAIL ,800.0,6034.9,220
22367,CHILDRENS APRON SPACEBOY DESIGN,3749.0,7508.58,550
22371,AIRLINE BAG VINTAGE TOKYO 78,1086.0,5072.32,392
22372,AIRLINE BAG VINTAGE WORLD CHAMPION ,279.0,1289.49,147
22374,AIRLINE BAG VINTAGE JET SET RED,546.0,2427.52,223
22375,AIRLINE BAG VINTAGE JET SET BROWN,346.0,1626.54,167
22376,AIRLINE BAG VINTAGE JET SET WHITE,252.0,1133.2,122
22377,BOTTLE BAG RETROSPOT ,1330.0,2171.53,207
22378,WALL TIDY RETROSPOT ,2283.0,3638.57,293
22379,RECYCLING BAG RETROSPOT ,6896.0,15607.59,748
22380,TOY TIDY SPACEBOY  ,1312.0,2815.46,285
22381,TOY TIDY PINK POLKADOT,3439.0,7433.74,469
22382,LUNCH BAG SPACEBOY DESIGN ,10427.0,18031.31,1157
22383,LUNCH BAG SUKI  DESIGN ,2217.0,3786.91,200
22383,LUNCH BAG SUKI DESIGN ,10301.0,18699.43,1084
22384,LUNCH BAG PINK POLKADOT,10487.0,17388.99,1090
22385,JUMBO BAG SPACEBOY DESIGN,8666.0,17071.59,686
22386,JUMBO BAG PINK POLKADOT,21448.0,42401.01,1218
22389,PAPERWEIGHT SAVE THE PLANET,338.0,641.55,45
22390,PAPERWEIGHT CHILDHOOD MEMORIES,266.0,440.34,36
22391,PAPERWEIGHT HOME SWEET HOME,158.0,245.58,29
22393,PAPERWEIGHT VINTAGE COLLAGE,510.0,736.88,71
22394,PAPERWEIGHT KINGS CHOICE ,168.0,230.68,23
22395,PAPERWEIGHT VINTAGE PAISLEY,152.0,220.04,33
22396,MAGNETS PACK OF 4 RETRO PHOTO,1226.0,630.37,128
22398,MAGNETS PACK OF 4 SWALLOWS,2575.0,1589.12,248
22399,MAGNETS PACK OF 4 CHILDHOOD MEMORY,1152.0,1347.08,98
22400,MAGNETS PACK OF 4 HOME SWEET HOME,1393.0,729.09,150
22402,MAGNETS PACK OF 4 VINTAGE COLLAGE,1719.0,1033.16,151
22403,MAGNETS PACK OF 4 VINTAGE LABELS ,1322.0,689.28,125
22405,MONEY BOX POCKET MONEY DESIGN,372.0,415.36,70
22406,MONEY BOX KINGS CHOICE DESIGN,346.0,403.46,84
22407,MONEY BOX FIRST ADE DESIGN,50.0,62.5,13
22407,MONEY BOX FIRST AID DESIGN,44.0,36.78,11
22408,MONEY BOX CONFECTIONERY DESIGN,145.0,162.44,29
22409,MONEY BOX BISCUITS DESIGN,228.0,299.72,57
22410,MONEY BOX HOUSEKEEPING DESIGN,237.0,247.42,58
22411,JUMBO SHOPPER VINTAGE RED PAISLEY,12574.0,28577.1,1175
22412,METAL SIGN NEIGHBOURHOOD WITCH ,911.0,1931.85,147
22413,METAL SIGN TAKE IT OR LEAVE IT ,3774.0,11095.94,412
22414,DOORMAT NEIGHBOURHOOD WITCH ,279.0,2038.39,95
22415,WHITE TISSUE REAM,19.0,151.05,13
22416,SET OF 36 DOILIES SPACEBOY DESIGN ,817.0,1135.4,68
22416,SET OF 36 SPACEBOY PAPER DOILIES,51.0,75.42,8
22417,PACK OF 60 SPACEBOY CAKE CASES,8420.0,4563.24,520
22418,10 COLOUR SPACEBOY PEN,6564.0,5585.45,318
22419,LIPSTICK PEN RED,3338.0,1673.1,272
22420,LIPSTICK PEN BABY PINK,1333.0,611.3,126
22421,LIPSTICK PEN FUSCHIA,2597.0,1347.1,213
22422,TOOTHPASTE TUBE PEN,1273.0,776.1,205
22423,REGENCY CAKESTAND 3 TIER,13851.0,174156.54,1988
22424,ENAMEL BREAD BIN CREAM,873.0,12358.33,454
22425,ENAMEL COLANDER CREAM,460.0,2346.12,166
22426,ENAMEL WASH BOWL CREAM,742.0,2855.21,208
22427,ENAMEL FLOWER JUG CREAM,2106.0,12647.26,506
22428,ENAMEL FIRE BUCKET CREAM,246.0,1854.76,114
22429,ENAMEL MEASURING JUG CREAM,1262.0,5507.18,376
22430,ENAMEL WATERING CAN CREAM,617.0,3241.34,195
22431,WATERING CAN BLUE ELEPHANT,2058.0,3998.71,334
22432,WATERING CAN PINK BUNNY,1716.0,3342.82,277
22433,WATERING CAN GREEN DINOSAUR,1394.0,2667.5,227
22434,BALLOON PUMP WITH 10 BALLOONS,793.0,1570.41,124
22435,SET OF 9 HEART SHAPED BALLOONS,2757.0,3445.5,266
22436,12 COLOURED PARTY BALLOONS,2134.0,1398.51,163
22437,SET OF 9 BLACK SKULL BALLOONS,2828.0,2417.24,226
22438,BALLOON ART MAKE YOUR OWN FLOWERS,1009.0,1034.9,98
22439,6 ROCKET BALLOONS ,1898.0,1293.22,197
22440,BALLOON WATER BOMB PACK OF 35,6010.0,2375.04,154
22441,GROW YOUR OWN BASIL IN ENAMEL MUG,1047.0,2292.91,219
22442,GROW YOUR OWN FLOWERS SET OF 3,296.0,1241.3,78
22443,GROW YOUR OWN HERBS SET OF 3,164.0,1391.74,90
22444,GROW YOUR OWN PLANT IN A CAN ,838.0,1106.62,57
22445,PENCIL CASE LIFE IS BEAUTIFUL,534.0,1615.91,130
22446,PIN CUSHION BABUSHKA PINK,439.0,1135.18,133
22447,PIN CUSHION BABUSHKA BLUE,137.0,410.81,45
22448,PIN CUSHION BABUSHKA RED,201.0,656.43,45
22449,SILK PURSE BABUSHKA PINK,491.0,1583.95,143
22450,SILK PURSE BABUSHKA BLUE,194.0,657.76,58
22451,SILK PURSE BABUSHKA RED,222.0,775.8,51
22452,MEASURING TAPE BABUSHKA PINK,722.0,1760.31,144
22453,MEASURING TAPE BABUSHKA BLUE,442.0,1185.79,78
22454,MEASURING TAPE BABUSHKA RED,266.0,757.02,41
22456,NATURAL SLATE CHALKBOARD LARGE ,1727.0,9534.67,476
22457,NATURAL SLATE HEART CHALKBOARD ,9119.0,27991.61,1249
22458,CAST IRON HOOK GARDEN FORK,523.0,1421.83,23
22459,CAST IRON HOOK GARDEN TROWEL,386.0,1018.19,25
22460,EMBOSSED GLASS TEALIGHT HOLDER,2546.0,3273.5,211
22461,SAVOY ART DECO CLOCK,239.0,1453.58,53
22464,HANGING METAL HEART LANTERN,3402.0,5485.63,351
22465,HANGING METAL STAR LANTERN,2053.0,3141.54,198
22466,FAIRY TALE COTTAGE NIGHT LIGHT,976.0,1979.34,115
22466,FAIRY TALE COTTAGE NIGHTLIGHT,2093.0,3626.45,94
22467,GUMBALL COAT RACK,7926.0,18798.67,681
22468,BABUSHKA LIGHTS STRING OF 10,517.0,3633.17,153
22469,HEART OF WICKER SMALL,17963.0,32094.6,1201
22470,HEART OF WICKER LARGE,9887.0,30098.11,925
22471,TV DINNER TRAY AIR HOSTESS ,419.0,1502.02,105
22472,TV DINNER TRAY DOLLY GIRL,320.0,1527.01,107
22473,TV DINNER TRAY VINTAGE PAISLEY,503.0,1623.04,112
22474,SPACEBOY TV DINNER TRAY,303.0,1636.27,132
22475,SKULL DESIGN TV DINNER TRAY,313.0,1590.82,138
22476,EMPIRE UNION JACK TV DINNER TRAY,880.0,2839.21,125
22477,WATERING CAN GARDEN MARKER,1364.0,1967.9,127
22478,BIRDHOUSE GARDEN MARKER ,1537.0,2210.62,140
22479,DAISY GARDEN MARKER,1139.0,1658.57,98
22480,RED TEA TOWEL CLASSIC DESIGN,630.0,755.96,73
22481,BLACK TEA TOWEL CLASSIC DESIGN,825.0,747.3,128
22482,BLUE TEA TOWEL CLASSIC DESIGN,478.0,565.86,53
22483,RED GINGHAM TEDDY BEAR ,770.0,2302.94,169
22485,SET OF 2 WOODEN MARKET CRATES,526.0,7190.35,208
22486,PLASMATRONIC LAMP,71.0,446.45,25
22487,WHITE WOOD GARDEN PLANT LADDER,784.0,7909.28,429
22488,NATURAL SLATE RECTANGLE CHALKBOARD,3195.0,5573.68,415
22489,PACK OF 12 TRADITIONAL CRAYONS,9719.0,4072.13,443
22491,PACK OF 12 COLOURED PENCILS,3947.0,3183.63,219
22492,MINI PAINT SET VINTAGE ,26633.0,16937.82,380
22493,PAINT YOUR OWN CANVAS SET,2461.0,3986.64,220
22494,EMERGENCY FIRST AID TIN ,1088.0,1572.27,245
22495,SET OF 2 ROUND TINS CAMEMBERT ,282.0,748.82,98
22496,SET OF 2 ROUND TINS DUTCH CHEESE,253.0,535.11,79
22497,SET OF 2 TINS VINTAGE BATHROOM ,224.0,1140.9,100
22498,WOODEN REGATTA BUNTING,333.0,2116.04,150
22499,WOODEN UNION JACK BUNTING,2091.0,12792.25,407
22500,SET OF 2 TINS JARDIN DE PROVENCE,248.0,967.05,96
22501,PICNIC BASKET WICKER LARGE,1602.0,19302.26,445
22502,PICNIC BASKET WICKER 60 PIECES,61.0,39619.5,2
22502,PICNIC BASKET WICKER SMALL,1876.0,11789.27,461
22503,CABIN BAG VINTAGE PAISLEY,99.0,2010.12,34
22504,CABIN BAG VINTAGE RETROSPOT,247.0,4674.62,68
22505,MEMO BOARD COTTAGE DESIGN,1457.0,7084.42,311
22507,MEMO BOARD RETROSPOT  DESIGN,2960.0,14193.35,459
22508,DOORSTOP RETROSPOT HEART,1594.0,6525.88,296
22509,SEWING BOX RETROSPOT DESIGN ,209.0,2124.54,86
22510,GINGHAM BABUSHKA DOORSTOP,210.0,402.74,42
22511,RETROSPOT BABUSHKA DOORSTOP,251.0,495.2,54
22512,DOORSTOP RACING CAR DESIGN,122.0,269.71,37
22513,DOORSTOP FOOTBALL DESIGN,152.0,539.9,67
22514,CHILDS GARDEN SPADE BLUE,302.0,704.45,99
22515,CHILDS GARDEN SPADE PINK,266.0,608.95,84
22516,CHILDS GARDEN RAKE BLUE,206.0,494.89,62
22517,CHILDS GARDEN RAKE PINK,199.0,447.63,69
22518,CHILDS GARDEN BRUSH BLUE,363.0,783.54,81
22519,CHILDS GARDEN BRUSH PINK,411.0,906.75,88
22520,CHILDS GARDEN TROWEL BLUE ,719.0,622.1,113
22521,CHILDS GARDEN TROWEL PINK,609.0,525.51,104
22522,CHILDS GARDEN FORK BLUE ,930.0,772.59,128
22523,CHILDS GARDEN FORK PINK,864.0,750.81,135
22524,CHILDRENS GARDEN GLOVES BLUE,642.0,883.2,81
22525,CHILDRENS GARDEN GLOVES PINK,489.0,648.97,74
22526,WHEELBARROW FOR CHILDREN ,125.0,1720.26,79
22528,GARDENERS KNEELING PAD,1.0,3.36,1
22529,MAGIC DRAWING SLATE GO TO THE FAIR ,851.0,349.03,70
22530,MAGIC DRAWING SLATE DOLLY GIRL ,3628.0,1516.46,233
22531,MAGIC DRAWING SLATE CIRCUS PARADE  ,3382.0,1412.41,200
22532,MAGIC DRAWING SLATE LEAP FROG ,1072.0,366.75,73
22533,MAGIC DRAWING SLATE BAKE A CAKE ,1782.0,644.39,88
22534,MAGIC DRAWING SLATE SPACEBOY ,4496.0,1871.12,261
22535,MAGIC DRAWING SLATE BUNNIES ,1763.0,669.75,134
22536,MAGIC DRAWING SLATE PURDEY,4752.0,1803.95,156
22537,MAGIC DRAWING SLATE DINOSAUR,1929.0,844.0,171
22538,MINI JIGSAW GO TO THE FAIR,402.0,164.42,40
22539,MINI JIGSAW DOLLY GIRL,2918.0,1129.32,136
22540,MINI JIGSAW CIRCUS PARADE ,2519.0,960.86,91
22541,MINI JIGSAW LEAP FROG,503.0,201.95,35
22543,MINI JIGSAW BAKE A CAKE ,1453.0,530.8,55
22544,MINI JIGSAW SPACEBOY,4518.0,1714.92,175
22545,MINI JIGSAW BUNNIES,1142.0,435.67,75
22546,MINI JIGSAW PURDEY,2103.0,799.98,86
22547,MINI JIGSAW DINOSAUR ,809.0,338.23,101
22548,HEADS AND TAILS SPORTING FUN,1975.0,2348.94,209
22549,PICTURE DOMINOES,3188.0,4798.38,356
22550,HOLIDAY FUN LUDO,1162.0,4194.89,217
22551,PLASTERS IN TIN SPACEBOY,8074.0,13602.11,673
22553,PLASTERS IN TIN SKULLS,4242.0,7132.12,560
22554,PLASTERS IN TIN WOODLAND ANIMALS,7803.0,13328.27,704
22555,PLASTERS IN TIN STRONGMAN,6010.0,9841.83,515
22556,PLASTERS IN TIN CIRCUS PARADE ,6113.0,10061.86,571
22557,PLASTERS IN TIN VINTAGE PAISLEY ,4712.0,7762.24,566
22558,CLOTHES PEGS RETROSPOT PACK 24 ,8676.0,13325.87,772
22559,SEASIDE FLYING DISC,505.0,626.53,81
22560,TRADITIONAL MODELLING CLAY,8144.0,9572.32,389
22561,WOODEN SCHOOL COLOURING SET,5883.0,9741.57,433
22562,MONSTERS STENCIL CRAFT,1413.0,1763.37,211
22563,HAPPY STENCIL CRAFT,2823.0,3348.18,281
22564,ALPHABET STENCIL CRAFT,2697.0,3057.27,186
22565,FELTCRAFT HAIRBANDS PINK AND WHITE ,933.0,872.67,148
22566,FELTCRAFT HAIRBAND PINK AND PURPLE,873.0,789.78,150
22567,20 DOLLY PEGS RETROSPOT,2448.0,3251.6,222
22568,FELTCRAFT CUSHION OWL,3373.0,12413.89,470
22569,FELTCRAFT CUSHION BUTTERFLY,2759.0,10110.83,348
22570,FELTCRAFT CUSHION RABBIT,3086.0,11204.97,386
22571,ROCKING HORSE RED CHRISTMAS ,2434.0,2185.48,254
22572,ROCKING HORSE GREEN CHRISTMAS ,1380.0,1244.67,179
22573,STAR WOODEN CHRISTMAS DECORATION,2684.0,2423.0,221
22574,HEART WOODEN CHRISTMAS DECORATION,2333.0,2199.59,222
22575,METAL MERRY CHRISTMAS WREATH,636.0,1216.22,90
22576,SWALLOW WOODEN CHRISTMAS DECORATION,1538.0,1414.46,173
22577,WOODEN HEART CHRISTMAS SCANDINAVIAN,10608.0,4075.36,538
22578,WOODEN STAR CHRISTMAS SCANDINAVIAN,10460.0,3876.54,512
22579,WOODEN TREE CHRISTMAS SCANDINAVIAN,5167.0,1988.02,338
22580,ADVENT CALENDAR GINGHAM SACK,1311.0,6848.19,246
22581,WOOD STOCKING CHRISTMAS SCANDISPOT,1569.0,1137.28,177
22582,PACK OF 6 SWEETIE GIFT BOXES,1061.0,2649.35,102
22583,PACK OF 6 HANDBAG GIFT BOXES,573.0,1570.4,111
22584,PACK OF 6 PANETTONE GIFT BOXES,233.0,548.63,18
22584,PACK OF 6 PANNETONE GIFT BOXES,2097.0,5398.33,178
22585,PACK OF 6 BIRDY GIFT TAGS,6221.0,7547.89,395
22586,FELTCRAFT HAIRBAND PINK AND BLUE,856.0,774.55,161
22587,FELTCRAFT HAIRBAND RED AND BLUE,918.0,830.52,161
22588,CARD HOLDER GINGHAM HEART,684.0,2141.32,175
22589,CARDHOLDER GINGHAM STAR,379.0,1212.82,79
22591,CARDHOLDER GINGHAM CHRISTMAS TREE,413.0,1509.41,86
22592,CARDHOLDER HOLLY WREATH METAL,658.0,3021.12,135
22593,CHRISTMAS GINGHAM STAR,2263.0,2085.64,198
22594,CHRISTMAS GINGHAM TREE,2006.0,1905.77,196
22595,CHRISTMAS GINGHAM HEART,649.0,605.8,54
22595,GINGHAM HEART DECORATION,6139.0,5114.41,413
22596,CHRISTMAS STAR WISH LIST CHALKBOARD,3476.0,4110.42,262
22597,CHRISTMAS MUSICAL ZINC HEART ,58.0,67.9,10
22597,MUSICAL ZINC HEART DECORATION ,2763.0,1179.59,176
22598,CHRISTMAS MUSICAL ZINC TREE,990.0,446.2,95
22599,CHRISTMAS MUSICAL ZINC STAR,1953.0,967.76,123
22600,CHRISTMAS RETROSPOT STAR WOOD,1698.0,1543.23,193
22601,CHRISTMAS RETROSPOT ANGEL WOOD,2479.0,2219.83,200
22602,CHRISTMAS RETROSPOT HEART WOOD,139.0,137.59,27
22602,RETROSPOT WOODEN HEART DECORATION,2076.0,1886.28,246
22603,CHRISTMAS RETROSPOT TREE WOOD,1387.0,1235.38,171
22604,SET OF 4 NAPKIN CHARMS CUTLERY,1251.0,3039.66,125
22605,WOODEN CROQUET GARDEN SET,782.0,11276.21,299
22606,WOODEN SKITTLES GARDEN SET,313.0,4638.46,142
22607,WOODEN ROUNDERS GARDEN SET ,1327.0,12531.57,358
22608,PENS ASSORTED FUNKY JEWELED ,5211.0,1114.64,144
22609,PENS ASSORTED SPACEBALL,5874.0,1368.1,155
22610,PENS ASSORTED FUNNY FACE,9572.0,2571.4,216
22611,VINTAGE UNION JACK SHOPPING BAG,225.0,1077.03,46
22613,PACK OF 20 SPACEBOY NAPKINS,1538.0,1222.61,145
22614,PACK OF 12 SPACEBOY TISSUES,3032.0,1024.22,219
22615,PACK OF 12 CIRCUS PARADE TISSUES ,2073.0,660.15,102
22616,PACK OF 12 LONDON TISSUES ,26119.0,7975.98,512
22617,BAKING SET SPACEBOY DESIGN,2209.0,10745.05,464
22618,COOKING SET RETROSPOT,69.0,671.53,28
22619,SET OF 6 SOLDIER SKITTLES,2480.0,9895.04,443
22620,4 TRADITIONAL SPINNING TOPS,4889.0,6782.21,483
22621,TRADITIONAL KNITTING NANCY,6148.0,10053.65,609
22622,BOX OF VINTAGE ALPHABET BLOCKS,1342.0,13931.31,267
22623,BOX OF VINTAGE JIGSAW BLOCKS ,937.0,5236.31,235
22624,IVORY KITCHEN SCALES,1883.0,16378.71,711
22625,RED KITCHEN SCALES,1620.0,14082.2,546
22626,BLACK KITCHEN SCALES,517.0,4401.86,199
22627,MINT KITCHEN SCALES,852.0,7521.89,357
22628,PICNIC BOXES SET OF 3 RETROSPOT ,965.0,4620.91,190
22629,SPACEBOY LUNCH BOX ,14249.0,25719.02,900
22630,DOLLY GIRL LUNCH BOX,11780.0,21609.79,850
22631,CIRCUS PARADE LUNCH BOX ,3677.0,7199.57,396
22632,HAND WARMER RED POLKA DOT,120.0,225.0,18
22632,HAND WARMER RED RETROSPOT,4348.0,8757.83,374
22633,HAND WARMER UNION JACK,4851.0,10023.72,479
22634,CHILDS BREAKFAST SET SPACEBOY ,763.0,7161.3,222
22635,CHILDS BREAKFAST SET DOLLY GIRL ,681.0,6412.33,194
22636,CHILDS BREAKFAST SET CIRCUS PARADE,595.0,5009.56,198
22637,PIGGY BANK RETROSPOT ,2760.0,7111.18,329
22638,SET OF 4 NAPKIN CHARMS CROWNS ,300.0,481.88,52
22639,SET OF 4 NAPKIN CHARMS HEARTS,805.0,1935.16,148
22640,SET OF 4 NAPKIN CHARMS 3 KEYS ,237.0,446.84,57
22641,SET OF 4 NAPKIN CHARMS INSTRUMENT,139.0,303.73,37
22642,SET OF 4 NAPKIN CHARMS STARS   ,269.0,596.36,51
22643,SET OF 4 NAPKIN CHARMS LEAVES   ,238.0,441.83,48
22644,CERAMIC CHERRY CAKE MONEY BANK,2214.0,2986.97,276
22645,CERAMIC HEART FAIRY CAKE MONEY BANK,2354.0,4709.74,351
22646,CERAMIC STRAWBERRY CAKE MONEY BANK,4160.0,5684.17,390
22647,CERAMIC LOVE HEART MONEY BANK,732.0,466.18,45
22649,STRAWBERRY FAIRY CAKE TEAPOT,795.0,4132.88,200
22650,CERAMIC PIRATE CHEST MONEY BANK,851.0,1320.7,143
22651,GENTLEMAN SHIRT REPAIR KIT ,2166.0,1837.47,170
22652,TRAVEL SEWING KIT,5091.0,8612.07,467
22653,BUTTON BOX ,1876.0,3378.5,250
22654,DELUXE SEWING KIT ,1411.0,9893.0,328
22655,VINTAGE RED KITCHEN CABINET,60.0,8125.0,38
22656,VINTAGE BLUE KITCHEN CABINET,26.0,3685.0,20
22659,LUNCH BOX I LOVE LONDON,11504.0,20781.65,707
22660,DOORMAT I LOVE LONDON,364.0,2678.96,102
22661,CHARLOTTE BAG DOLLY GIRL DESIGN,5194.0,4214.95,415
22662,LUNCH BAG DOLLY GIRL DESIGN,6706.0,11060.88,682
22663,JUMBO BAG DOLLY GIRL DESIGN,3419.0,7051.2,450
22664,TOY TIDY DOLLY GIRL DESIGN,713.0,1472.85,162
22665,RECIPE BOX BLUE SKETCHBOOK DESIGN,1516.0,5192.08,356
22666,RECIPE BOX PANTRY YELLOW DESIGN,8269.0,26219.95,1111
22667,RECIPE BOX RETROSPOT ,2882.0,8045.1,464
22668,PINK BABY BUNTING,2179.0,6677.97,345
22669,RED BABY BUNTING ,1128.0,3559.0,234
22670,FRENCH WC SIGN BLUE METAL,1882.0,2516.75,301
22671,FRENCH LAUNDRY SIGN BLUE METAL,962.0,1608.7,144
22672,FRENCH BATHROOM SIGN BLUE METAL,1476.0,2511.22,219
22673,FRENCH GARDEN SIGN BLUE METAL,791.0,1016.08,131
22674,FRENCH TOILET SIGN BLUE METAL,1346.0,1692.72,187
22675,FRENCH KITCHEN SIGN BLUE METAL,1240.0,1555.16,164
22676,FRENCH BLUE METAL DOOR SIGN 1,1155.0,1578.39,199
22677,FRENCH BLUE METAL DOOR SIGN 2,1001.0,1389.07,188
22678,FRENCH BLUE METAL DOOR SIGN 3,843.0,1151.56,160
22679,FRENCH BLUE METAL DOOR SIGN 4,740.0,1023.03,152
22680,FRENCH BLUE METAL DOOR SIGN 5,842.0,1157.79,153
22681,FRENCH BLUE METAL DOOR SIGN 6,710.0,973.15,126
22682,FRENCH BLUE METAL DOOR SIGN 7,677.0,896.75,113
22683,FRENCH BLUE METAL DOOR SIGN 8,644.0,871.49,119
22684,FRENCH BLUE METAL DOOR SIGN 9,531.0,726.07,98
22685,FRENCH BLUE METAL DOOR SIGN 0,594.0,780.8,99
22686,FRENCH BLUE METAL DOOR SIGN No,993.0,1308.38,158
22687,DOORMAT CHRISTMAS VILLAGE,590.0,3354.22,52
22688,DOORMAT PEACE ON EARTH BLUE,705.0,3519.66,32
22689,DOORMAT MERRY CHRISTMAS RED ,673.0,5176.25,146
22690,DOORMAT HOME SWEET HOME BLUE ,1619.0,9943.7,285
22691,DOORMAT WELCOME SUNRISE,371.0,2678.77,120
22692,DOORMAT WELCOME TO OUR HOME,1522.0,11539.06,443
22693,GROW A FLYTRAP OR SUNFLOWER IN TIN,16244.0,17927.45,305
22694,WICKER STAR ,1842.0,4251.72,405
22695,WICKER WREATH SMALL,741.0,1001.49,123
22696,WICKER WREATH LARGE,729.0,1452.55,151
22697,GREEN REGENCY TEACUP AND SAUCER,7278.0,22755.5,1013
22698,PINK REGENCY TEACUP AND SAUCER,5788.0,17445.56,765
22699,ROSES REGENCY TEACUP AND SAUCER ,9864.0,29056.92,1065
22700,BLACK AND WHITE DOG BOWL,1196.0,2602.18,52
22701,PINK DOG BOWL,549.0,922.89,115
22702,BLACK AND WHITE CAT BOWL,1363.0,2684.65,49
22703,PINK CAT BOWL,360.0,583.33,123
22704,WRAP RED APPLES ,5253.0,2158.26,174
22705,WRAP GREEN PEARS ,1883.0,790.86,77
22706,WRAP COWBOYS  ,2057.0,847.94,71
22707,WRAP MONSTER FUN ,1257.0,527.94,49
22708,WRAP DOLLY GIRL,2800.0,1160.0,100
22709,WRAP WEDDING DAY,1325.0,528.5,39
22710,WRAP I LOVE LONDON ,4501.0,1774.42,104
22711,WRAP CIRCUS PARADE,2902.0,1202.84,103
22712,CARD DOLLY GIRL ,4435.0,1822.2,312
22713,CARD I LOVE LONDON ,3441.0,1437.36,217
22714,CARD BIRTHDAY COWBOY,3487.0,1415.73,225
22715,CARD WEDDING DAY,1543.0,645.64,130
22716,CARD CIRCUS PARADE,3201.0,1360.91,288
22717,CARD DOG AND BALL ,1229.0,535.78,131
22718,CARD CAT AND TREE ,1633.0,717.23,168
22719,GUMBALL MONOCHROME COAT RACK,620.0,895.72,109
22720,SET OF 3 CAKE TINS PANTRY DESIGN ,7483.0,38108.89,1385
22721,SET OF 3 CAKE TINS SKETCHBOOK,1020.0,4671.81,297
22722,SET OF 6 SPICE TINS PANTRY DESIGN,5966.0,24436.26,834
22723,SET OF 6 HERB TINS SKETCHBOOK,1164.0,4262.82,295
22725,ALARM CLOCK BAKELIKE CHOCOLATE,1980.0,8153.6,428
22726,ALARM CLOCK BAKELIKE GREEN,6419.0,27155.28,980
22727,ALARM CLOCK BAKELIKE RED ,7800.0,30644.87,1051
22728,ALARM CLOCK BAKELIKE PINK,5356.0,20672.15,783
22729,ALARM CLOCK BAKELIKE ORANGE,2323.0,9068.95,445
22730,ALARM CLOCK BAKELIKE IVORY,2885.0,11453.4,570
22731,3D CHRISTMAS STAMPS STICKERS ,1172.0,1536.24,143
22732,3D VINTAGE CHRISTMAS STICKERS ,1645.0,2162.75,188
22733,3D TRADITIONAL CHRISTMAS STICKERS,1583.0,2095.08,197
22734,SET OF 6 RIBBONS VINTAGE CHRISTMAS,3261.0,10610.04,422
22735,RIBBON REEL SOCKS AND MITTENS,741.0,1379.21,136
22736,RIBBON REEL MAKING SNOWMEN ,1222.0,2297.1,223
22737,RIBBON REEL CHRISTMAS PRESENT ,1388.0,2694.15,259
22738,RIBBON REEL SNOWY VILLAGE,2173.0,3829.67,275
22739,RIBBON REEL CHRISTMAS SOCK BAUBLE,1818.0,3556.97,318
22740,POLKADOT PEN,6842.0,5793.62,170
22741,FUNKY DIVA PEN,8547.0,7363.86,233
22742,MAKE YOUR OWN PLAYTIME CARD KIT,639.0,1323.57,101
22743,MAKE YOUR OWN FLOWERPOWER CARD KIT,930.0,2408.54,206
22744,MAKE YOUR OWN MONSOON CARD KIT,867.0,2084.85,172
22745,POPPY'S PLAYHOUSE BEDROOM ,2021.0,4661.79,423
22746,POPPY'S PLAYHOUSE LIVINGROOM ,1447.0,3236.54,328
22747,POPPY'S PLAYHOUSE BATHROOM,954.0,2080.85,227
22748,POPPY'S PLAYHOUSE KITCHEN,2117.0,4880.83,436
22749,FELTCRAFT PRINCESS CHARLOTTE DOLL,2362.0,9216.16,449
22750,FELTCRAFT PRINCESS LOLA DOLL,2001.0,7491.83,413
22751,FELTCRAFT PRINCESS OLIVIA DOLL,1563.0,5801.47,290
22752,SET 7 BABUSHKA NESTING BOXES,1787.0,14427.97,380
22753,SMALL YELLOW BABUSHKA NOTEBOOK ,1010.0,758.13,217
22754,SMALL RED BABUSHKA NOTEBOOK ,1951.0,1350.47,266
22755,SMALL PURPLE BABUSHKA NOTEBOOK ,1687.0,1187.96,251
22756,LARGE YELLOW BABUSHKA NOTEBOOK ,599.0,656.52,123
22757,LARGE RED BABUSHKA NOTEBOOK ,1096.0,1167.74,163
22758,LARGE PURPLE BABUSHKA NOTEBOOK  ,1195.0,1110.25,178
22759,SET OF 3 NOTEBOOKS IN PARCEL,5435.0,9027.44,422
22760,"TRAY, BREAKFAST IN BED",275.0,3491.86,80
22761,CHEST 7 DRAWER MA CAMPAGNE,36.0,895.38,26
22762,CUPBOARD 3 DRAWER MA CAMPAGNE,171.0,2786.03,112
22763,KEY CABINET MA CAMPAGNE,206.0,2176.32,108
22764,"RUSTIC WOODEN CABINET, GLASS DOORS",5.0,174.77,3
22765,NEWSPAPER STAND,27.0,316.95,5
22766,PHOTO FRAME CORNICE,3267.0,9755.09,504
22767,TRIPLE PHOTO FRAME CORNICE ,774.0,7173.55,218
22768,FAMILY PHOTO FRAME CORNICE,867.0,8258.59,260
22769,CHALKBOARD KITCHEN ORGANISER,11.0,366.73,8
22770,MIRROR CORNICE,94.0,1515.68,62
22771,CLEAR DRAWER KNOB ACRYLIC EDWARDIAN,6539.0,8930.44,441
22772,PINK DRAWER KNOB ACRYLIC EDWARDIAN,3793.0,5116.7,254
22773,GREEN DRAWER KNOB ACRYLIC EDWARDIAN,2075.0,2739.4,191
22774,RED DRAWER KNOB ACRYLIC EDWARDIAN,2254.0,2871.75,140
22775,PURPLE DRAWERKNOB ACRYLIC EDWARDIAN,3105.0,4469.37,237
22776,"CAKESTAND, 3 TIER, LOVEHEART",2.0,19.9,1
22776,SWEETHEART 3 TIER CAKE STAND ,284.0,3371.58,158
22776,SWEETHEART CAKESTAND 3 TIER,958.0,9687.3,377
22777,GLASS BELL JAR LARGE,2.0,17.0,1
22777,GLASS CLOCHE LARGE,350.0,2934.53,57
22778,GLASS BELL JAR SMALL,4.0,15.8,1
22778,GLASS CLOCHE SMALL,804.0,3131.02,142
22779,WOODEN OWLS LIGHT GARLAND ,1537.0,5789.85,149
22780,LIGHT GARLAND BUTTERFILES PINK,1346.0,5044.34,132
22781,GUMBALL MAGAZINE RACK,621.0,5191.01,232
22782,SET 3 WICKER STORAGE BASKETS ,241.0,3399.95,74
22783,SET 3 WICKER OVAL BASKETS W LIDS,463.0,5961.25,33
22784,LANTERN CREAM GAZEBO ,1272.0,6360.99,299
22785,SQUARECUSHION COVER PINK UNION FLAG,72.0,506.34,32
22785,SQUARECUSHION COVER PINK UNION JACK,173.0,581.23,42
22786,CUSHION COVER PINK UNION JACK,123.0,764.63,47
22788,BROCANTE COAT RACK,220.0,2025.96,60
22789,T-LIGHT HOLDER SWEETHEART HANGING,844.0,1657.02,138
22791,T-LIGHT GLASS FLUTED ANTIQUE,7955.0,9873.88,345
22792,FLUTED ANTIQUE CANDLE HOLDER,2785.0,2622.93,206
22794,SWEETHEART WIRE MAGAZINE RACK,326.0,2784.9,182
22795,SWEETHEART RECIPE BOOK STAND,1211.0,8571.25,368
22796,PHOTO FRAME 3 CLASSIC HANGING,582.0,5787.45,232
22797,CHEST OF DRAWERS GINGHAM HEART ,163.0,2851.36,91
22798,ANTIQUE GLASS DRESSING TABLE POT,1798.0,5561.3,267
22799,SWEETHEART WIRE FRUIT BOWL,207.0,1623.08,89
22800,ANTIQUE TALL SWIRLGLASS TRINKET POT,870.0,3560.74,203
22801,ANTIQUE GLASS PEDESTAL BOWL,1027.0,4203.89,220
22802,FAUX FUR CHOCOLATE THROW,87.0,1474.74,49
22803,IVORY EMBROIDERED QUILT ,54.0,2038.09,31
22804,CANDLEHOLDER PINK HANGING HEART,2251.0,6438.79,398
22804,PINK HANGING HEART T-LIGHT HOLDER,880.0,1664.16,76
22805,BLUE DRAWER KNOB ACRYLIC EDWARDIAN,1890.0,2576.03,195
22806,SET OF 6 T-LIGHTS WEDDING CAKE ,260.0,677.04,38
22807,SET OF 6 T-LIGHTS TOADSTOOLS,818.0,2417.73,195
22808,SET OF 6 T-LIGHTS EASTER CHICKS,345.0,1038.87,75
22809,SET OF 6 T-LIGHTS SANTA,1240.0,3781.2,204
22810,SET OF 6 T-LIGHTS SNOWMEN,944.0,3022.08,165
22811,SET OF 6 T-LIGHTS CACTI ,881.0,2419.29,108
22812,PACK 3 BOXES CHRISTMAS PANETTONE,76.0,248.48,24
22812,PACK 3 BOXES CHRISTMAS PANNETONE,1649.0,3359.82,161
22813,PACK 3 BOXES BIRD PANETTONE ,204.0,451.84,31
22813,PACK 3 BOXES BIRD PANNETONE ,2168.0,4188.94,187
22814,CARD PARTY GAMES ,2129.0,888.47,235
22815,CARD PSYCHEDELIC APPLES,2628.0,1118.84,268
22816,CARD MOTORBIKE SANTA,3987.0,1691.76,266
22817,CARD SUKI BIRTHDAY,2639.0,1114.81,290
22818,CARD CHRISTMAS VILLAGE,3633.0,1550.4,244
22819,"BIRTHDAY CARD, RETRO SPOT",2608.0,1104.81,270
22820,GIFT BAG BIRTHDAY,940.0,575.42,77
22821,GIFT BAG PSYCHEDELIC APPLES,1171.0,722.67,139
22822,CREAM WALL PLANTER HEART SHAPED,433.0,2582.75,158
22823,CHEST NATURAL WOOD 20 DRAWERS,24.0,2745.0,13
22824,3 TIER SWEETHEART GARDEN SHELF,55.0,1938.25,43
22825,DECORATIVE PLANT POT WITH FRIEZE,73.0,584.37,28
22826,LOVE SEAT ANTIQUE WHITE METAL,58.0,6210.0,41
22827,RUSTIC  SEVENTEEN DRAWER SIDEBOARD,35.0,5415.0,26
22828,REGENCY MIRROR WITH SHUTTERS,10.0,1530.0,7
22829,SWEETHEART WIRE WALL TIDY,227.0,2295.43,109
22830,UTILTY CABINET WITH HOOKS,131.0,2610.29,6
22831,WHITE BROCANTE SOAP DISH,706.0,2070.9,121
22832,BROCANTE SHELF WITH HOOKS,162.0,1781.82,76
22833,HALL CABINET WITH 3 DRAWERS,76.0,2603.53,5
22834,HAND WARMER BABUSHKA DESIGN,4941.0,7105.33,368
22835,HOT WATER BOTTLE I AM SO POORLY,3441.0,17892.96,657
22837,HOT WATER BOTTLE BABUSHKA ,1165.0,5620.73,177
22837,HOT WATER BOTTLE BABUSHKA LARGE,8.0,37.2,1
22838,3 TIER CAKE TIN RED AND CREAM,689.0,9765.11,168
22839,3 TIER CAKE TIN GREEN AND CREAM,445.0,6981.67,201
22840,ROUND CAKE TIN VINTAGE RED,913.0,6903.79,271
22841,ROUND CAKE TIN VINTAGE GREEN,529.0,4101.77,213
22842,BISCUIT TIN VINTAGE RED,589.0,3823.21,162
22843,BISCUIT TIN VINTAGE GREEN,450.0,2904.52,126
22844,VINTAGE CREAM DOG FOOD CONTAINER,1003.0,9661.32,416
22845,VINTAGE CREAM CAT FOOD CONTAINER,802.0,5396.93,316
22846,BREAD BIN DINER STYLE RED ,665.0,10676.62,278
22847,BREAD BIN DINER STYLE IVORY,901.0,14329.54,375
22847,"BREAD BIN, DINER STYLE, IVORY",4.0,59.8,1
22848,BREAD BIN DINER STYLE PINK,323.0,5208.45,128
22849,BREAD BIN DINER STYLE MINT,319.0,4967.93,128
22849,"BREAD BIN, DINER STYLE, MINT",4.0,59.8,1
22851,SET 20 NAPKINS FAIRY CAKES DESIGN ,2741.0,2368.64,350
22852,DOG BOWL VINTAGE CREAM,390.0,1757.88,125
22853,CAT BOWL VINTAGE CREAM,472.0,1655.96,116
22854,CREAM SWEETHEART EGG HOLDER,767.0,3708.52,161
22855,FINE WICKER HEART ,2642.0,3301.73,237
22856,ASSORTED EASTER DECORATIONS  BELLS,569.0,729.57,27
22857,ASSORTED EASTER GIFT TAGS,1145.0,965.86,61
22858,EASTER TIN KEEPSAKE,1126.0,1860.78,136
22859,EASTER TIN BUNNY BOUQUET,1203.0,2003.07,158
22860,EASTER TIN CHICKS PINK DAISY,589.0,1017.77,107
22861,EASTER TIN CHICKS IN GARDEN,305.0,522.93,50
22862,LOVE HEART NAPKIN BOX ,171.0,826.95,66
22863,SOAP DISH BROCANTE,719.0,2070.73,110
22865,HAND WARMER OWL DESIGN,8439.0,17786.13,654
22866,HAND WARMER SCOTTY DOG DESIGN,6611.0,14366.52,548
22867,HAND WARMER BIRD DESIGN,6433.0,14061.89,554
22868,NUMBER TILE COTTAGE GARDEN 0 ,63.0,144.65,20
22869,NUMBER TILE COTTAGE GARDEN 1,96.0,246.14,44
22870,NUMBER TILE COTTAGE GARDEN 2,93.0,240.29,39
22871,NUMBER TILE COTTAGE GARDEN 3 ,67.0,163.35,25
22872,NUMBER TILE COTTAGE GARDEN 4,72.0,177.46,30
22873,NUMBER TILE COTTAGE GARDEN 5,60.0,145.5,26
22874,NUMBER TILE COTTAGE GARDEN 6,65.0,150.81,21
22875,NUMBER TILE COTTAGE GARDEN 7,63.0,149.09,25
22876,NUMBER TILE COTTAGE GARDEN 8,61.0,138.81,20
22877,NUMBER TILE COTTAGE GARDEN 9,63.0,138.11,19
22878,NUMBER TILE COTTAGE GARDEN No,75.0,204.19,33
22879,NUMBER TILE VINTAGE FONT 0,70.0,102.46,16
22880,NUMBER TILE VINTAGE FONT 1,97.0,196.69,32
22881,NUMBER TILE VINTAGE FONT 2,102.0,197.56,34
22882,NUMBER TILE VINTAGE FONT 3,108.0,213.7,42
22883,NUMBER TILE VINTAGE FONT 4,100.0,191.48,32
22884,NUMBER TILE VINTAGE FONT 5,99.0,194.05,36
22885,NUMBER TILE VINTAGE FONT 6 ,96.0,172.78,28
22886,NUMBER TILE VINTAGE FONT 7,87.0,146.43,25
22887,NUMBER TILE VINTAGE FONT 8,78.0,126.78,23
22888,NUMBER TILE VINTAGE FONT 9 ,76.0,124.98,21
22889,NUMBER TILE VINTAGE FONT No ,169.0,263.8,33
22890,NOVELTY BISCUITS CAKE STAND 3 TIER,385.0,3939.87,165
22891,TEA FOR ONE POLKADOT,420.0,2108.18,168
22892,SET OF SALT AND PEPPER TOADSTOOLS,2472.0,3021.6,199
22893,MINI CAKE STAND T-LIGHT HOLDER,1872.0,931.02,142
22894,TABLECLOTH RED APPLES DESIGN ,305.0,3027.38,122
22895,SET OF 2 TEA TOWELS APPLE AND PEARS,2058.0,6334.3,284
22896,PEG BAG APPLE DESIGN,100.0,210.0,1
22896,PEG BAG APPLES DESIGN,1484.0,3833.36,287
22897,OVEN MITT APPLES DESIGN,1350.0,2013.1,211
22898,CHILDRENS APRON APPLES DESIGN,2414.0,5150.92,365
22899,CHILDREN'S APRON DOLLY GIRL ,2069.0,4326.43,313
22900, SET 2 TEA TOWELS I LOVE LONDON ,2783.0,8082.05,269
22900,SET 2 TEA TOWELS I LOVE LONDON ,2124.0,6856.38,264
22902,TOTE BAG I LOVE LONDON,1288.0,2633.28,136
22903,CALENDAR FAMILY FAVOURITES,193.0,550.6,59
22904,CALENDAR PAPER CUT DESIGN,1834.0,5467.26,271
22905,CALENDAR IN SEASON DESIGN,581.0,1502.29,110
22906,12 MESSAGE CARDS WITH ENVELOPES,1733.0,2947.87,251
22907,PACK OF 20 NAPKINS PANTRY DESIGN,6573.0,5670.0,670
22908,PACK OF 20 NAPKINS RED APPLES,4380.0,3569.58,375
22909,SET OF 20 VINTAGE CHRISTMAS NAPKINS,8976.0,8041.18,610
22910,PAPER CHAIN KIT VINTAGE CHRISTMAS,10594.0,32843.84,820
22911,PAPER CHAIN KIT LONDON,463.0,1358.09,94
22912,YELLOW COAT RACK PARIS FASHION,287.0,1342.39,100
22913,RED COAT RACK PARIS FASHION,352.0,1673.15,112
22914,BLUE COAT RACK PARIS FASHION,467.0,2261.21,154
22915,ASSORTED BOTTLE TOP  MAGNETS ,3152.0,1406.42,184
22916,HERB MARKER THYME,1905.0,1314.21,237
22917,HERB MARKER ROSEMARY,1937.0,1340.22,240
22918,HERB MARKER PARSLEY,1869.0,1275.35,238
22919,HERB MARKER MINT,1753.0,1221.86,240
22920,HERB MARKER BASIL,3423.0,2153.34,242
22921,HERB MARKER CHIVES ,1716.0,1180.87,209
22922,FRIDGE MAGNETS US DINER ASSORTED,1587.0,1422.9,102
22923,FRIDGE MAGNETS LES ENFANTS ASSORTED,1360.0,1130.77,80
22924,FRIDGE MAGNETS LA VIE EN ROSE,1295.0,1154.6,87
22925,BLUE GIANT GARDEN THERMOMETER,449.0,2757.47,182
22926,IVORY GIANT GARDEN THERMOMETER,594.0,3656.85,195
22927,GREEN GIANT GARDEN THERMOMETER,430.0,2704.71,148
22928,YELLOW GIANT GARDEN THERMOMETER,288.0,1993.75,115
22929,SCHOOL DESK AND CHAIR ,19.0,1199.75,13
22930,BAKING MOULD HEART MILK CHOCOLATE,1108.0,2846.8,189
22931,BAKING MOULD HEART WHITE CHOCOLATE,813.0,1963.3,129
22932,BAKING MOULD TOFFEE CUP  CHOCOLATE,6.0,15.3,1
22932,BAKING MOULD TOFFEE CUP CHOCOLATE,878.0,1985.58,71
22933,BAKING MOULD EASTER EGG MILK CHOC,940.0,2585.92,122
22934,BAKING MOULD EASTER EGG WHITE CHOC,589.0,1707.47,78
22935,BAKING MOULD ROSE MILK CHOCOLATE,690.0,2066.82,65
22936,BAKING MOULD ROSE WHITE CHOCOLATE,279.0,895.97,50
22937,BAKING MOULD CHOCOLATE CUP CAKES,12.0,30.6,2
22937,BAKING MOULD CHOCOLATE CUPCAKES,948.0,2502.04,157
22937,BAKING MOULD CUPCAKE CHOCOLATE,12.0,30.6,1
22938,CUPCAKE LACE PAPER SET 6,2367.0,4488.63,186
22939,ADULT APRON APPLE DELIGHT,184.0,945.88,45
22939,APRON APPLE DELIGHT,285.0,1446.79,80
22940,FELTCRAFT CHRISTMAS FAIRY,1915.0,7890.25,321
22941,CHRISTMAS LIGHTS 10 REINDEER,1670.0,13795.92,311
22942,CHRISTMAS LIGHTS 10 SANTAS ,608.0,4460.54,152
22943,CHRISTMAS LIGHTS 10 VINTAGE BAUBLES,1355.0,6755.47,209
22944,CHRISTMAS METAL POSTCARD WITH BELLS,3375.0,1843.64,111
22945,CHRISTMAS METAL TAGS ASSORTED ,2991.0,3008.92,172
22946,WOODEN ADVENT CALENDAR CREAM,453.0,7030.22,137
22947,WOODEN ADVENT CALENDAR RED,746.0,8714.24,137
22948,METAL DECORATION NAUGHTY CHILDREN ,1599.0,1603.29,136
22949,36 DOILIES DOLLY GIRL,911.0,1347.89,90
22949,SET OF 36 DOLLY GIRL PAPER DOILIES,45.0,69.66,15
22950,36 DOILIES VINTAGE CHRISTMAS,5171.0,7060.28,177
22950,SET OF 36 VINTAGE CHRISTMAS DOILIES,38.0,71.27,8
22951,60 CAKE CASES DOLLY GIRL DESIGN,7481.0,3990.2,437
22952,60 CAKE CASES VINTAGE CHRISTMAS,16032.0,9498.87,618
22952,72 CAKE CASES VINTAGE CHRISTMAS,24.0,13.2,1
22953,BIRTHDAY BANNER TAPE,24.0,30.0,1
22953,BIRTHDAY PARTY CORDON BARRIER TAPE,478.0,617.11,97
22954,HEN PARTY CORDON BARRIER TAPE,197.0,241.38,40
22955,36 FOIL STAR CAKE CASES ,1040.0,2053.35,134
22956,36 FOIL HEART CAKE CASES,2050.0,3983.39,198
22957,SET 3 PAPER VINTAGE CHICK PAPER EGG,1775.0,5014.65,214
22959,WRAP CHRISTMAS VILLAGE,4901.0,2014.42,142
22960,JAM MAKING SET WITH JARS,8695.0,37082.13,1132
22961,JAM MAKING SET PRINTED,16396.0,25637.78,1162
22962,JAM JAR WITH PINK LID,3896.0,3288.11,342
22963,JAM JAR WITH BLUE LID,24.0,17.28,1
22963,JAM JAR WITH GREEN LID,3266.0,2760.71,306
22964,3 PIECE SPACEBOY COOKIE CUTTER SET,2624.0,5472.69,378
22965,3 TRADITIONAl BISCUIT CUTTERS  SET,1209.0,2606.41,232
22965,3 TRADITIONAL COOKIE CUTTERS  SET,162.0,304.2,4
22966,GINGERBREAD MAN COOKIE CUTTER,7440.0,9202.15,670
22967,SET 3 SONG BIRD PAPER EGGS ASSORTED,1171.0,3271.41,138
22968,ROSE COTTAGE KEEPSAKE BOX ,794.0,7851.98,189
22969,HOMEMADE JAM SCENTED CANDLES,12520.0,18771.15,646
22970,LONDON BUS COFFEE MUG,4334.0,10140.6,317
22971,QUEENS GUARD COFFEE MUG,2431.0,5849.29,272
22972,CHILDREN'S SPACEBOY MUG,1771.0,3028.04,227
22972,CHILDRENS SPACEBOY MUG,24.0,39.6,2
22973,CHILDREN'S CIRCUS PARADE MUG,1255.0,2136.01,144
22974,CHILDRENS DOLLY GIRL MUG,1598.0,2729.69,204
22975,SPACEBOY CHILDRENS EGG CUP,1204.0,1624.63,186
22976,CIRCUS PARADE CHILDRENS EGG CUP ,1066.0,1389.01,143
22977,DOLLY GIRL CHILDRENS EGG CUP,950.0,1252.61,135
22978,PANTRY ROLLING PIN,2464.0,9564.98,238
22979,PANTRY WASHING UP BRUSH,4090.0,6391.82,381
22980,PANTRY SCRUBBING BRUSH,2363.0,3910.01,291
22981,PANTRY APPLE CORER,471.0,704.13,105
22982,PANTRY PASTRY BRUSH,1154.0,1543.77,212
22983,CARD BILLBOARD FONT,5290.0,2256.56,443
22984,CARD GINGHAM ROSE ,2693.0,1096.09,163
22985,WRAP BILLBOARD FONTS DESIGN,1831.0,769.02,64
22985,"WRAP, BILLBOARD FONTS DESIGN",1951.0,731.42,35
22986,GINGHAM ROSE WRAP,1829.0,768.18,73
22986,WRAP GINGHAM ROSE ,2276.0,943.92,82
22987,WRAP SUMMER ROSE DESIGN,102.0,42.84,5
22988,SOLDIERS EGG CUP ,9073.0,10858.31,418
22989,SET 2 PANTRY DESIGN TEA TOWELS,2811.0,8999.27,372
22990,COTTON APRON PANTRY DESIGN,633.0,2917.43,164
22991,GIRAFFE WOODEN RULER,3887.0,7604.89,274
22992,REVOLVER WOODEN RULER ,5233.0,10373.99,348
22993,SET OF 4 PANTRY JELLY MOULDS,12649.0,16478.48,1073
22994,TRAVEL CARD WALLET RETROSPOT,2194.0,956.94,218
22995,TRAVEL CARD WALLET SUKI,2381.0,1058.64,266
22996,TRAVEL CARD WALLET VINTAGE TICKET,4801.0,2094.93,408
22997,TRAVEL CARD WALLET UNION JACK,2545.0,1094.93,222
22998,TRAVEL CARD WALLET KEEP CALM,12366.0,5262.82,534
22999,TRAVEL CARD WALLET RETRO PETALS,1544.0,674.11,105
22999,TRAVEL CARD WALLET VINTAGE LEAF,1350.0,578.48,117
23000,TRAVEL CARD WALLET TRANSPORT,3169.0,1368.28,278
23002,TRAVEL CARD WALLET SKULLS,2119.0,914.37,192
23003,TRAVEL CARD WALLET VINTAGE ROSE ,542.0,226.2,53
23004,TRAVEL CARD WALLET PANTRY,2002.0,903.16,221
23005,TRAVEL CARD WALLET I LOVE LONDON,4733.0,2126.55,241
23006,TRAVEL CARD WALLET FLOWER MEADOW,1758.0,762.75,173
23007, SPACEBOY BABY GIFT SET,498.0,7741.75,184
23008,DOLLY GIRL BABY GIFT SET,433.0,6719.61,133
23009,I LOVE LONDON BABY GIFT SET,263.0,4082.52,103
23010,CIRCUS PARADE BABY GIFT SET,315.0,4879.6,111
23012,GLASS APOTHECARY BOTTLE PERFUME,1071.0,4197.11,246
23013,GLASS APOTHECARY BOTTLE TONIC,924.0,3674.16,223
23014,GLASS APOTHECARY BOTTLE ELIXIR,856.0,3419.58,209
23015,CORDIAL GLASS JUG,34.0,288.88,16
23015,CORDIAL JUG,6.0,49.5,2
23016,GLASS TWIST BON BON JAR,74.0,575.25,24
23017,APOTHECARY MEASURING JAR,67.0,826.28,22
23018,LARGE APOTHECARY MEASURING JAR ,51.0,612.16,21
23019,SMALL APOTHECARY MEASURING JAR ,81.0,629.05,28
23020,GLASS  SONGBIRD STORAGE JAR,169.0,2065.14,73
23020,GLASS SONGBIRD STORAGE JAR,11.0,126.7,3
23021,GLASS BONNE JAM JAR,120.0,500.82,27
23022,SMALL BONNE JAM JAR  T-LIGHT HOLDER,422.0,808.16,22
23023,RIDGED BONNE JAM JAR T-LIGHT HOLDER,274.0,437.82,25
23024,LARGE BONNE JAM JAR  T-LIGHT HOLDER,255.0,667.85,11
23025,DRAWER KNOB VINTAGE GLASS BALL,350.0,760.8,54
23026,DRAWER KNOB VINTAGE GLASS STAR,556.0,1198.96,62
23027,DRAWER KNOB VINTAGE GLASS HEXAGON,295.0,627.95,30
23028,DOORKNOB CRACKED GLAZE BLUE,162.0,238.5,3
23028,DRAWER KNOB CRACKLE GLAZE BLUE,1207.0,2138.63,134
23029,DOORKNOB CRACKED GLAZE GREEN,12.0,19.8,2
23029,DRAWER KNOB CRACKLE GLAZE GREEN,1340.0,2284.12,154
23031,DOORKNOB CRACKED GLAZE PINK,12.0,19.8,2
23031,DRAWER KNOB CRACKLE GLAZE PINK,1266.0,2132.5,153
23032,DOORKNOB CRACKED GLAZE IVORY,174.0,258.3,5
23032,DRAWER KNOB CRACKLE GLAZE IVORY,2154.0,3595.38,194
23033,DRAWER KNOB CERAMIC RED,714.0,1058.9,74
23034,DRAWER KNOB CERAMIC BLACK,979.0,1448.67,88
23035,DOORKNOB CERAMIC IVORY,36.0,52.2,1
23035,DRAWER KNOB CERAMIC IVORY,2155.0,3147.79,190
23036,T-LIGHT HOLDER SILVER PETIT FOUR ,184.0,232.42,16
23037,CANDLE HOLDER SILVER MADELINE,196.0,325.16,20
23038,T-LIGHT HOLDER SILVER SAUCER,44.0,42.92,8
23039,T-LIGHT HOLDER SILVER HEART HANDLE,199.0,399.71,28
23040,PAPER LANTERN 9 POINT SNOW STAR,12.0,69.0,4
23040,PAPER LANTERN 9 POINT SNOW STAR ,241.0,1325.03,37
23041,PAPER LANTERN 6 POINT SNOW STAR,26.0,107.9,6
23041,PAPER LANTERN 9 POINT SNOW STAR,246.0,1070.58,48
23042,PAPER LANTERN 7 POINT SNOW STAR,103.0,711.51,28
23043,PAPER LANTERN 9 POINT HOLLY STAR 40,6.0,37.5,3
23043,PAPER LANTERN 9 POINT HOLLY STAR L,75.0,506.01,20
23044,PAPER LANTERN 9 POINT HOLLY STAR 23,18.0,74.7,5
23044,PAPER LANTERN 9 POINT HOLLY STAR S,83.0,348.59,20
23045,PAPER LANTERN 5 POINT STAR MOON ,108.0,456.48,20
23045,PAPER LANTERN 5 POINT STAR MOON 30,10.0,41.5,5
23046,PAPER LANTERN 9 POINT DELUXE STAR,349.0,2111.49,36
23047,PAPER LANTERN 5 POINT SEQUIN STAR,50.0,287.5,21
23047,PAPER LANTERN 5 POINT STUDDED STAR,8.0,46.0,4
23048,SET OF 10 LANTERNS FAIRY LIGHT STAR,577.0,2368.37,99
23049,RECYCLED ACAPULCO MAT RED,456.0,3896.84,186
23050,RECYCLED ACAPULCO MAT GREEN,497.0,4286.55,205
23051,RECYCLED ACAPULCO MAT BLUE,365.0,3223.49,162
23052,RECYCLED ACAPULCO MAT TURQUOISE,654.0,5949.34,278
23053,RECYCLED ACAPULCO MAT PINK,364.0,3254.32,164
23054,RECYCLED ACAPULCO MAT LAVENDER,295.0,2604.93,130
23055,IVORY CHANDELIER T-LIGHT HOLDER,657.0,1395.18,38
23056,CRYSTAL CHANDELIER T-LIGHT HOLDER,3.0,18.75,1
23056,FLOWERS CHANDELIER T-LIGHT HOLDER,960.0,2879.37,38
23057,BEADED CHANDELIER T-LIGHT HOLDER,695.0,1420.97,38
23057,GEMSTONE CHANDELIER T-LIGHT HOLDER,78.0,347.7,7
23058,CHRISTMAS HANGING SNOWFLAKE,490.0,430.86,48
23060,HEART BEADED TRELLIS DECORATION,249.0,528.17,42
23061,VINTAGE EMBOSSED HEART,955.0,1257.68,113
23061,VINTAGE ENGRAVED HEART,60.0,75.0,4
23064,CINDERELLA CHANDELIER ,221.0,3717.56,23
23065,LARGE DECO JEWELLERY STAND,263.0,3302.44,95
23065,LARGE JEWELLERY STAND,10.0,125.0,4
23066,SMALL DECO JEWELLERY STAND,243.0,2005.81,79
23066,SMALL JEWELLERY STAND,16.0,132.0,6
23067,HANGING ENGRAVED METAL HEART,294.0,1236.66,78
23068,ALUMINIUM HEART,30.0,74.7,6
23068,ALUMINIUM STAMPED HEART,779.0,1892.23,130
23069,EDWARDIAN PHOTO FRAME,88.0,556.21,32
23070,EDWARDIAN HEART PHOTO FRAME,160.0,709.54,44
23071,MARIE ANTOIENETT TRINKET BOX GOLD,1.0,12.5,1
23071,MARIE ANTOINETTE TRINKET BOX GOLD,314.0,1192.6,18
23072,MARIE ANTOINETTE TRINKET BOX SILVER,334.0,1273.76,30
23073,GEORGIAN TRINKET BOX,143.0,1706.5,61
23074,EMBOSSED HEART TRINKET BOX,246.0,547.27,48
23075,DOUBLE CERAMIC PARLOUR HOOK,22.0,91.3,5
23075,PARLOUR CERAMIC WALL HOOK,450.0,1869.0,75
23076,ICE CREAM SUNDAE LIP GLOSS,8076.0,9935.76,277
23077,DOUGHNUT LIP GLOSS ,10395.0,13695.77,344
23078,ICE CREAM PEN LIP GLOSS ,6831.0,8553.34,257
23079, TOADSTOOL BEDSIDE LIGHT ,2.0,17.9,1
23079,TOADSTOOL BEDSIDE LIGHT ,249.0,2207.55,105
23080,RED METAL BOX TOP SECRET,1074.0,9117.62,257
23081,GREEN METAL BOX ARMY SUPPLIES,467.0,3906.25,135
23081,GREEN METAL BOX TOP SECRET,16.0,132.0,4
23082,SET 6 PAPER TABLE LANTERN HEARTS ,2328.0,8558.76,297
23083,SET 6 PAPER TABLE LANTERN STARS ,1932.0,7250.9,246
23084,RABBIT NIGHT LIGHT,30739.0,66870.03,994
23085,ANTIQUE SILVER BAUBLE LAMP  ,376.0,3583.23,78
23086,ZINC  STAR T-LIGHT HOLDER ,1217.0,1441.43,46
23086,ZINC STAR T-LIGHT HOLDER ,8.0,10.0,1
23087,ZINC  HEART T-LIGHT HOLDER,868.0,1090.66,69
23088,ZINC HEART FLOWER T-LIGHT HOLDER,795.0,1033.28,79
23089,GLASS BON BON JAR,2354.0,4215.78,225
23090,VINTAGE GLASS T-LIGHT HOLDER,2237.0,1870.03,149
23091,METAL HERB GERDEN CONTAINER,24.0,139.68,5
23091,ZINC HERB GARDEN CONTAINER,556.0,3516.64,204
23092,LARGE ANTIQUE WHITE PHOTO FRAME,523.0,3757.78,135
23093,SMALL PARISIENNE HEART PHOTO FRAME ,939.0,2239.24,142
23094,LE GRAND TRAY CHIC SET,152.0,1924.92,79
23096,PETIT TRAY CHIC,1033.0,1736.69,146
23099,FRENCH CARRIAGE LANTERN,137.0,925.35,58
23100,SILVER BELLS TABLE DECORATION,2166.0,2739.38,257
23101,SILVER STARS TABLE DECORATION,2031.0,1739.63,213
23102,SILVER HEARTS TABLE DECORATION,1274.0,1075.03,157
23103,BELL HEART DECORATION,252.0,387.0,9
23103,JINGLE BELL HEART DECORATION,3820.0,6459.16,356
23104,IVORY CAFE HANGING LAMP ,116.0,1380.42,45
23104,IVORY PANTRY HANGING LAMP ,2.0,25.0,1
23106,ZINC HEARTS PLANT POT HOLDER,283.0,792.47,52
23106,ZINC PLANT POT HOLDER,8.0,23.12,1
23107,WHITE HEARTS WIRE PLANT POT HOLDER,343.0,963.27,71
23107,WHITE WIRE PLANT POT HOLDER,16.0,46.24,2
23108,SET OF 10 LED DOLLY LIGHTS,2219.0,13290.52,372
23109,LED TEA LIGHTS,634.0,1826.76,65
23109,PACK OF SIX LED TEA LIGHTS,1752.0,5008.26,203
23110,PARISIENNE KEY CABINET ,700.0,4147.18,255
23111,PARISIENNE SEWING BOX,312.0,3839.24,138
23112,PARISIENNE CURIO CABINET,546.0,4507.08,241
23113,PANTRY CHOPPING BOARD,1154.0,5868.5,57
23114,VINTAGE LEAF CHOPPING BOARD  ,149.0,737.95,45
23115,RED APPLES CHOPPING BOARD   ,152.0,770.32,45
23116,VEGETABLE GARDEN CHOPPING BOARD,76.0,382.44,22
23117,POPPY FIELDS CHOPPING BOARD,93.0,501.23,45
23118,PARISIENNE JEWELLERY DRAWER ,813.0,6102.18,258
23119,PACK OF 6 LARGE FRUIT STRAWS ,2282.0,1401.7,151
23120,PACK OF 6 SMALL FRUIT STRAWS,1685.0,682.39,100
23121,PACK OF 6 COCKTAIL PARASOL STRAWS,2501.0,1000.44,111
23122,PARTY CHARMS 50 PIECES,2251.0,1726.09,133
23123,COCKTAIL SWORDS 50 PIECES,935.0,759.57,95
23124,18PC WOODEN CUTLERY SET DISPOSABLE,567.0,751.38,43
23125,6PC WOOD PLATE SET DISPOSABLE,459.0,574.88,38
23126,DOLLCRAFT GIRL AMELIE,36.0,178.2,8
23126,DOLLCRAFT GIRL AMELIE KIT,66.0,294.7,8
23126,FELTCRAFT GIRL AMELIE KIT,1007.0,5059.14,275
23127,DOLLCRAFT GIRL NICOLE,68.0,336.6,12
23127,FELTCRAFT GIRL NICOLE KIT,668.0,3422.4,182
23128,DOLLCRAFT BOY JEAN-PAUL ,82.0,373.9,12
23128,FELTCRAFT BOY JEAN-PAUL KIT,366.0,1884.76,127
23129,HEART SHAPED HOLLY WREATH,950.0,3999.5,172
23130,MISELTOE HEART WREATH ,80.0,312.8,5
23130,MISTLETOE HEART WREATH GREEN,882.0,3676.18,179
23131,MISELTOE HEART WREATH CREAM,240.0,996.0,1
23131,MISELTOE HEART WREATH WHITE,78.0,304.5,4
23131,MISTLETOE HEART WREATH CREAM,624.0,2535.48,110
23132,SMALL IVORY HEART WALL ORGANISER,1020.0,5138.6,152
23133,LARGE IVORY HEART WALL ORGANISER,782.0,5525.4,155
23134,LARGE ZINC HEART WALL ORGANISER,1065.0,6431.11,38
23135,SMALL ZINC HEART WALL ORGANISER,1541.0,5416.18,45
23136,IVORY WIRE SWEETHEART LETTER TRAY,135.0,511.89,49
23137,ZINC WIRE SWEETHEART LETTER TRAY,83.0,275.62,23
23138,SINGLE WIRE HOOK IVORY HEART,879.0,1231.51,82
23139,SINGLE WIRE HOOK PINK HEART,414.0,528.7,27
23140,TRIPLE WIRE HOOK IVORY HEART,182.0,766.1,52
23141,TRIPLE WIRE HOOK PINK HEART,79.0,272.91,25
23142,IVORY WIRE KITCHEN ORGANISER,121.0,1220.82,40
23143,ZINC WIRE KITCHEN ORGANISER,30.0,239.97,16
23144,ZINC T-LIGHT HOLDER STARS SMALL,5089.0,4197.83,274
23145,ZINC T-LIGHT HOLDER STAR LARGE,2060.0,1956.68,167
23145,ZINC T-LIGHT HOLDER STARS LARGE,24.0,22.8,2
23146,TRIPLE HOOK ANTIQUE IVORY ROSE,798.0,2645.26,227
23147,SINGLE ANTIQUE ROSE HOOK IVORY,1868.0,2752.2,261
23148,MINIATURE ANTIQUE ROSE HOOK IVORY,2091.0,1775.51,243
23148,MINITURE ANTIQUE ROSE HOOK IVORY,48.0,40.8,4
23149,ANTIQUE IVORY WIRE BOWL SMALL,99.0,251.45,21
23150,IVORY SWEETHEART SOAP DISH,148.0,390.75,49
23151,ZINC SWEETHEART SOAP DISH,61.0,114.33,21
23152,IVORY SWEETHEART WIRE LETTER RACK ,554.0,2080.65,159
23153,ZINC SWEETHEART WIRE LETTER RACK,263.0,1020.69,90
23154,SET OF 4 JAM JAR MAGNETS,2701.0,5842.88,235
23155,KNICKERBOCKERGLORY MAGNET ASSORTED ,2221.0,1904.77,135
23156,SET OF 5 MINI GROCERY MAGNETS,1665.0,3423.29,205
23157,SET OF 6 NATIVITY MAGNETS ,2557.0,5143.06,163
23158,SET OF 5 LUCKY CAT MAGNETS ,2633.0,5513.83,255
23159,SET OF 5 PANCAKE DAY MAGNETS,2293.0,4713.52,223
23160,REGENCY TEA SPOON,1450.0,1794.48,76
23161,REGENCY CAKE FORK,1715.0,2145.3,98
23162,REGENCY TEA STRAINER,1412.0,5143.69,176
23163,REGENCY SUGAR TONGS,1832.0,4515.22,209
23164,REGENCY CAKE SLICE,578.0,2718.65,92
23165,LARGE CERAMIC TOP STORAGE JAR,3114.0,5141.06,280
23166,MEDIUM CERAMIC TOP STORAGE JAR,78033.0,81700.92,247
23167,SMALL CERAMIC TOP STORAGE JAR ,5847.0,4476.01,231
23168,CLASSIC CAFE SUGAR DISPENSER,3075.0,4311.35,325
23168,CLASSIC SUGAR DISPENSER,216.0,247.32,12
23169,CLASSIC GLASS COOKIE JAR,1437.0,6183.39,300
23169,CLASSIC GLASS SWEET JAR,119.0,479.45,14
23170,REGENCY TEA PLATE ROSES ,6857.0,11097.25,445
23171,REGENCY TEA PLATE GREEN ,6247.0,10051.99,381
23172,REGENCY TEA PLATE PINK,3861.0,6344.41,305
23173,REGENCY TEAPOT ROSES ,2766.0,24879.13,416
23174,REGENCY SUGAR BOWL GREEN,3055.0,12342.43,322
23175,REGENCY MILK JUG PINK ,3160.0,9587.15,329
23176,ABC TREASURE BOOK BOX ,2165.0,4693.08,226
23177,TREASURE ISLAND BOOK BOX,2532.0,5521.29,267
23178,JAM CLOCK MAGNET,327.0,936.89,68
23179,CLOCK MAGNET MUM'S KITCHEN,324.0,930.48,53
23180,MUM'S KITCHEN CLOCK,122.0,621.09,49
23181,BULL DOG BOTTLE TOP WALL CLOCK,201.0,1733.57,82
23182,TOILET SIGN OCCUPIED OR VACANT,3741.0,3688.21,433
23183,MOTHER'S KITCHEN SPOON REST ,226.0,967.17,84
23184,BULL DOG BOTTLE OPENER,874.0,4764.5,264
23185,FRENCH STYLE STORAGE JAR JAM,317.0,114.85,30
23186,FRENCH STYLE STORAGE JAR CAFE ,1982.0,819.46,70
23187,FRENCH STYLE STORAGE JAR BONBONS,2338.0,695.06,74
23188,VINTAGE  2 METER FOLDING RULER,1844.0,3073.72,181
23188,VINTAGE  2 METRE FOLDING RULER,1627.0,3374.05,152
23189,SET OF 12 FORK CANDLES,1249.0,3507.51,141
23190,BUNDLE OF 3 SCHOOL EXERCISE BOOKS  ,1702.0,2761.9,202
23191,BUNDLE OF 3 RETRO EXERCISE BOOKS,60.0,99.0,5
23191,BUNDLE OF 3 RETRO NOTE BOOKS,2141.0,3529.89,276
23192,BUNDLE OF 3 ALPHABET EXERCISE BOOKS,3516.0,6114.24,345
23193,BUFFALO BILL TREASURE BOOK BOX,1922.0,4079.28,175
23194,GYMKHANA TREASURE BOOK BOX,1715.0,3815.53,200
23194,GYMKHANNA TREASURE BOOK BOX,120.0,261.84,14
23196,LEAVES MAGNETIC  SHOPPING LIST,24.0,34.8,2
23196,RETO LEAVES MAGNETIC SHOPPING LIST,36.0,52.2,3
23196,RETRO LEAVES MAGNETIC NOTEPAD,105.0,154.09,19
23196,VINTAGE LEAF MAGNETIC NOTEPAD,1707.0,2601.15,274
23197,SKETCHBOOK MAGNETIC SHOPPING LIST,1442.0,2253.7,246
23197,VEGETABLE MAGNETIC  SHOPPING LIST,36.0,49.8,3
23198,PANTRY MAGNETIC  SHOPPING LIST,3342.0,5062.6,475
23199,JUMBO BAG APPLES,14908.0,30450.69,978
23200,JUMBO BAG PEARS,7067.0,14188.96,595
23201,JUMBO BAG ALPHABET,13366.0,27850.83,906
23202,JUMBO BAG VINTAGE LEAF,10941.0,21810.43,879
23203,JUMBO BAG DOILEY PATTERNS,8893.0,17268.69,514
23203,JUMBO BAG VINTAGE DOILEY ,144.0,272.57,7
23203,JUMBO BAG VINTAGE DOILY ,11448.0,24489.08,711
23204,CHARLOTTE BAG APPLES DESIGN,7976.0,7741.94,583
23205,CHARLOTTE BAG ALPHABET  DESIGN,400.0,320.5,22
23205,CHARLOTTE BAG VINTAGE ALPHABET ,5457.0,5405.88,445
23206,LUNCH BAG APPLE DESIGN,12147.0,20852.58,1036
23207,LUNCH BAG ALPHABET DESIGN,7830.0,13325.55,740
23208,LUNCH BAG VINTAGE LEAF DESIGN,6308.0,10441.91,668
23209,LUNCH BAG DOILEY PATTERN ,6551.0,10502.19,492
23209,LUNCH BAG VINTAGE DOILEY ,71.0,119.63,5
23209,LUNCH BAG VINTAGE DOILY ,6548.0,10797.0,601
23210,WHITE ROCKING HORSE HAND PAINTED,2849.0,3551.53,192
23211,RED ROCKING HORSE HAND PAINTED,2329.0,2930.57,160
23212,HEART WREATH DECORATION WITH BELL,2284.0,2845.89,185
23212,PAINTED HEART WREATH WITH BELL,12.0,15.0,1
23213,STAR WREATH DECORATION WITH BELL,1682.0,2138.42,152
23214,BELL HEART ANTIQUE GOLD,12.0,24.96,1
23214,JINGLE BELL HEART ANTIQUE GOLD,777.0,1670.08,102
23215,JINGLE BELL HEART ANTIQUE SILVER,3564.0,7038.4,210
23216,LAUREL HEART ANTIQUE GOLD,525.0,630.73,44
23217,LAUREL HEART ANTIQUE SILVER,1309.0,1613.82,97
23218,LAUREL STAR ANTIQUE GOLD,379.0,483.03,40
23219,LAUREL STAR ANTIQUE SILVER ,430.0,568.6,61
23220,REINDEER HEART DECORATION GOLD,993.0,869.15,103
23221,REINDEER HEART DECORATION SILVER,1536.0,1363.04,145
23222,CHRISTMAS TREE HANGING GOLD,799.0,718.53,75
23223,CHRISTMAS TREE HANGING SILVER ,801.0,750.19,88
23224,CHERUB HEART DECORATION GOLD,738.0,649.02,71
23225,CHERUB HEART DECORATION SILVER ,1355.0,1176.17,88
23226,FILIGREE HEART DAISY WHITE,1247.0,1596.67,98
23227,FILIGREE HEART BUTTERFLY WHITE ,1642.0,2070.06,117
23228,FILIGREE HEART BIRD WHITE ,1492.0,1960.0,125
23229,DONKEY TAIL GAME ,54.0,189.54,4
23229,VINTAGE DONKEY TAIL GAME ,1815.0,6550.17,252
23230,WRAP ALPHABET DESIGN,7976.0,3217.92,235
23231,WRAP  VINTAGE DOILEY ,100.0,42.0,2
23231,WRAP  VINTAGE DOILY ,2474.0,1039.08,94
23231,WRAP DOILEY DESIGN,4703.0,1927.26,164
23232,WRAP VINTAGE LEAF DESIGN,5251.0,2109.42,134
23232,WRAP VINTAGE PETALS  DESIGN,3275.0,1327.5,104
23233,WRAP POPPIES  DESIGN,5175.0,2105.5,158
23234,BISCUIT TIN VINTAGE CHRISTMAS,1722.0,5079.78,277
23235,BISCUIT TIN VINTAGE LEAF,24.0,64.56,3
23235,STORAGE TIN VINTAGE LEAF,712.0,1886.1,102
23236,DOILEY BISCUIT TIN,120.0,327.6,13
23236,DOILEY STORAGE TIN,1094.0,3004.46,122
23236,STORAGE TIN VINTAGE DOILEY ,7.0,23.13,2
23236,STORAGE TIN VINTAGE DOILY ,1272.0,3704.78,190
23237,SET OF 4 KNICK KNACK TINS LEAF,747.0,3020.61,123
23237,SET OF 4 KNICK KNACK TINS LEAVES ,306.0,1253.78,54
23238,SET OF 4 KNICK KNACK TINS LONDON ,1849.0,7771.61,274
23239,SET OF 4 KNICK KNACK TINS POPPIES,842.0,3353.84,178
23240,SET OF 4 KNICK KNACK TINS  DOILEY ,6.0,24.9,1
23240,SET OF 4 KNICK KNACK TINS DOILEY ,1819.0,7248.79,182
23240,SET OF 4 KNICK KNACK TINS DOILY ,2352.0,9726.48,353
23241,TREASURE TIN GYMKHANA DESIGN,2165.0,4669.55,363
23242,TREASURE TIN BUFFALO BILL ,1470.0,3024.63,214
23243,SET OF TEA COFFEE SUGAR TINS PANTRY,4800.0,23489.42,470
23244,CANNISTER VINTAGE LEAF DESIGN,12.0,23.4,2
23244,ROUND STORAGE TIN VINTAGE LEAF,864.0,1593.58,103
23244,STORAGE TIN VINTAGE LEAF,60.0,117.0,7
23245,SET OF 3 REGENCY CAKE TINS,6345.0,31118.55,873
23247,BISCUIT TIN 50'S CHRISTMAS,2194.0,6681.25,309
23249,ENAMEL DINNER PLATE PANTRY,12.0,19.8,1
23249,VINTAGE RED ENAMEL TRIM PLATE,830.0,1406.3,80
23250,ENAMEL BOWL PANTRY,24.0,30.0,2
23250,VINTAGE RED TRIM ENAMEL BOWL ,1155.0,1501.03,108
23251,ENAMEL MUG PANTRY,12.0,15.0,1
23251,VINTAGE RED ENAMEL TRIM MUG ,1700.0,2090.75,119
23252,ENAMEL JUG PANTRY,8.0,30.0,2
23252,VINTAGE RED ENAMEL TRIM JUG ,595.0,2231.61,136
23253,16 PC CUTLERY SET PANTRY DESIGN,4.0,63.8,1
23253,16 PIECE CUTLERY SET PANTRY DESIGN,254.0,3785.06,69
23254,CHILDRENS CUTLERY DOLLY GIRL ,1667.0,6753.71,291
23254,KIDS CUTLERY DOLLY GIRL ,36.0,149.4,8
23255,CHILDRENS CUTLERY CIRCUS PARADE,1014.0,4097.22,158
23256,CHILDRENS CUTLERY SPACEBOY ,2077.0,8517.67,360
23256,KIDS CUTLERY SPACEBOY ,36.0,149.4,8
23263,SET OF 3 WOODEN HEART DECORATIONS,3863.0,5147.19,445
23264,SET OF 3 WOODEN SLEIGH DECORATIONS,1963.0,2690.81,299
23265,SET OF 3 WOODEN TREE DECORATIONS,1769.0,2404.79,293
23266,SET OF 3 WOODEN STOCKING DECORATION,2053.0,2743.82,319
23267,SET OF 4 SANTA PLACE SETTINGS,1202.0,1531.95,108
23268,SET OF 2 CERAMIC CHRISTMAS REINDEER,1447.0,2018.14,89
23269,SET OF 2 CERAMIC CHRISTMAS TREES,779.0,1152.98,94
23270,SET OF 2 CERAMIC PAINTED HEARTS ,1174.0,1646.32,125
23271,CHRISTMAS TABLE CANDLE SILVER SPIKE,16.0,13.28,1
23271,CHRISTMAS TABLE SILVER CANDLE SPIKE,1715.0,1483.61,103
23272,TREE T-LIGHT HOLDER WILLIE WINKIE,364.0,562.22,44
23273,HEART T-LIGHT HOLDER WILLIE WINKIE,969.0,1649.05,112
23274,STAR T-LIGHT HOLDER WILLIE WINKIE,1180.0,2005.0,119
23275,SET OF 3 HANGING OWLS OLLIE BEAK,3720.0,4521.72,325
23280,FOLDING BUTTERFLY MIRROR HOT PINK ,1867.0,1495.24,152
23280,FOLDING MIRROR HOT PINK ,156.0,118.92,5
23281,FOLDING BUTTERFLY MIRROR RED  ,1262.0,985.88,99
23281,FOLDING MIRROR RED  ,18.0,14.94,2
23282,FOLDING BUTTERFLY MIRROR IVORY ,794.0,742.92,133
23282,FOLDING MIRROR IVORY ,18.0,14.94,2
23283,DOORMAT VINTAGE LEAF,564.0,4122.2,142
23283,DOORMAT VINTAGE LEAVES DESIGN ,430.0,2881.18,91
23284,DOORMAT KEEP CALM AND COME IN,5487.0,38133.64,728
23285,PINK VINTAGE SPOT BEAKER,4807.0,4572.41,191
23286,BLUE VINTAGE SPOT BEAKER,5048.0,4747.62,222
23287,RED VINTAGE SPOT BEAKER,1879.0,1603.39,198
23288,GREEN VINTAGE SPOT BEAKER,4625.0,4444.23,185
23289,DOLLY GIRL CHILDRENS BOWL,1622.0,2013.7,191
23290,SPACEBOY CHILDRENS BOWL,2430.0,2890.35,214
23291,DOLLY GIRL CHILDRENS CUP,1634.0,2059.03,195
23292,SPACE BOY CHILDRENS CUP,131.0,145.76,6
23292,SPACEBOY CHILDRENS CUP,2050.0,2557.57,216
23293,SET OF 12 FAIRY CAKE BAKING CASES,8471.0,6989.54,552
23294,SET OF 6 SNACK LOAF BAKING CASES,4392.0,3607.81,354
23295,SET OF 12 MINI LOAF BAKING CASES,6134.0,5073.45,444
23296,SET OF 6 TEA TIME BAKING CASES,4979.0,5985.55,378
23297,SET 40 HEART SHAPE PETIT FOUR CASES,4303.0,6792.23,161
23298,"BUNTING , SPOTTY ",146.0,634.7,7
23298,SPOTTY BUNTING,8320.0,42513.48,1140
23299,"FOOD COVER WITH BEADS , SET 2 SIZES",3.0,11.25,1
23299,FOOD COVER WITH BEADS SET 2 ,1009.0,3761.63,145
23300,GARDENERS KNEELING PAD CUP OF TEA ,6809.0,11785.99,758
23301,GARDENERS KNEELING PAD KEEP CALM ,8807.0,16327.35,913
23302,KNEELING MAT HOUSEWORK  DESIGN,1536.0,2181.42,230
23303,SET 4 PICNIC CUTLERY FONDANT,65.0,126.75,6
23304,SET 4 PICNIC CUTLERY CHERRY ,71.0,138.45,9
23305,SET 4 PICNIC CUTLERY BLUEBERRY,82.0,159.9,9
23306,SET OF 36 DOILIES PANTRY DESIGN,2741.0,3983.6,244
23306,SET OF 36 PANTRY PAPER DOILIES,67.0,139.78,33
23307,SET OF 60 PANTRY DESIGN CAKE CASES ,12049.0,6371.89,629
23308,SET OF 60 VINTAGE LEAF CAKE CASES ,6139.0,3272.61,382
23309,SET OF 60 I LOVE LONDON CAKE CASES ,8275.0,4495.85,407
23310,BUBBLEGUM RING ASSORTED,12050.0,4997.28,245
23311,VINTAGE CHRISTMAS STOCKING ,2390.0,6488.2,344
23312,VINTAGE CHRISTMAS GIFT SACK,1423.0,5964.15,214
23313,VINTAGE CHRISTMAS BUNTING,2990.0,15798.66,401
23314,VINTAGE CHRISTMAS TABLECLOTH,407.0,5012.96,117
23315,IVORY REFECTORY CLOCK,213.0,2094.24,86
23316,RED REFECTORY CLOCK ,250.0,2501.64,110
23317,BLUE REFECTORY CLOCK ,173.0,1777.46,82
23318,BOX OF 6 MINI VINTAGE CRACKERS,3809.0,9162.41,376
23319,BOX OF 6 MINI 50'S CRACKERS,3720.0,9219.53,403
23320,GIANT 50'S CHRISTMAS CRACKER,2661.0,7053.57,333
23321,SMALL WHITE HEART OF WICKER,4716.0,8438.54,629
23322,LARGE WHITE HEART OF WICKER,3069.0,8878.21,562
23323,WHITE WICKER STAR ,1469.0,3146.78,294
23324,RUSTIC STRAWBERRY JAM POT LARGE ,279.0,577.48,38
23324,RUSTIC STRAWBERRY JAMPOT LARGE ,120.0,238.56,6
23325,RUSTIC STRAWBERRY JAM POT SMALL,426.0,681.54,32
23325,RUSTIC STRAWBERRY JAMPOT SMALL,36.0,59.4,3
23326,HANGING MINI COLOURED BOTTLES,3442.0,2237.08,76
23327,HANGING CLEAR MINI BOTTLE,1734.0,1051.14,41
23328,SET 6 SCHOOL MILK BOTTLES IN CRATE,2841.0,13269.49,405
23329,DECORATIVE WICKER HEART LARGE,1767.0,3038.19,233
23330,DECORATIVE WICKER HEART MEDIUM,1794.0,2286.97,216
23331,DECORATIVE WICKER HEART SMALL,1596.0,1062.28,109
23332,IVORY WICKER HEART LARGE,2059.0,3542.71,287
23333,IVORY WICKER HEART MEDIUM,2089.0,2695.45,233
23334,IVORY WICKER HEART SMALL,2271.0,1491.75,130
23335,EGG FRYING PAN IVORY ,377.0,790.78,96
23336,EGG FRYING PAN PINK ,225.0,519.25,85
23337,EGG FRYING PAN MINT ,180.0,388.75,69
23338,EGG FRYING PAN RED ,431.0,915.4,109
23339,EGG FRYING PAN BLUE ,173.0,400.84,76
23340,VINTAGE CHRISTMAS CAKE FRILL,2500.0,4034.08,151
23341,PINK DINER WALL CLOCK,307.0,2741.35,121
23342,MINT DINER CLOCK,2.0,17.0,1
23342,MINT DINER WALL CLOCK,371.0,3159.41,162
23343,JUMBO BAG VINTAGE CHRISTMAS ,6078.0,13972.71,476
23344,JUMBO BAG 50'S CHRISTMAS ,10285.0,23772.07,716
23345, DOLLY GIRL BEAKER,2451.0,2886.25,174
23346,SPACEBOY BEAKER,2628.0,3112.34,184
23347,I LOVE LONDON BEAKER,860.0,1077.3,97
23348,CHILDRENS TOY COOKING UTENSIL SET,746.0,1633.81,168
23349,ROLL WRAP VINTAGE CHRISTMAS,3221.0,4342.6,337
23350,ROLL WRAP VINTAGE SPOT ,2712.0,3445.08,305
23351,ROLL WRAP 50'S CHRISTMAS,3535.0,4875.65,354
23352,ROLL WRAP 50'S RED CHRISTMAS ,1800.0,2459.2,212
23353,6 GIFT TAGS VINTAGE CHRISTMAS ,4007.0,3510.05,327
23354,6 GIFT TAGS 50'S CHRISTMAS ,3740.0,3429.4,322
23355,HOT WATER BOTTLE KEEP CALM,5816.0,28718.8,782
23356,LOVE HOT WATER BOTTLE,2359.0,13334.32,476
23357,HOT WATER BOTTLE SEX BOMB,450.0,1982.05,102
23358,HOT STUFF HOT WATER BOTTLE,594.0,2008.38,89
23359,SET OF 12 T-LIGHTS VINTAGE DOILEY,61.0,118.95,6
23359,SET OF 12 T-LIGHTS VINTAGE DOILY,929.0,1747.51,73
23360,SET 8 CANDLES VINTAGE DOILEY,122.0,216.3,7
23360,SET 8 CANDLES VINTAGE DOILY,1060.0,2070.1,107
23365,SET 12 COLOUR PENCILS LOVE LONDON,1857.0,1463.08,169
23366,SET 12 COLOUR PENCILS DOILEY,48.0,31.2,3
23366,SET 12 COLOURING PENCILS DOILEY,1.0,0.65,1
23366,SET 12 COLOURING PENCILS DOILY,2200.0,1636.1,191
23367,SET 12 COLOUR PENCILS SPACEBOY ,3278.0,2491.2,282
23368,SET 12 COLOUR PENCILS DOLLY GIRL ,2379.0,1679.55,232
23369,SET 36 COLOUR PENCILS LOVE LONDON,1105.0,1581.06,126
23370,SET 36 COLOUR PENCILS DOILEY,64.0,80.0,3
23370,SET 36 COLOURING PENCILS DOILEY,1.0,1.25,1
23370,SET 36 COLOURING PENCILS DOILY,1485.0,2070.35,147
23371,SET 36 COLOUR PENCILS SPACEBOY ,1705.0,2304.78,185
23372,SET 36 COLOUR PENCILS DOLLY GIRL,1389.0,1750.29,147
23373,VINTAGE CHRISTMAS PAPER GIFT BAG,1608.0,1313.39,100
23374,RED SPOT PAPER GIFT BAG,2456.0,1962.83,131
23375,50'S CHRISTMAS PAPER GIFT BAG,1342.0,1100.69,103
23376,PACK OF 12 VINTAGE CHRISTMAS TISSUE,3039.0,1384.91,155
23377,PACK OF 12 DOLLY GIRL TISSUES,1351.0,592.45,133
23378,PACK OF 12 50'S CHRISTMAS TISSUES,3997.0,1840.08,176
23379,PACK OF 12 RED APPLE TISSUES,1220.0,465.36,76
23380,PACK OF 12 DOILEY TISSUES,72.0,28.08,2
23380,PACK OF 12 VINTAGE DOILY TISSUES,2272.0,955.42,119
23381,PACK OF 12 VINTAGE LEAF TISSUES ,1496.0,562.88,80
23382,BOX OF 6 CHRISTMAS CAKE DECORATIONS,1875.0,7356.18,220
23388,WOODLAND MINI BACKPACK,816.0,3411.34,152
23388,WOODLAND MINI RUCKSACK ,5.0,20.75,2
23389,SPACEBOY MINI BACKPACK,1102.0,4697.54,233
23389,SPACEBOY MINI RUCKSACK,13.0,53.95,4
23390,DOLLY GIRL MINI BACKPACK,739.0,2992.39,161
23390,DOLLY GIRL MINI RUCKSACK,8.0,33.2,2
23391, I LOVE LONDON MINI BACKPACK,388.0,1624.02,86
23391, I LOVE LONDON MINI RUCKSACK,1.0,4.15,1
23392,SPACEBOY ROCKET LOLLY MAKERS,662.0,1475.03,113
23393,HOME SWEET HOME CUSHION COVER ,801.0,3207.91,229
23394,POSTE FRANCE CUSHION COVER,435.0,1877.65,150
23395,BELLE JARDINIERE CUSHION COVER,748.0,3257.08,210
23396,BUTTERFLY CUSHION COVER,8.0,30.0,2
23396,LA JARDIN BOTANIQUE CUSHION COVER,87.0,375.53,28
23396,LE JARDIN BOTANIQUE CUSHION COVER,559.0,2345.0,166
23397,FOOT STOOL HOME SWEET HOME ,489.0,5097.65,217
23398,HANGING HEART BONHEUR,606.0,535.35,69
23399,HOME SWEET HOME HANGING HEART,1914.0,1745.55,225
23400,SHELF WITH 4 HOOKS HOME SWEET HOME,461.0,2409.34,107
23401,RUSTIC MIRROR WITH LACE HEART,459.0,2354.87,83
23402,HOME SWEEET HOME 3 PEG HANGER ,25.0,93.75,4
23402,HOME SWEET HOME 3 PEG HANGER ,271.0,1053.53,64
23403,LETTER HOLDER HOME SWEET HOME,625.0,2204.11,134
23404,HOME SWEET HOME BLACKBOARD,1011.0,4561.76,169
23405,HOME SWEET HOME 2 DRAWER CABINET,252.0,1311.48,70
23406,HOME SWEET HOME KEY HOLDER,456.0,2422.66,111
23407,SET OF 2 TRAYS HOME SWEET HOME,265.0,2709.43,133
23408,PHOTO FRAME LINEN AND LACE SMALL,310.0,644.8,59
23409,PHOTO FRAME LINEN AND LACE LARGE,215.0,801.68,43
23410,CURIO CABINET LINEN AND LACE ,36.0,290.1,18
23411, TRELLIS COAT RACK,227.0,1118.61,56
23412,HEART MIRROR ANTIQUE WHITE,358.0,2354.8,76
23413,DECORATIVE VINTAGE COFFEE  BOX,52.0,277.0,22
23413,DECROTIVEVINTAGE COFFEE GRINDER BOX,12.0,71.08,6
23413,VINTAGE COFFEE GRINDER BOX,109.0,561.23,30
23414,ZINC BOX SIGN HOME,141.0,1378.75,64
23415,HOME SWEET HOME HOOK,328.0,412.18,47
23416,CHAMBRE HOOK,132.0,184.68,25
23417,BATHROOM HOOK,146.0,157.5,27
23418,LAVENDER TOILETTE BOTTLE,557.0,1166.0,79
23419,HOME SWEET HOME BOTTLE ,473.0,1043.72,86
23420,PANTRY HOOK TEA STRAINER ,164.0,351.37,32
23421,PANTRY HOOK SPATULA,160.0,349.2,33
23422,PANTRY HOOK BALLOON WHISK ,213.0,477.89,47
23423,PANTRY 3 HOOK ROLLING PIN HANGER,219.0,876.9,66
23424,GINGHAM RECIPE BOOK BOX,462.0,2509.62,135
23425,STORAGE TIN HOME SWEET HOME,275.0,621.44,56
23426,METAL SIGN DROP YOUR PANTS,1275.0,3444.43,206
23427,STOOL HOME SWEET HOME ,237.0,2860.58,114
23428,IVORY RETRO KITCHEN WALL CLOCK,77.0,675.91,33
23429,RED RETRO KITCHEN WALL CLOCK,47.0,400.01,23
23430,BLUE RETRO KITCHEN WALL CLOCK,36.0,301.88,18
23431,NATURAL HANGING QUILTED HEARTS ,1449.0,1171.23,72
23432,PRETTY HANGING QUILTED HEARTS,1276.0,1088.36,74
23433,HANGING QUILTED PATCHWORK APPLES,1258.0,1108.58,89
23434,3 RAFFIA RIBBONS 50'S CHRISTMAS ,2095.0,1884.17,199
23435,3 RAFFIA RIBBONS VINTAGE CHRISTMAS,824.0,732.42,99
23436,GIFT BAG LARGE VINTAGE CHRISTMAS,148.0,185.0,9
23436,VINTAGE CHRISTMAS GIFT BAG LARGE ,1831.0,2182.39,105
23437, 50'S CHRISTMAS GIFT BAG LARGE,1915.0,2343.63,129
23437,GIFT BAG LARGE 50'S CHRISTMAS,24.0,30.0,2
23438, RED SPOT GIFT BAG LARGE,1713.0,2089.92,103
23438,GIFT BAG LARGE SPOT ,96.0,120.0,6
23439,HAND WARMER RED LOVE HEART,3986.0,8855.51,397
23440,PAINT YOUR OWN EGGS IN CRATE,164.0,299.36,5
23441,HAND PAINTED HANGING EASTER EGG,22.0,9.24,3
23442,12 HANGING EGGS HAND PAINTED,40.0,83.2,7
23444,Next Day Carriage,79.0,1200.0,79
23445,ICE CREAM BUBBLES,2668.0,2161.24,101
23446,BLUE BUNNY EASTER EGG BASKET,157.0,230.25,3
23447,PINK BUNNY EASTER EGG BASKET,158.0,231.9,4
23448,CREAM BUNNY EASTER EGG BASKET,25.0,41.25,3
23449,SET OF 6 EASTER RAINBOW CHICKS,12.0,15.0,1
23451,SQUARE MINI PORTRAIT FRAME,277.0,556.17,52
23452,HEART MINI PORTRAIT FRAME,518.0,1021.76,87
23453,OVAL  MINI PORTRAIT FRAME,316.0,615.98,47
23454,SET OF 3 MINI HANGING PORTRAITS,32.0,123.2,2
23454,THREE MINI HANGING FRAMES,142.0,610.0,50
23455,SMALL PARLOUR FRAME,42.0,106.98,2
23455,SMALL PARLOUR PICTURE FRAME,165.0,462.45,33
23456,MEDIUM PARLOUR FRAME ,22.0,84.1,2
23456,MEDIUM PARLOUR PICTURE FRAME ,136.0,550.0,34
23457,LARGE PARLOUR FRAME,27.0,122.85,2
23457,LARGE PARLOUR PICTURE FRAME,85.0,427.03,29
23458,DOLLY CABINET 3 DRAWERS ,51.0,762.45,30
23459,DOLLY CABINET 2 DRAWERS ,33.0,412.5,19
23460,SWEETHEART WALL TIDY ,108.0,1007.08,43
23461,SWEETHEART BIRD HOUSE,847.0,3041.21,94
23462,ROCOCO WALL MIROR,2.0,39.9,1
23462,ROCOCO WALL MIRROR WHITE,78.0,1567.14,45
23463,VINTAGE ZINC WATERING CAN,13.0,139.4,8
23464,VINTAGE ZINC WATERING CAN SMALL,18.0,99.2,8
23465,TUSCAN VILLA BIRD FEEDER,17.0,148.63,9
23465,TUSCAN VILLA FEEDING STATION,12.0,99.0,7
23466,TUSCAN VILLA DOVECOTE,12.0,99.0,4
23466,TUSCAN VILLA DOVECOTE BIRD FEEDER,43.0,399.03,23
23467,VINTAGE ZINC PLANTER  ,32.0,120.08,11
23468,TUSCAN VILLA BIRD TABLE ,19.0,156.75,11
23469,CARD HOLDER LOVE BIRD SMALL,332.0,1355.24,72
23470,CARD HOLDER LOVE BIRD LARGE ,232.0,1460.5,84
23471,SIX DRAWER OFFICE TIDY,65.0,616.79,27
23472, NINE DRAWER OFFICE TIDY,58.0,894.42,33
23473,WOODLAND SMALL RED FELT HEART,678.0,552.02,51
23474,WOODLAND SMALL BLUE FELT HEART,312.0,270.96,37
23475,WOODLAND SMALL PINK FELT HEART,286.0,242.18,31
23476,WOODLAND LARGE RED FELT HEART,205.0,264.72,22
23477,WOODLAND LARGE BLUE FELT HEART,92.0,123.47,13
23478,WOODLAND LARGE PINK FELT HEART,285.0,324.4,13
23479,WIRE EGG BASKET ,113.0,872.38,44
23480,MINI LIGHTS WOODLAND MUSHROOMS,1798.0,6719.14,215
23481,PEARLISED IVORY HEART SMALL ,228.0,281.17,29
23482,PEARLISED IVORY HEART LARGE ,418.0,661.02,39
23483,HANGING  BUTTERFLY T-LIGHT HOLDER,1328.0,1636.36,73
23484,HEART TRELLIS TRIPLE T-LIGHT HOLDER,129.0,395.11,30
23484,HEART TRELLISTRIPLE T-LIGHT HOLDER,56.0,152.24,5
23485,BOTANICAL GARDENS WALL CLOCK ,262.0,5843.92,83
23486,ANTIQUE HEART SHELF UNIT,275.0,4145.47,74
23487,SWEET HEART CAKE CARRIER,80.0,795.58,44
23489,"GARLAND, VINTAGE BELLS",92.0,265.88,10
23489,VINTAGE BELLS GARLAND,821.0,2443.35,149
23490,T-LIGHT HOLDER HANGING LOVE BIRD,542.0,2032.77,101
23491,VINTAGE JINGLE BELLS HEART,228.0,1897.76,78
23492,VINTAGE JINGLE BELLS WREATH,76.0,635.38,28
23493,VINTAGE DOILY TRAVEL SEWING KIT,3964.0,8497.98,415
23494,VINTAGE DOILY DELUXE SEWING KIT ,809.0,5354.01,205
23495,SET OF 3 PANTRY WOODEN SPOONS,225.0,306.66,41
23496,PANTRY KITCHEN THERMOMETER ,112.0,154.52,31
23497,CLASSIC CHROME BICYCLE BELL ,2498.0,3578.62,193
23497,CLASSIC CROME BICYCLE BELL ,60.0,77.4,2
23498,CLASSIC BICYCLE CLIPS ,1640.0,2372.68,99
23499,SET 12 VINTAGE DOILY CHALK ,1312.0,586.23,110
23500,KEY RING BASEBALL BOOT ASSORTED ,1626.0,2038.33,98
23501,KEY RING BASEBALL BOOT UNION JACK,1821.0,2217.87,112
23502,PLAYING CARDS VINTAGE DOILEY ,13.0,16.25,2
23502,PLAYING CARDS VINTAGE DOILY ,701.0,880.16,92
23503,PLAYING CARDS KEEP CALM & CARRY ON,3643.0,4860.55,335
23504,PLAYING CARDS JUBILEE UNION JACK,1927.0,2848.89,208
23505,PLAYING CARDS I LOVE LONDON ,1200.0,1651.29,115
23506,MINI PLAYING CARDS SPACEBOY ,2723.0,1129.12,146
23507,MINI PLAYING CARDS BUFFALO BILL ,2882.0,1155.67,119
23508,MINI PLAYING CARDS DOLLY GIRL ,2627.0,1163.45,120
23509,MINI PLAYING CARDS FUN FAIR ,1062.0,451.46,65
23510,MINI PLAYING CARDS GYMKHANA,2521.0,1118.8,120
23511,EMBROIDERED RIBBON REEL EMILY ,571.0,1252.01,98
23512,EMBROIDERED RIBBON REEL ROSIE,500.0,975.24,57
23513,EMBROIDERED RIBBON REEL SUSIE ,566.0,1114.26,70
23514,EMBROIDERED RIBBON REEL SALLY ,478.0,977.39,74
23515,EMBROIDERED RIBBON REEL DAISY ,579.0,1164.98,71
23516,EMBROIDERED RIBBON REEL SOPHIE  ,296.0,1058.6,42
23517,EMBROIDERED RIBBON REEL REBECCA ,334.0,996.38,63
23518,EMBROIDERED RIBBON REEL RACHEL ,361.0,980.41,44
23519,EMBROIDERED RIBBON REEL CLAIRE,224.0,792.31,24
23520,EMBROIDERED RIBBON REEL RUBY ,167.0,600.55,32
23521,CAT AND BIRD WALL ART,270.0,323.64,4
23521,WALL ART CAT AND BIRD ,143.0,469.73,40
23522,DOG AND BALL WALL ART,252.0,425.88,4
23522,WALL ART DOG AND BALL ,102.0,301.56,28
23523,TREASURE AHOY WALL ART,270.0,833.46,16
23523,WALL ART TREASURE AHOY ,90.0,340.35,25
23524,HORSE & PONY WALL ART,256.0,797.31,17
23524,WALL ART HORSE & PONY ,225.0,760.32,46
23525,BUFFALO BILL WALL ART ,248.0,852.72,16
23525,WALL ART BUFFALO BILL ,334.0,1011.1,37
23526,DOG LICENCE WALL ART,408.0,2081.64,29
23526,WALL ART DOG LICENCE ,604.0,3939.76,114
23527,ANIMALS AND NATURE WALL ART,267.0,923.97,17
23527,WALL ART ANIMALS AND NATURE ,153.0,504.59,31
23528,SPACEBOY WALL ART,306.0,885.9,13
23528,WALL ART SPACEBOY,173.0,618.59,37
23529,DOLLY GIRL WALL ART,318.0,1055.94,11
23529,WALL ART DOLLY GIRL ,319.0,956.05,26
23530,WALL ART ONLY ONE PERSON ,1050.0,4406.57,86
23530,"WALL ART,ONLY ONE PERSON ",6.0,29.7,1
23531,WALL ART BIG LOVE ,976.0,5538.26,112
23532,WALL ART WORK REST AND PLAY  ,210.0,901.58,31
23533,WALL ART GARDEN HAVEN ,215.0,998.64,36
23534,STOP FOR TEA WALL ART,518.0,2572.7,41
23534,WALL ART STOP FOR TEA ,869.0,6036.2,219
23535,BICYCLE SAFTEY WALL ART,458.0,2371.94,39
23535,WALL ART BICYCLE SAFETY,845.0,5954.15,173
23535,WALL ART BICYCLE SAFTEY ,21.0,114.15,3
23536,VILLAGE SHOW WALL ART,386.0,2072.42,18
23536,WALL ART VILLAGE SHOW ,240.0,1369.71,67
23537,I LOVE LONDON WALL ART,12.0,59.4,2
23537,WALL ART I LOVE LONDON ,99.0,521.73,32
23538,WALL ART VINTAGE HEART,331.0,1329.54,32
23539,"WALL ART , LOVES' SECRET ",8.0,47.6,2
23539,WALL ART LOVES' SECRET ,239.0,1180.35,39
23540,"WALL ART , THE MAGIC FOREST ",2.0,13.9,1
23540,WALL ART THE MAGIC FOREST ,148.0,933.16,13
23541,"WALL ART ,PUDDINGS ",8.0,61.2,2
23541,WALL ART CLASSIC PUDDINGS ,864.0,6762.71,150
23542,70'S ALPHABET WALL ART,150.0,1043.1,15
23542,WALL ART 70'S ALPHABET ,356.0,2757.06,74
23543,KEEP CALM WALL ART ,269.0,2015.97,20
23543,WALL ART KEEP CALM ,967.0,4994.79,83
23544,WALL ART MID CENTURY MODERN ,164.0,1015.78,20
23545,WRAP RED DOILEY,380.0,159.6,16
23545,WRAP RED VINTAGE DOILY,2100.0,866.0,68
23546,WRAP PAISLEY PARK ,3250.0,1365.0,120
23547,WRAP FLOWER SHOP  ,1575.0,661.5,62
23548,WRAP MAGIC FOREST ,1075.0,451.5,43
23549,WRAP BIRD GARDEN ,1305.0,548.1,52
23550,WRAP ALPHABET POSTER  ,1855.0,763.1,64
23551,PACK OF 12 PAISLEY PARK TISSUES ,1840.0,839.84,136
23552,BICYCLE PUNCTURE REPAIR KIT ,1863.0,3881.91,116
23553,LANDMARK FRAME CAMDEN TOWN ,568.0,6444.65,68
23554,LANDMARK FRAME OXFORD STREET,422.0,4805.53,57
23555,LANDMARK FRAME NOTTING HILL ,421.0,4780.57,50
23556,LANDMARK FRAME COVENT GARDEN ,436.0,4937.01,53
23557,LANDMARK FRAME BAKER STREET ,350.0,3930.27,32
23558,LANDMARK FRAME LONDON BRIDGE ,415.0,4703.87,52
23559,WOODLAND BUNNIES LOLLY MAKERS,649.0,1482.41,124
23560,SET OF 6 RIBBONS COUNTRY STYLE,172.0,499.18,26
23561,SET OF 6 RIBBONS PARTY,170.0,476.0,16
23562,SET OF 6 RIBBONS PERFECTLY PRETTY  ,251.0,724.59,43
23564,EGG CUP MILKMAID INGRID,644.0,841.31,76
23565,EGG CUP MILKMAID HELGA ,410.0,586.31,63
23566,EGG CUP MILKMAID HEIDI,881.0,1156.93,83
23567,EGG CUP HENRIETTA HEN PINK,211.0,291.58,37
23568,EGG CUP HENRIETTA HEN CREAM ,630.0,787.52,48
23569,TRADTIONAL ALPHABET STAMP SET,954.0,4717.66,192
23570,TRADITIONAL PICK UP STICKS GAME ,2772.0,4931.87,276
23571,TRADITIONAL NAUGHTS & CROSSES,2841.0,6406.91,257
23574,PACKING CHARGE,14.0,105.0,14
23575,SNACK TRAY PAISLEY PARK,179.0,367.35,32
23576,SNACK TRAY RED VINTAGE DOILY,198.0,400.04,37
23578,SNACK TRAY RED GINGHAM,60.0,125.72,14
23579,SNACK TRAY I LOVE LONDON,169.0,358.75,35
23580,SNACK TRAY HAPPY FOREST  ,116.0,234.92,25
23581,JUMBO BAG PAISLEY PARK,5020.0,11581.83,338
23582,VINTAGE DOILY JUMBO BAG RED ,4802.0,10206.41,259
23583,LUNCH BAG PAISLEY PARK  ,3385.0,5497.33,325
23597,PAPER BUNTING PAISLEY PARK,249.0,679.07,31
23598,PAPER BUNTING VINTAGE PARTY,427.0,1215.53,47
23601,SET 10 CARDS SNOWY SNOWDROPS  17100,8.0,19.92,4
23602,SET 10 CARDS 3 WISE MEN 17107,1.0,2.91,1
23603,SET 10 CARD KRAFT REINDEER 17084,20.0,49.8,14
23604,SET 10 MINI SANTA & SNOWMAN  17087,4.0,6.64,2
23605,SET 10 CARDS 12 DAYS OF XMAS 17059,4.0,11.64,1
23607,SET 10 CARDS HATS & STOCKINGS 17081,8.0,13.28,7
23608,SET 10 CARDS RUDOLPHS NOSE 17097,4.0,11.64,3
23609,SET 10 CARDS SNOWY ROBIN 17099,1.0,2.91,1
23610,SET 10 CARDS CHRISTMAS ROBIN 17095,3.0,6.24,3
23611,SET 10 CARDS RED RIDING HOOD 17214,40.0,99.6,16
23612,SET 10 MINICARDS CUTE SNOWMAN 17071,5.0,8.3,2
23613,SET 10 XMAS CARDS & BADGES 17070,11.0,27.39,6
23614,SET 10 CARDS 12 DAYS WRAP  17058,26.0,86.58,11
23615,SET 10 CARDS PRINTED GRAPHIC 17219,4.0,9.96,4
23616,SET 10 CARDS JINGLE BELLS 17217,8.0,19.92,7
23617,SET 10 CARDS SWIRLY XMAS TREE 17104,2.0,5.82,1
23619,SET 10 CARDS POINSETTIA 17093,4.0,9.96,2
23620,SET 10 CARDS PERFECT POST 17090,10.0,24.9,7
23621,SET 10 CARDS DAVID'S MADONNA 17074,6.0,14.94,4
23623,SET 10 CARD CHRISTMAS WELCOME 17112,8.0,23.28,6
23624,SET 10 CARD PERFECT NATIVITY 17089,4.0,9.96,4
23625,SET 6 CARDS SPARKLY REINDEER 17262,9.0,44.91,4
23626,SET 10 CARDS DINKY TREE 17076,43.0,107.07,16
23627,SET 10 CARDS XMAS GRAPHIC  17218,7.0,17.43,2
23628,SET 10 CARDS TRIANGLE ICONS  17220,1.0,2.91,1
23629,SET 10 CARDS DRESSING UP 17077,24.0,59.76,10
23630,SET 10 CARDS HANGING BAUBLES 17080,2.0,5.48,2
23632,SET 10 CARDS CHEERFUL ROBIN 17065,15.0,31.2,10
23633,SET 10 CARDS WORLD CHILDREN 17067,3.0,7.47,3
23634,SET 10 CARDS XMAS CHOIR 17068,5.0,14.55,5
23635,SET 10 CARDS CHRISTMAS HOLLY  17259,3.0,12.48,3
23636,SET 10 CARDS WISHING TREE 17116,9.0,26.19,7
23637,SET 10 CARDS OUT OF ORDER 17216,11.0,27.39,9
23638,SET 10 CARDS ROBIN WATERPUMP  17096,2.0,5.82,2
23639,SET 10 CARDS MAGICAL TREE 17086,4.0,13.32,4
23640,SET 10 CARDS SCOTTIE DOG 17211,9.0,22.41,8
23643,SET 10 CARDS CHRISTMAS BAUBLE 16954,1.0,3.33,1
23644,SET 10 CARDS CHRISTMAS TREE 16955,5.0,16.65,5
23645,SET 10 CHRISTMAS CARDS HOHOHO 16956,9.0,22.41,4
23646,SET 10 CARDS JINGLE BELLS 16957,8.0,19.92,5
23649,SET 10 CARDS DECK THE HALLS 16960,2.0,4.98,2
23650,SET 10 CARDS FILIGREE BAUBLE 16961,4.0,9.96,4
23652,SET 10 CARD CHRISTMAS STAMPS 16963,2.0,5.82,1
23654,SET 10 CARD SNOWMAN 16965,5.0,12.45,4
23660,HENRIETTA HEN MUG ,306.0,534.66,42
23661,MILK MAIDS MUG ,219.0,393.59,33
23664,FLOWER SHOP DESIGN MUG,1.0,1.65,1
23681,LUNCH BAG RED VINTAGE DOILY,1576.0,2525.04,132
23691,KEEP CALM BIRTHDAY WRAP,50.0,21.0,2
23691,WRAP KEEP CALM BIRTHDAY,1125.0,460.5,36
23692,WRAP A PRETTY THANK YOU,50.0,21.0,2
23694,PAISLEY PARK CARD,376.0,165.08,41
23695,DOILY THANK YOU CARD,741.0,313.24,57
23697,A PRETTY THANK YOU CARD,456.0,194.58,35
23702,High Resolution Image,4.0,27.0,3
23843,"PAPER CRAFT , LITTLE BIRDIE",80995.0,168469.6,1
35001G,HAND OPEN SHAPE GOLD,198.0,677.34,30
35001W,HAND OPEN SHAPE DECO.WHITE,92.0,270.02,5
35004B,SET OF 3 BLACK FLYING DUCKS,577.0,2934.81,111
35004C,SET OF 3 COLOURED  FLYING DUCKS,394.0,1888.1,39
35004G,SET OF 3 GOLD FLYING DUCKS,127.0,454.65,21
35004P,SET OF 3 PINK FLYING DUCKS,1.0,5.45,1
35095A,BLUE VICTORIAN FABRIC OVAL BOX,925.0,388.57,100
35095B,RED VICTORIAN FABRIC OVAL BOX,862.0,352.25,98
35241,ENAMEL BLUE RIM BISCUIT BIN,103.0,530.49,44
35265,COLOURFUL FLOWER FRUIT BOWL,17.0,52.2,12
35271S,GOLD PRINT PAPER BAG,19.0,3.61,2
35400,WOODEN BOX ADVENT CALENDAR ,10.0,89.5,5
35443,RASTA IN BATH W SPLIFF ASHTRAY,8.0,6.8,6
35471D,SET OF 3 BIRD LIGHT PINK FEATHER ,1848.0,979.11,223
35591T,TURQUOISE CHRISTMAS TREE ,5.0,6.25,4
35597A,DUSTY PINK CHRISTMAS TREE 30CM,1.0,1.25,1
35597B,BLACKCHRISTMAS TREE 30CM,1.0,1.25,1
35597D,PINK/WHITE CHRISTMAS TREE 30CM,46.0,17.48,2
35598A,DUSTY PINK CHRISTMAS TREE 60CM,9.0,26.55,2
35598B,BLACK CHRISTMAS TREE 60CM,558.0,460.64,25
35598C,WHITE CHRISTMAS TREE 60CM,2.0,5.9,2
35598D,PINK/WHITE CHRISTMAS TREE 60CM,684.0,493.01,42
35599B,BLACK CHRISTMAS TREE 120CM,217.0,551.13,27
35599D,PINK AND WHITE CHRISTMAS TREE 120CM,201.0,553.07,34
35607A,PINK FLUFFY CHRISTMAS DECORATION,26.0,7.82,2
35607B,BLACK FEATHER CHRISTMAS DECORATION,96.0,18.24,7
35609A,PINK FEATHER CHRISTMAS DECORATION,1.0,2.51,1
35610A,PINK CHRISTMAS FLOCK DROPLET ,10.0,15.02,3
35610B,BLACK CHRISTMAS FLOCK DROPLET ,24.0,30.0,1
35610C,WHITE CHRISTMAS FLOCK DROPLET ,25.0,32.51,2
35637A,IVORY STRING CURTAIN WITH POLE ,170.0,440.62,28
35637C,PINK STRING CURTAIN WITH POLE,30.0,100.86,9
35638A,PINK AND BLACK STRING CURTAIN,38.0,82.1,5
35638B,PINK/BLUE STRING CURTAIN ,57.0,128.33,5
35645,VINTAGE BEAD PINK JEWEL BOX,4.0,17.0,3
35646,VINTAGE BEAD PINK EVENING BAG,619.0,937.25,94
35647,VINTAGE BEAD PINK SHADE ,13.0,16.25,2
35648,VINTAGE BEAD PINK PURSE ,979.0,1066.66,128
35649,VINTAGE BEAD COSMETIC BAG ,57.0,156.85,35
35650,VINTAGE BEAD PINK JEWEL STAND,1.0,4.95,1
35651,VINTAGE BEAD PINK SCARF ,451.0,985.84,58
35653,VINTAGE BEAD NOTEBOOK,150.0,433.19,52
35809a,ENAMEL PINK TEA CONTAINER,9.0,37.33,9
35809A,ENAMEL PINK TEA CONTAINER,420.0,488.06,62
35809B,ENAMEL BLUE RIM TEA CONTAINER,8.0,9.18,3
35810A,ENAMEL PINK COFFEE CONTAINER,633.0,640.09,75
35810B,ENAMEL BLUE RIM COFFEE CONTAINER,152.0,174.09,26
35815P,"ACRYLIC JEWEL SNOWFLAKE, PINK",162.0,63.28,5
35816P,"ACRYLIC JEWEL ANGEL,PINK",78.0,29.64,2
35817P,"ACRYLIC JEWEL SNOWFLAKE,PINK",6.0,15.3,1
35817P,PINK ACRYLIC JEWEL SNOWFLAKE,12.0,4.56,1
35818B,"ACRYLIC JEWEL ICICLE, BLUE",31.0,11.78,3
35818P,"ACRYLIC JEWEL ICICLE, PINK",263.0,105.83,19
35819B,"ACRYLIC HANGING JEWEL,BLUE",268.0,106.05,24
35819P,"ACRYLIC HANGING JEWEL,PINK",95.0,66.55,7
35833G,4 GOLD FLOCK CHRISTMAS BALLS,2.0,6.72,1
35833P,4 PINK FLOCK CHRISTMAS BALLS,49.0,88.47,22
35909A,RABBIT EASTER DECORATION,8.0,23.6,3
35909B,PINK FLOWERS RABBIT EASTER,8.0,23.6,2
35910A,MULTICOLOUR EASTER RABBIT ,20.0,39.0,4
35910B,PINK FLOWERS RABBIT EASTER,13.0,25.35,3
35911A,MULTICOLOUR RABBIT EGG WARMER,319.0,292.07,70
35911B,PINK/FLOWER RABBIT EGG WARMER ,119.0,100.76,15
35912B,WHITE/PINK CHICK DECORATION,252.0,301.26,20
35913B,WHITE/PINK CHICK EASTER DECORATION,36.0,35.48,10
35914,PINK CHICK EGG WARMER + EGG CUP,195.0,218.81,40
35915B,BLUE KNITTED HEN ,220.0,257.22,50
35915C,PEACH KNITTED HEN ,315.0,316.46,60
35916A,YELLOW FELT HANGING HEART W FLOWER,87.0,67.39,29
35916B,BLUE FELT HANGING HEART W FLOWER,16.0,26.11,2
35916B,BLUE FELT HANGING HEART WITH FLOWER,75.0,50.57,30
35916C,PINK FELT HANGING HEART W FLOWER,106.0,107.72,20
35920,FOUR RABBIT EASTER DECORATIONS,72.0,104.84,15
35921,EASTER BUNNY HANGING GARLAND,68.0,133.23,23
35922,EASTER BUNNY WREATH,28.0,138.6,10
35923,CANDY HEART HANGING DECORATION,1318.0,690.52,62
35924,HANGING FAIRY CAKE DECORATION,820.0,1484.3,72
35933,PINK STOCKING CHRISTMAS DECORATION,226.0,92.21,19
35953,FOLKART STAR CHRISTMAS DECORATIONS,3581.0,1633.67,131
35954,SMALL FOLKART STAR CHRISTMAS DEC,1245.0,350.48,54
35957,SMALLFOLKART BAUBLE CHRISTMAS DEC,688.0,361.81,41
35958,FOLKART ZINC STAR CHRISTMAS DEC,12.0,10.2,3
35961,FOLKART ZINC HEART CHRISTMAS DEC,2986.0,2629.81,244
35964,FOLKART CLIP ON STARS,783.0,404.08,100
35965,FOLKART HEART NAPKIN RINGS,366.0,551.13,69
35966,FOLKART CHRISTMAS TREE T-LIGHT HOLD,27.0,10.26,2
35967,FOLK ART METAL STAR T-LIGHT HOLDER,485.0,252.33,67
35968,FOLK ART METAL HEART T-LIGHT HOLDER,163.0,82.1,19
35970,ZINC FOLKART SLEIGH BELLS,5050.0,9512.73,456
35971,ROSE FOLKART HEART DECORATIONS,462.0,600.93,88
35972,DAISY FOLKART HEART DECORATION,96.0,120.0,16
37327,ASSTD MULTICOLOUR CIRCLES MUG,1578.0,840.08,81
37330,BIG POLKADOT MUG,6.0,2.34,1
37333,"RETRO ""TEA FOR ONE"" ",21.0,120.99,17
37340,MULTICOLOUR SPRING FLOWER MUG,2544.0,1695.86,135
37342,POLKADOT COFFEE CUP & SAUCER PINK,1570.0,1489.01,109
37343,POLKADOT MUG PINK ,72.0,123.3,13
37351,ORANGE FLOWER MUG ,10.0,9.06,2
37370,RETRO COFFEE MUGS ASSORTED,2567.0,3839.01,159
37379A,PINK CHERRY BLOSSOM CUP & SAUCER,6.0,7.5,1
37413,ICON MUG REVOLUTIONARY,703.0,284.49,81
37423,WHITE WITH BLACK CATS PLATE,78.0,33.18,3
37444A,YELLOW BREAKFAST CUP AND SAUCER,53.0,66.35,18
37444B,BLUE BREAKFAST CUP AND SAUCER ,4.0,11.8,3
37444C,PINK BREAKFAST CUP AND SAUCER ,21.0,42.27,9
37446,MINI CAKE STAND WITH HANGING CAKES,1354.0,1976.09,183
37447,CERAMIC CAKE DESIGN SPOTTED PLATE,820.0,1313.28,115
37448,CERAMIC CAKE DESIGN SPOTTED MUG,1451.0,2206.63,187
37449,CERAMIC CAKE STAND + HANGING CAKES,563.0,5117.29,154
37450,CERAMIC CAKE BOWL + HANGING CAKES,714.0,2117.54,134
37461,FUNKY MONKEY MUG,1.0,1.25,1
37462E,"PET MUG, GOLDFISH",36.0,13.1,12
37464,ROBOT MUG IN DISPLAY BOX,3.0,3.75,2
37467,PIG MUG IN TWO COLOUR DESIGNS,159.0,130.27,17
37468,HARDMAN MUG 3 ASSORTED,64.0,32.03,13
37471,MULTICOLOUR POLKADOT PLATE,29.0,30.43,3
37474,SET/4 2 TONE EGG SHAPE MIXING BOWLS,1.0,9.95,1
37475,SET/4 COLOURFUL MIXING BOWLS,70.0,661.98,43
37476,CONDIMENT TRAY 4 BOWLS AND 4 SPOONS,37.0,399.02,26
37479B,CUBIC MUG FLOCK BLUE ON BROWN,131.0,78.09,21
37479P,CUBIC MUG FLOCK PINK ON BROWN,163.0,142.23,32
37482P,CUBIC MUG PINK POLKADOT,494.0,349.35,47
37487B,YELLOW/ORANGE FLOWER DESIGN PLATE,68.0,19.72,2
37488A,YELLOW PINK FLOWER DESIGN BIG BOWL,28.0,10.92,3
37489A,YELLOW/PINK FLOWER DESIGN BIG MUG,33.0,14.43,14
37489B,BLUE/YELLOW FLOWER DESIGN BIG MUG,31.0,16.77,12
37489C,GREEN/BLUE FLOWER DESIGN BIG MUG,23.0,13.65,8
37489D,PINK/GREEN FLOWER DESIGN BIG MUG,40.0,17.16,16
37491A,YELLOW/PINK CERAMIC CANDLE HOLDER,6.0,19.81,4
37491B,BLUE/YELLOW CERAMIC CANDLE HOLDER,4.0,6.6,1
37491C,GREEN/BLUE CERAMIC CANDLE HOLDER,8.0,13.2,1
37491D,PURPLE/BLUE CERAMIC CANDLE HOLDER,4.0,9.88,2
37495,FAIRY CAKE BIRTHDAY CANDLE SET,440.0,1622.24,92
37500,TEA TIME TEAPOT IN GIFT BOX,380.0,2360.68,113
37501,TEA TIME TEA SET IN GIFT BOX,133.0,906.83,49
37509,NEW ENGLAND MUG W GIFT BOX,2.0,5.1,2
40001,WHITE BAMBOO RIBS LAMPSHADE,821.0,675.23,56
40003,WHITE BAMBOO RIBS LAMPSHADE,155.0,179.23,15
40005B,BLUE ORGANDY ROUND LAMPSHADE W BEA,12.0,10.2,4
40016,CHINESE DRAGON PAPER LANTERNS,5556.0,2136.34,97
40046A,RED DAISY PAPER LAMPSHADE,50.0,62.5,6
44089A,PINK GAUZE BUTTERFLY LAMPSHADE,15.0,6.3,4
44089C,LILAC GAUZE BUTTERFLY LAMPSHADE,24.0,10.08,6
44091A,BLUE CRUSOE CHECK LAMPSHADE,9.0,3.78,3
44092B,BLUE WHITE PLASTIC RINGS LAMPSHADE,14.0,11.9,5
44092C,PURPLE/COPPER HANGING LAMPSHADE,20.0,17.0,8
44228,CANNABIS LEAF BEAD CURTAIN,36.0,30.6,2
44234,ASSORTED CIRCULAR MOBILE,693.0,154.77,33
44235,ASS COL CIRCLE MOBILE ,474.0,173.16,6
44235,ASSORTED COLOURED CIRCLE MOBILE ,64.0,26.88,7
44236,PINK/PURPLE CIRCLE CURTAIN,52.0,56.52,6
44242A,LILAC FEATHERS CURTAIN,12.0,9.48,1
44242B,PINK FEATHERS CURTAIN,52.0,50.28,3
44265,M/COLOUR POM-POM CURTAIN,2.0,8.5,1
45013,FOLDING SHOE TIDY,3.0,8.85,2
46000M,POLYESTER FILLER PAD 45x45cm,1021.0,1582.55,137
46000P,POLYESTER FILLER PAD 65CMx65CM,18.0,76.5,6
46000R,POLYESTER FILLER PAD 45x30cm,103.0,149.35,38
46000S,POLYESTER FILLER PAD 40x40cm,1556.0,2256.2,185
46000U,POLYESTER FILLER PAD 30CMx30CM,107.0,133.75,26
46115B,GREEN POP ART MAO CUSHION COVER ,12.0,2.28,2
46118,FUNKY MONKEY CUSHION COVER,232.0,317.17,46
46126A,ELVIS WALLHANGING / CURTAIN,52.0,69.84,8
46138B,BLUE CHENILLE SHAGGY CUSHION COVER ,43.0,43.15,12
46775D,SUNSET COLOUR CHUNKY KNITTED THROW,60.0,720.93,39
46776a,WOVEN BUBBLE GUM CUSHION COVER,5.0,20.65,1
46776A,WOVEN BUBBLE GUM CUSHION COVER,155.0,651.95,70
46776b,WOVEN BERRIES CUSHION COVER ,1.0,4.13,1
46776B,WOVEN BERRIES CUSHION COVER ,161.0,679.67,88
46776C,WOVEN FROST CUSHION COVER,117.0,492.79,59
46776D,WOVEN SUNSET CUSHION COVER ,89.0,378.29,37
46776e,WOVEN CANDY CUSHION COVER ,1.0,4.13,1
46776E,WOVEN CANDY CUSHION COVER ,67.0,288.43,38
46776f,WOVEN ROSE GARDEN CUSHION COVER ,7.0,28.91,1
46776F,WOVEN ROSE GARDEN CUSHION COVER ,210.0,883.12,89
47013A,WINE BOTTLE DRESSING LT.BLUE,14.0,3.04,4
47013C,WINE BOTTLE DRESSING DARK BLUE,52.0,12.97,12
47016,LIGHT DECORATION BATTERY OPERATED,2.0,4.2,1
47021G,SET/6 BEAD COASTERS GAUZE BAG GOLD,582.0,309.3,27
47310M,SMALL POP BOX FUNKY MONKEY,258.0,353.98,87
47310M,"SMALL POP BOX,FUNKY MONKEY",152.0,216.47,34
47341A,FUSCHIA TABLE RUN FLOWER ,27.0,38.75,5
47341B,BLUE TABLE RUN FLOWER,45.0,56.25,11
47343A,FUSCHIA FLOWER PURSE WITH BEADS,159.0,145.17,14
47344B,BLUE FLOWER DES PURSE,44.0,43.66,6
47348A,FUSCHIA VOILE POINTY SHOE DEC,97.0,50.31,15
47351B,BLUE  VOILE LAMPSHADE,86.0,234.5,9
47367B,PAIR PADDED HANGERS PINK CHECK,112.0,376.27,43
47369A,PINK GREEN EMBROIDERY COSMETIC BAG,33.0,93.19,20
47369B,BLUE GREEN EMBROIDERY COSMETIC BAG,35.0,97.13,22
47420,ASSORTED COLOUR SUCTION CUP HOOK,196.0,37.24,13
47421,ASSORTED COLOUR LIZARD SUCTION HOOK,994.0,393.0,55
47422,ASSORTED MONKEY SUCTION CUP HOOK,617.0,246.18,45
47469,ASSORTED SHAPES PHOTO CLIP SILVER ,469.0,238.61,12
47471,RAINBOW PEGS PHOTO CLIP STRING,290.0,189.88,39
47480,HANGING PHOTO CLIP ROPE LADDER,746.0,1274.17,86
47481,50CM METAL STRING WITH  7 CLIPS,225.0,171.79,23
47503A,ASS FLORAL PRINT MULTI SCREWDRIVER,2734.0,1254.12,163
47503H,ASS FLORAL PRINT SPIRIT LEVEL ,100.0,110.86,37
47503J,SET/3 FLORAL GARDEN TOOLS IN BAG,3.0,23.85,2
47504H,ENGLISH ROSE SPIRIT LEVEL ,978.0,964.38,118
47504K,ENGLISH ROSE GARDEN SECATEURS,2018.0,2048.66,212
47518f,ICON PLACEMAT POP ART ELVIS,5.0,20.73,5
47518F,ICON PLACEMAT POP ART ELVIS,827.0,113.64,28
47556B,TEA TIME TEA TOWELS ,2600.0,6045.0,2
47559b,TEA TIME OVEN GLOVE,103.0,342.65,28
47559B,TEA TIME OVEN GLOVE,2077.0,2584.9,287
47563A,RETRO LONGBOARD IRONING BOARD COVER,285.0,551.51,105
47566,PARTY BUNTING,18283.0,99445.23,1685
47566b,TEA TIME PARTY BUNTING,199.0,1651.15,102
47566B,TEA TIME PARTY BUNTING,2379.0,11275.27,365
47567B,TEA TIME KITCHEN APRON,602.0,3414.5,133
47570b,TEA TIME TABLE CLOTH,2.0,42.02,2
47570B,TEA TIME TABLE CLOTH,185.0,1727.23,31
47574A,ENGLISH ROSE SCENTED HANGING FLOWER,548.0,665.2,114
47574B,ENGLISH ROSE SCENTED HANGING HEART,4.0,17.0,2
47578A,ENGLISH ROSE SMALL SCENTED FLOWER,213.0,197.43,45
47579,TEA TIME BREAKFAST BASKET,1.0,2.1,1
47580,TEA TIME DES TEA COSY,388.0,1116.72,110
47585A,PINK FAIRY CAKE CUSHION COVER,264.0,1129.44,83
47586A,PINK FAIRY CAKE CUSHION COVER,21.0,53.55,8
47589,CONGRATULATIONS BUNTING,13.0,70.85,3
47590A,BLUE HAPPY BIRTHDAY BUNTING,1990.0,10491.75,390
47590b,PINK HAPPY BIRTHDAY BUNTING,12.0,129.48,9
47590B,PINK HAPPY BIRTHDAY BUNTING,2323.0,12050.12,393
47591b,SCOTTIES CHILDRENS APRON,1.0,4.13,1
47591B,SCOTTIES CHILDRENS APRON,209.0,344.79,56
47591d,PINK FAIRY CAKE CHILDRENS APRON,134.0,672.24,56
47591D,PINK FAIRY CAKE CHILDRENS APRON,3207.0,6052.45,439
47593A,CAROUSEL PONIES BABY BIB,33.0,14.37,12
47593b,SCOTTIE DOGS BABY BIB,6.0,4.98,1
47593B,SCOTTIE DOGS BABY BIB,1987.0,946.13,245
47594A,CAROUSEL DESIGN WASHBAG,108.0,199.84,50
47594B,SCOTTIES DESIGN WASHBAG,170.0,314.55,56
47599A,PINK PARTY BAGS,2456.0,4649.5,165
47599B,BLUE PARTY BAGS ,1480.0,2822.32,118
48111,DOORMAT 3 SMILEY CATS,1172.0,7708.48,233
48116,DOORMAT MULTICOLOUR STRIPE,1491.0,9080.68,201
48129,DOORMAT TOPIARY,904.0,6009.84,205
48138,DOORMAT UNION FLAG,3751.0,25534.15,616
48173c,DOORMAT BLACK FLOCK ,15.0,252.95,7
48173C,DOORMAT BLACK FLOCK ,1799.0,10000.66,188
48184,DOORMAT ENGLISH ROSE ,2035.0,14300.15,407
48185,DOORMAT FAIRY CAKE,3615.0,23872.91,365
48187,DOORMAT NEW ENGLAND,3807.0,24108.39,600
48188,DOORMAT WELCOME PUPPIES,2064.0,12107.02,287
48189,DOORMAT FRIENDSHIP ,27.0,451.11,17
48194,DOORMAT HEARTS,3416.0,22114.42,592
51008,AFGHAN SLIPPER SOCK PAIR,519.0,1690.55,22
51014A,"FEATHER PEN,HOT PINK",3842.0,2000.06,239
51014c,"FEATHER PEN,COAL BLACK",1.0,0.83,1
51014C,"FEATHER PEN,COAL BLACK",2687.0,1405.73,174
51014L,"FEATHER PEN,LIGHT PINK",2059.0,1069.14,149
51020A,SUMMER FUN DESIGN SHOWER CAP,325.0,116.33,18
51020B,STRIPY DESIGN SHOWER CAP,197.0,70.57,15
62018,SOMBRERO ,4415.0,5716.85,61
62043B,BLUE CHECK BAG W HANDLE 34X20CM,17.0,14.11,5
62074B,ELEPHANT CLIP W SUCTION CUP,16.0,6.72,4
62086A,PINK RETRO BIG FLOWER BAG,88.0,171.6,14
62094B,TURQ ICE CREAM BUM BAG ,19.0,63.21,8
62096A,PINK/YELLOW FLOWERS HANDBAG,106.0,132.5,8
62096B,PURPLE/TURQ FLOWERS HANDBAG,2.0,2.5,1
62097B,BLUE STRIPES SHOULDER BAG,9.0,7.47,3
70006,LOVE HEART POCKET WARMER,2702.0,1863.98,120
70007,HI TEC ALPINE HAND WARMER,841.0,956.36,107
71038,WHITE HANGING BEADS CANDLE HOLDER,238.0,1239.5,47
71050,SMALL SINGLE FLAME CANDLE HOLDER,33.0,11.55,6
71053,WHITE METAL LANTERN,1875.0,8037.77,307
71053,WHITE MOROCCAN METAL LANTERN,69.0,381.55,26
71101E,STANDING FAIRY POLE SUPPORT ,346.0,278.5,22
71143,ANTIQUE SILVER BOOK MARK WITH BEADS,17.0,14.11,3
71143,SILVER BOOK MARK WITH BEADS,161.0,182.25,34
71215,METAL BASE FOR CANDLES,11.0,4.62,2
71270,PHOTO CLIP LINE,236.0,334.98,49
71279,PINK GLASS CANDLEHOLDER,175.0,558.37,38
71403,"PINK/WHITE ""KEEP CLEAN"" BULLET BIN",76.0,283.96,33
71406C,BLACK ORANGE SQUEEZER,138.0,57.96,21
71459,HANGING JAM JAR T-LIGHT HOLDER,10792.0,8560.84,348
71459,HANGING JAM JAR T-LIGHT HOLDERS,2813.0,2298.05,92
71477,COLOUR GLASS. STAR T-LIGHT HOLDER,5736.0,17069.7,264
71477,COLOURED GLASS STAR T-LIGHT HOLDER,1012.0,3580.96,52
71495A,CD WALL TIDY BLUE OFFICE,103.0,40.38,8
71495B,CD WALL TIDY RED FLOWERS,163.0,61.05,8
71496A,A4 WALL TIDY BLUE OFFICE,127.0,80.96,12
71496B,A4 WALL TIDY RED FLOWERS,13.0,7.37,4
71510,SQUARE METAL CANDLEHOLDER BASE,52.0,36.52,8
72024U,LILAC VOTIVE CANDLE,72.0,15.12,3
72051S,BAG OF SILVER STONES,130.0,89.53,13
72122,COFFEE SCENT PILLAR CANDLE,324.0,335.79,61
72127,COLUMBIAN CANDLE ROUND ,169.0,210.61,30
72128,COLUMBIAN CANDLE ROUND,193.0,152.05,36
72130,COLUMBIAN CANDLE ROUND,219.0,133.34,27
72131,COLUMBIAN CANDLE RECTANGLE,136.0,236.4,18
72132,COLUMBIAN CUBE CANDLE,28.0,54.6,12
72133,COLUMBIAN CANDLE RECTANGLE,45.0,63.51,16
72134,COLUMBIAN  CUBE CANDLE ,105.0,58.62,11
72140E,BEST DAD CANDLE LETTERS,31.0,26.35,8
72225C,LAVENDER SCENT CAKE CANDLE,624.0,165.6,17
72232,FENG SHUI PILLAR CANDLE,3317.0,630.23,65
72349b,SET/6 PURPLE BUTTERFLY T-LIGHTS,159.0,658.51,82
72349B,SET/6 PURPLE BUTTERFLY T-LIGHTS,729.0,1486.69,114
72351a,SET/6 TURQUOISE BUTTERFLY T-LIGHTS,15.0,62.27,12
72351A,SET/6 TURQUOISE BUTTERFLY T-LIGHTS,1264.0,2498.75,153
72351B,SET/6 PINK  BUTTERFLY T-LIGHTS,2096.0,4007.85,186
72369A,PINK CLEAR GLASS CANDLE PLATE,30.0,39.92,5
72586,SET OF 6 HALLOWEEN GHOST T-LIGHTS,691.0,317.83,83
72598,SET/12 TAPER CANDLES,607.0,605.89,93
72709,IVORY SCULPTED RND CANDLE ,44.0,37.4,7
72741,GRAND CHOCOLATECANDLE,5958.0,8196.0,292
72760B,VINTAGE CREAM 3 BASKET CAKE STAND,409.0,4145.39,153
72780,BLACK SILOUETTE CANDLE PLATE,137.0,116.45,20
72783,BLACK SIL'T SQU CANDLE PLATE ,16.0,33.6,2
72798C,SET/4 GARDEN ROSE DINNER CANDLE,7.0,11.55,3
72799C,PINK PILLAR CANDLE SILVER FLOCK,81.0,129.47,19
72799E,IVORY PILLAR CANDLE SILVER FLOCK,451.0,916.99,76
72799F,IVORY PILLAR CANDLE GOLD FLOCK,144.0,421.13,30
72800B, 4 PURPLE FLOCK DINNER CANDLES,142.0,285.7,38
72800C,4 PINK DINNER CANDLE SILVER FLOCK,130.0,259.72,35
72800D,4 BLUE DINNER CANDLES SILVER FLOCK,87.0,226.67,31
72800E,4 IVORY DINNER CANDLES SILVER FLOCK,538.0,1205.64,136
72801c,4 ROSE PINK DINNER CANDLES,39.0,95.94,25
72801C,4 ROSE PINK DINNER CANDLES,145.0,180.65,19
72801d,4 SKY BLUE DINNER CANDLES,75.0,184.7,44
72801D,4 SKY BLUE DINNER CANDLES,75.0,113.21,18
72801G,4 BURGUNDY WINE DINNER CANDLES,45.0,57.46,13
72802a,ROSE SCENT CANDLE IN JEWELLED BOX,7.0,58.03,2
72802A,ROSE SCENT CANDLE IN JEWELLED BOX,323.0,1329.91,63
72802B,OCEAN SCENT CANDLE IN JEWELLED BOX,1028.0,1993.48,82
72802c,VANILLA SCENT CANDLE JEWELLED BOX,1.0,8.29,1
72802C,VANILLA SCENT CANDLE JEWELLED BOX,1395.0,2688.19,105
72803A,ROSE SCENT CANDLE JEWELLED DRAWER,529.0,722.47,41
72803b,OCEAN SCENT CANDLE JEWELLED DRAWER,1.0,8.47,1
72807a,SET/3 ROSE CANDLE IN JEWELLED BOX,8.0,66.32,5
72807A,SET/3 ROSE CANDLE IN JEWELLED BOX,393.0,1845.57,107
72807b,SET/3 OCEAN SCENT CANDLE JEWEL BOX,4.0,33.16,4
72807B,SET/3 OCEAN SCENT CANDLE JEWEL BOX,395.0,1822.21,110
72807c,SET/3 VANILLA SCENTED CANDLE IN BOX,5.0,41.45,5
72807C,SET/3 VANILLA SCENTED CANDLE IN BOX,721.0,3145.05,157
72811,SMALL ZINC/GLASS CANDLEHOLDER,53.0,78.93,8
72812,LARGE ZINC GLASS CANDLEHOLDER,34.0,116.06,11
72815,3 WICK CHRISTMAS BRIAR CANDLE ,3.0,15.97,2
72816,SET/3 CHRISTMAS DECOUPAGE CANDLES,892.0,1005.32,69
72817,SET OF 2 CHRISTMAS DECOUPAGE CANDLE,1212.0,1232.27,161
72818,CHRISTMAS DECOUPAGE CANDLE,1845.0,821.98,76
72819,CUPID DESIGN SCENTED CANDLES,225.0,509.07,43
72821,CUPID SCENTED CANDLE IN GLASS,11.0,18.15,4
75011,BLUE DAISY MOBILE,172.0,138.76,12
75013B,"STRING OF 8 BUTTERFLIES,PINK",25.0,41.25,6
75049L,LARGE CIRCULAR MIRROR MOBILE,7102.0,6812.98,205
75131,METAL TUBE CHIME ON BAMBOO,490.0,529.21,15
75172,PAINTED SEA SHELL METAL WINDCHIME,93.0,85.31,8
75178,ASSTD COL BUTTERFLY/CRYSTAL W/CHIME,459.0,218.87,13
77079,DOLPHIN WINDMILL,1.0,2.12,1
77101A,UNION FLAG WINDSOCK,387.0,426.94,22
78033,FLAG OF ST GEORGE CHAIR,38.0,185.3,8
78034B,BLUE NETTING STORAGE HANGER,8.0,15.6,6
78124,MAGAZINE RACK GEBRA ASSORTED ,198.0,256.5,18
79000,MOROCCAN TEA GLASS,4162.0,3357.34,125
79026B,"S/4 ICON COASTER,ELVIS LIVES",25.0,10.61,9
79030D,TUMBLER BAROQUE,525.0,266.19,40
79030D,"TUMBLER, BAROQUE",56.0,84.04,7
79030G,TUMBLER NEW ENGLAND,1261.0,551.19,53
79030G,"TUMBLER, NEW ENGLAND",142.0,182.3,14
79051A,SMOKEY GREY COLOUR D.O.F. GLASS,587.0,204.79,26
79051A,SMOKEY GREY COLOUR GLASS,236.0,84.76,15
79062D,"RETRO TIN ASHTRAY,REVOLUTIONARY",52.0,19.4,4
79063C,"RETRO PILL BOX KEY CHAIN,THE KING",235.0,43.65,14
79063D,"RETRO PILL BOX , REVOLUTIONARY",189.0,35.14,11
79066k,RETRO MOD TRAY,17.0,27.77,10
79066K,RETRO MOD TRAY,783.0,689.34,146
79067,CORONA MEXICAN TRAY,172.0,719.69,38
79071B,ENGLISH ROSE METAL WASTE BIN,20.0,59.0,11
79144B,PAINTED LIGHTBULB STAR+ MOON,180.0,103.23,53
79144C,PAINTED LIGHTBULB RAINBOW DESIGN,152.0,98.12,51
79149B,SILICON STAR BULB  BLUE,18.0,7.56,8
79151B,"SILICON CUBE 25W, BLUE",11.0,4.62,2
79157B,UBO-LIGHT TRIOBASE BLUE,4.0,3.4,2
79157V,UBO-LIGHT TRIOBASE PURPLE,5.0,4.25,3
79160,HEART SHAPE WIRELESS DOORBELL,444.0,795.83,49
79161A,ST GEORGE SET OF 10 PARTY LIGHTS,2.0,5.9,2
79163,BLACK CHAMPAGNE GLASS,1529.0,626.55,35
79164,BLACK WINE GLASS,1666.0,697.62,19
79190A,RETRO PLASTIC 70'S TRAY,384.0,179.36,63
79190B,RETRO PLASTIC POLKA TRAY,707.0,288.36,57
79190D,RETRO PLASTIC DAISY TRAY,265.0,126.98,47
79191B,RETRO PLASTIC POLKA TRAY,159.0,138.3,30
79191C,RETRO PLASTIC ELEPHANT TRAY,1105.0,812.53,65
79191D,RETRO PLASTIC DAISY TRAY,35.0,37.61,16
79192A,RETRO PLASTIC 70'S TRAY,3.0,3.75,2
79302M,"ART LIGHTS,FUNK MONKEY",370.0,1037.54,62
79321,CHILLI LIGHTS,10302.0,54096.36,661
79323B,BLACK CHERRY LIGHTS,8.0,54.0,1
79323P,PINK CHERRY LIGHTS,4.0,27.0,1
79329,PINK FLOCK GLASS CANDLEHOLDER,12.0,12.18,2
79331,PINK FLOCK GLASS CANDLEHOLDER,26.0,17.5,3
79336,LIGHT PINK FLOCK GLASS CANDLEHOLDER,36.0,13.68,3
79337,BLUE FLOCK GLASS CANDLEHOLDER,644.0,259.96,10
79403,FROSTED WHITE BASE ,95.0,85.52,15
79406,FROSTED WHITE BASE ,144.0,34.12,8
81950B,FLOWER BLUE CLOCK WITH SUCKER,116.0,33.64,8
81950V,FLOWER PURPLE CLOCK W/SUCKER,5.0,4.25,3
81950V,FLOWER PURPLE CLOCK WITH SUCKER,15.0,4.35,3
81952B,ROUND BLUE CLOCK WITH SUCKER,200.0,38.0,9
81952V,ROUND PURPLE CLOCK WITH SUCKER,365.0,69.35,24
81953B,ROUND BLUE CLOCK WITH SUCKER,11.0,2.09,3
81953P,ROUND ARTICULATED PINK CLOCK W/SUCK,28.0,5.32,3
82001s,SILVER RECORD COVER FRAME,78.0,581.88,15
82001s,VINYL RECORD FRAME SILVER,44.0,328.24,12
82001S,SILVER RECORD COVER FRAME,287.0,1067.76,26
82001S,VINYL RECORD FRAME SILVER,1295.0,4682.45,101
82011A,"BATHROOM SCALES, TROPICAL BEACH",18.0,67.5,12
82011B,BATHROOM SCALES RUBBER DUCKS,43.0,146.85,21
82011C,BATHROOM SCALES FOOTPRINTS IN SAND,51.0,172.05,20
82095,HEART BUTTONS JEWELLERY BOX,68.0,356.11,30
82482,WOODEN PICTURE FRAME WHITE FINISH,8986.0,23057.06,1100
82483,WOOD 2 DRAWER CABINET WHITE FINISH,2386.0,15123.92,543
82484,WOOD BLACK BOARD ANT WHITE FINISH,6012.0,35966.92,685
82486,3 DRAWER ANTIQUE WHITE WOOD CABINET,734.0,6457.94,202
82486,WOOD S/3 CABINET ANT WHITE FINISH,1402.0,11885.98,403
82494l,WOODEN FRAME ANTIQUE WHITE ,264.0,2211.6,61
82494L,WOODEN FRAME ANTIQUE WHITE ,6735.0,19599.49,910
82551,LAUNDRY 15C METAL SIGN,2918.0,4542.89,351
82552,WASHROOM METAL SIGN,3012.0,4674.83,364
82567,"AIRLINE LOUNGE,METAL SIGN",711.0,1408.07,291
82578,KITCHEN METAL SIGN,2058.0,1217.85,305
82580,BATHROOM METAL SIGN,5881.0,3473.21,631
82581,TOILET METAL SIGN,3883.0,2155.89,405
82582,AREA PATROLLED METAL SIGN,4365.0,8858.79,437
82583,HOT BATHS METAL SIGN,7258.0,16946.26,609
82599,FANNY'S REST STOPMETAL SIGN,508.0,1217.73,141
82600,N0 SINGING METAL SIGN,1225.0,2639.42,49
82600,NO SINGING METAL SIGN,4788.0,10193.76,496
82605,OLD DOC RUSSEL METAL SIGN,14.0,29.4,3
82613a,"METAL SIGN,CUPCAKE SINGLE HOOK",1.0,2.46,1
82613A,"METAL SIGN,CUPCAKE SINGLE HOOK",71.0,92.38,18
82613b,"METAL SIGN,CUPCAKE SINGLE HOOK",4.0,9.94,4
82613B,"METAL SIGN,CUPCAKE SINGLE HOOK",583.0,500.24,111
82613c,"METAL SIGN,CUPCAKE SINGLE HOOK",5.0,12.4,4
82613C,"METAL SIGN,CUPCAKE SINGLE HOOK",537.0,443.38,96
82613D,METAL SIGN CUPCAKE SINGLE HOOK,696.0,534.24,111
82615,PINK MARSHMALLOW SCARF KNITTING KIT,36.0,91.8,1
82616B,FRAPPUCINO SCARF KNITTING KIT,343.0,502.74,73
82616C,MIDNIGHT GLAMOUR SCARF KNITTING KIT,324.0,501.44,85
84006,MAGIC TREE -PAPER FLOWERS,918.0,848.7,105
84012,MAGIC SHEEP WOOL GROWING FROM PAPER,1265.0,1283.99,115
84016,FLAG OF ST GEORGE CAR FLAG,27.0,12.16,2
84029E,RED WOOLLY HOTTIE WHITE HEART.,4734.0,22025.73,429
84029G,KNITTED UNION FLAG HOT WATER BOTTLE,3319.0,16148.04,459
84030e,ENGLISH ROSE HOT WATER BOTTLE,108.0,877.76,41
84030E,ENGLISH ROSE HOT WATER BOTTLE,1497.0,6414.69,334
84031a,CHARLIE+LOLA RED HOT WATER BOTTLE ,1.0,16.63,1
84031A,CHARLIE+LOLA RED HOT WATER BOTTLE ,430.0,1959.91,165
84031b,CHARLIE LOLA BLUE HOT WATER BOTTLE ,1.0,16.63,1
84031B,CHARLIE LOLA BLUE HOT WATER BOTTLE ,303.0,1435.72,143
84032A,CHARLIE+LOLA PINK HOT WATER BOTTLE,1003.0,3384.98,313
84032B,CHARLIE + LOLA RED HOT WATER BOTTLE,936.0,2421.59,255
84033,FLAG OF ST GEORGE ,23.0,37.95,7
84050,PINK HEART SHAPE EGG FRYING PAN,3229.0,4753.53,256
84051,ASS COLOUR GLOWING TIARAS,281.0,215.21,25
84077,WORLD WAR 2 GLIDERS ASSTD DESIGNS,54951.0,13814.01,535
84078A,SET/4 WHITE RETRO STORAGE CUBES ,415.0,16363.3,155
84086B,YELLOW/BLUE RETRO RADIO,16.0,47.2,7
84086C,PINK/PURPLE RETRO RADIO,218.0,622.27,53
84192,ASSORTED COLOUR METAL CAT ,111.0,138.75,25
84199,GLOW IN DARK DOLPHINS,138.0,28.98,31
84201B,HAPPY BIRTHDAY CARD STRIPEY TEDDY,13.0,2.47,2
84201C,HAPPY BIRTHDAY CARD TEDDY/CAKE,5.0,0.95,1
84206A,3 BLACK CATS W HEARTS BLANK CARD,24.0,4.56,3
84206B,CAT WITH SUNGLASSES BLANK CARD,5.0,0.95,1
84206C,CHAMPAGNE TRAY BLANK CARD,8.0,1.52,2
84212,"ASSORTED FLOWER COLOUR ""LEIS""",10315.0,4934.87,111
84218,BOX/12 CHICK & EGG IN BASKET,123.0,223.11,41
84226,HEN HOUSE W FAMILY IN BARN & NEST,51.0,36.21,10
84227,HEN HOUSE W CHICK IN NEST,1.0,0.42,1
84228,HEN HOUSE W CHICK STANDING,283.0,118.21,24
84228,HEN HOUSE WITH CHICK STANDING,14.0,5.88,3
84231,EASTER BUNNY WITH BASKET ON BACK,108.0,72.63,20
84247E,PACK OF 12 CHRISTMAS FUN CARDS,106.0,283.79,37
84247E,PACK/12 XMAS FUN CARD,34.0,100.3,11
84247G,"DECOUPAGE,GREETING CARD,",357.0,158.63,32
84247K,"FOLK ART GREETING CARD,pack/12",22.0,64.9,9
84247L,FAWN AND MUSHROOM GREETING CARD,128.0,62.06,19
84247N,PACK/12 BLUE FOLKART CARDS,22.0,64.9,18
84249A,"GREETING CARD,SQUARE, DOUGHNUTS",174.0,80.46,27
84251B,"GREETING CARD, STICKY GORDON",245.0,70.78,53
84251C,"GREETING CARD, TWO SISTERS.",127.0,53.88,40
84251G,"GREETING CARD, OVERCROWDED POOL.",270.0,74.7,53
84270,ASSTD DESIGN BUBBLE GUM RING,17.0,3.57,4
84279B,CHERRY BLOSSOM DECORATIVE FLASK,192.0,774.7,69
84279P,CHERRY BLOSSOM  DECORATIVE FLASK,377.0,1565.71,126
84306,S/3 PINK SQUARE PLANTERS ROSES,10.0,88.22,9
84313B,BLUE TV TRAY TABLE ,127.0,518.61,39
84313C,ORANGE TV TRAY TABLE ,504.0,1165.91,43
84341B,SMALL PINK MAGIC CHRISTMAS TREE,645.0,282.38,40
84347,ROTATING SILVER ANGELS T-LIGHT HLDR,9461.0,26425.58,449
84352,SILVER CHRISTMAS TREE BAUBLE STAND ,34.0,577.35,23
84356,POMPOM CURTAIN,424.0,2124.15,82
84358,FLOOR LAMP SHADE WOOD BASE,33.0,312.7,13
84360,TABLE LAMP WHITE SHADE WOOD BASE,78.0,434.12,20
84375,SET OF 20 KIDS COOKIE CUTTERS,4311.0,9383.15,517
84378,SET OF 3 HEART COOKIE CUTTERS,6332.0,8518.4,685
84380,SET OF 3 BUTTERFLY COOKIE CUTTERS,5799.0,8153.56,688
84387A,BIRD ON BRANCH CANVAS SCREEN,11.0,21.45,1
84388,WISE MAN STAR SHAPE EGG PAN,24.0,13.14,6
84402B,PURPLE DRESS JEWELLERY STAND,61.0,48.19,3
84406B,CREAM CUPID HEARTS COAT HANGER,2015.0,7653.17,284
84415A,PINK FLOCK SUEDE CUSHION COVER ,12.0,15.0,2
84415B,BLUE FLOCK CUSHION COVER ,8.0,20.0,3
84422,PINK/BLUE DISC/MIRROR STRING,566.0,244.17,15
84429A,MEDIUM PINK BUDDHA HEAD ,54.0,182.5,21
84452,METAL RABBIT LADDER EASTER ,74.0,62.9,16
84457,SET/3 RABBITS FLOWER SKIPPPING ROPE,126.0,112.56,26
84459A,PINK METAL CHICKEN HEART ,716.0,1058.18,91
84459B,YELLOW METAL CHICKEN HEART ,721.0,1079.67,91
84461,12 PINK HEN+CHICKS IN BASKET,41.0,104.55,14
84462,3 PINK HEN+CHICKS IN BASKET,12.0,15.0,6
84465,15 PINK FLUFFY CHICKS IN BOX,10.0,29.5,7
84466,TOP SECRET PEN SET,46.0,57.5,10
84497,BUTTONS AND STRIPES NOTEBOOK ,13.0,48.75,7
84499,BLACK FLOWER CANDLE PLATE,7.0,5.95,2
84507B,STRIPES DESIGN MONKEY DOLL,39.0,118.73,22
84507C,BLUE CIRCLES DESIGN MONKEY DOLL,66.0,175.73,28
84508A,CAMOUFLAGE DESIGN TEDDY,1631.0,3448.05,36
84508B,STRIPES DESIGN TEDDY,56.0,142.8,30
84508C,BLUE CIRCLES DESIGN TEDDY,56.0,154.95,25
84509a,SET OF 4 ENGLISH ROSE PLACEMATS,104.0,775.84,68
84509A,SET OF 4 ENGLISH ROSE PLACEMATS,896.0,3417.28,230
84509b,SET OF 4 FAIRY CAKE PLACEMATS,5.0,37.3,4
84509B,SET OF 4 FAIRY CAKE PLACEMATS,217.0,806.04,79
84509c,SET OF 4 POLKADOT PLACEMATS ,43.0,322.22,27
84509C,SET OF 4 POLKADOT PLACEMATS ,130.0,498.94,51
84509E,SET OF 4 CAROUSEL PLACEMATS ,91.0,183.45,23
84509g,SET OF 4 FAIRY CAKE PLACEMATS ,2.0,14.92,2
84509G,SET OF 4 FAIRY CAKE PLACEMATS ,517.0,950.49,66
84510a,SET OF 4 ENGLISH ROSE COASTERS,53.0,130.48,40
84510A,SET OF 4 ENGLISH ROSE COASTERS,1196.0,1630.32,239
84510c,SET OF 4 POLKADOT COASTERS,40.0,98.7,23
84510C,SET OF 4 POLKADOT COASTERS,132.0,211.33,54
84510e,SET OF 4 GREEN CAROUSEL COASTERS,1.0,2.46,1
84510E,SET OF 4 GREEN CAROUSEL COASTERS,34.0,48.29,16
84519A,TOMATO CHARLIE+LOLA COASTER SET,512.0,905.55,88
84519B,CARROT CHARLIE+LOLA COASTER SET,471.0,773.3,126
84520B,PACK 20 ENGLISH ROSE PAPER NAPKINS,554.0,508.37,80
84522,PINK PARTY SUNGLASSES,20.0,36.76,12
84527,FLAMES SUNGLASSES PINK LENSES,52.0,95.1,8
84531A,PINK KNITTED EGG COSY,147.0,76.69,29
84531B,BLUE KNITTED EGG COSY,155.0,85.61,28
84534b,FAIRY CAKE NOTEBOOK A5 SIZE,2.0,3.32,2
84534B,FAIRY CAKE NOTEBOOK A5 SIZE,53.0,50.72,10
84535A,ENGLISH ROSE NOTEBOOK A6 SIZE,399.0,186.56,21
84535B,FAIRY CAKES NOTEBOOK A6 SIZE,1332.0,850.2,155
84536a,ENGLISH ROSE NOTEBOOK A7 SIZE,14.0,11.06,4
84536A,ENGLISH ROSE NOTEBOOK A7 SIZE,3138.0,1409.9,341
84536b,FAIRY CAKES NOTEBOOK A7 SIZE,5.0,4.05,1
84536B,FAIRY CAKES NOTEBOOK A7 SIZE,2102.0,888.14,178
84539,KNITTED RABBIT DOLL ,26.0,42.9,2
84548,CROCHET BEAR RED/BLUE  KEYRING,22.0,36.3,4
84549,CROCHET WHITE RABBIT KEYRING ,38.0,69.38,7
84550,CROCHET LILAC/RED BEAR KEYRING,1.0,1.65,1
84551,CROCHET DOG KEYRING,13.0,21.45,2
84558a,3D DOG PICTURE PLAYING CARDS,5.0,29.31,5
84558A,3D DOG PICTURE PLAYING CARDS,333.0,987.41,81
84559a,3D SHEET OF DOG STICKERS,29.0,48.38,22
84559A,3D SHEET OF DOG STICKERS,397.0,375.61,94
84559b,3D SHEET OF CAT STICKERS,23.0,38.33,20
84559B,3D SHEET OF CAT STICKERS,237.0,217.29,55
84562A,PINK/WHITE RIBBED MELAMINE JUG,3.0,23.85,3
84563A,PINK & WHITE BREAKFAST TRAY,96.0,369.84,35
84563B,BLUE & WHITE BREAKFAST TRAY,94.0,346.3,38
84568,GIRLS ALPHABET IRON ON PATCHES ,12442.0,2678.33,147
84569A,PACK 3 IRON ON DOG PATCHES,294.0,355.84,65
84569B,PACK 3 FIRE ENGINE/CAR PATCHES,85.0,118.4,19
84569C,PACK 4 FLOWER/BUTTERFLY PATCHES,1.0,1.25,1
84569D,PACK 6 HEART/ICE-CREAM PATCHES,467.0,560.62,98
84575A,PINK DOG CANNISTER,14.0,39.3,4
84576,BLUE CAT BISCUIT BARREL PINK HEART,66.0,148.32,17
84580,MOUSE TOY WITH PINK T-SHIRT,389.0,1482.43,165
84581,DOG TOY WITH PINK CROCHET SKIRT,187.0,709.71,90
84584,PINK GINGHAM CAT WITH SCARF,144.0,314.51,30
84592,CROCHET ROSE PURSE WITH SUEDE BACK,76.0,241.24,22
84593,CROCHET ROSE DES CLOTHES HANGER,5.0,14.75,1
84595E,LARGE TORTILLA DESIGN RED BOWL,78.0,154.68,22
84596b,SMALL DOLLY MIX DESIGN ORANGE BOWL,7.0,17.57,5
84596B,SMALL DOLLY MIX DESIGN ORANGE BOWL,5023.0,2547.42,522
84596e,SMALL LICORICE DES PINK BOWL,10.0,25.1,6
84596E,SMALL LICORICE DES PINK BOWL,564.0,411.68,79
84596f,SMALL MARSHMALLOWS PINK BOWL,16.0,39.36,12
84596F,SMALL MARSHMALLOWS PINK BOWL,3732.0,1943.62,435
84596g,SMALL CHOCOLATES PINK BOWL,3.0,7.38,1
84596G,SMALL CHOCOLATES PINK BOWL,1855.0,949.08,245
84596J,MIXED NUTS LIGHT GREEN BOWL,568.0,296.45,68
84596l,BISCUITS SMALL BOWL LIGHT BLUE,1.0,2.46,1
84596L,BISCUITS SMALL BOWL LIGHT BLUE,1254.0,629.38,172
84597B,RETRO BROWN BALL ASHTRAY ,41.0,51.25,5
84597C,RETRO PINK BALL ASHTRAY ,46.0,57.5,13
84598,BOYS ALPHABET IRON ON PATCHES,1975.0,546.04,99
84600,NEW BAROQUE JEWELLERY BOX ,53.0,446.89,25
84609,TALL ROCOCO CANDLE HOLDER,93.0,770.59,20
84613A,PINK NEW BAROQUE FLOCK CANDLESTICK,6.0,27.9,3
84613C,BLUE NEW BAROQUE FLOCK CANDLESTICK,1.0,4.65,1
84614A,PINK BAROQUE FLOCK CANDLE HOLDER,2.0,11.9,1
84616,SILVER ROCCOCO CHANDELIER,14.0,504.32,9
84617,NEW BAROQUE BLACK BOXES,3.0,38.25,3
84620,BLUE GINGHAM ROSE CUSHION COVER,2.0,11.9,1
84625A,PINK NEW BAROQUECANDLESTICK CANDLE,478.0,605.48,42
84625C,BLUE NEW BAROQUE CANDLESTICK CANDLE,449.0,536.41,35
84629,WHITE 3 FRAME BIRDS AND TREE ,20.0,150.0,10
84631,FRUIT TREE AND BIRDS WALL PLAQUE,40.0,340.58,24
84632,DECORATIVE HANGING SHELVING UNIT,6.0,359.7,5
84637,KITCHEN FLOWER POTS WALL PLAQUE,116.0,619.59,83
84638,SMALL KITCHEN FLOWER POTS PLAQUE,50.0,331.5,37
84658,WHITE STITCHED CUSHION COVER,57.0,412.23,22
84659A,WHITE TRAVEL ALARM CLOCK,280.0,676.27,89
84660a,WHITE STITCHED WALL CLOCK,4.0,29.84,2
84660A,WHITE STITCHED WALL CLOCK,843.0,783.45,42
84660b,BLACK STITCHED WALL CLOCK,2.0,15.08,2
84660B,BLACK STITCHED WALL CLOCK,707.0,733.28,40
84660c,PINK STITCHED WALL CLOCK,18.0,134.92,16
84660C,PINK STITCHED WALL CLOCK,661.0,693.32,45
84661a,WHITE SQUARE TABLE CLOCK,1.0,4.96,1
84661A,WHITE SQUARE TABLE CLOCK,104.0,167.79,20
84661b,BLACK SQUARE TABLE CLOCK,1.0,4.96,1
84661B,BLACK SQUARE TABLE CLOCK,115.0,300.24,29
84661C,PINK SQUARE TABLE CLOCK,71.0,104.84,14
84663A,GRASS HOPPER WOODEN WALL CLOCK ,272.0,374.12,34
84665,SQUARE CHERRY BLOSSOM CABINET,105.0,624.75,17
84666,SQUARE CHERRY BLOSSOM CABINET,24.0,94.8,4
84673A,PINK FLY SWAT,92.0,63.72,43
84673B,BLUE FLY SWAT,179.0,156.63,66
84674,FLYING PIG WATERING CAN,193.0,466.95,47
84675,FROG KING WATERING CAN,9.0,26.55,2
84678,CLASSICAL ROSE SMALL VASE,142.0,247.04,13
84679,CLASSICAL ROSE TABLE LAMP,6.0,55.7,2
84683,CLASSICAL ROSE CANDLESTAND,194.0,162.2,12
84685,BEACH HUT KEY CABINET,34.0,177.33,21
84686,BEACH HUT MIRROR,49.0,66.39,8
84687,BEACH HUT SHELF W 3 DRAWERS,81.0,504.43,31
84688,BEACH HUT DESIGN BLACKBOARD,41.0,203.07,15
84689,S/2 BEACH HUT TREASURE CHESTS,3.0,9.95,2
84691,PACK 20 DOLLY PEGS,242.0,174.5,4
84692,BOX OF 24 COCKTAIL PARASOLS,7903.0,4327.38,583
84705C,PINK FLOCK PHOTO FRAME ,12.0,15.0,1
84706D,CHERRY BLOSSOM TABLE CLOCK ,8.0,29.6,4
84706F,RED PEONY TABLE CLOCK,16.0,47.2,10
84707A,SILVER JEWELLED MIRROR TRINKET TRAY,95.0,695.23,45
84707B,PINK JEWELLED MIRROR TRINKET TRAY,34.0,210.55,18
84708B,PINK JEWELLED PHOTO FRAME ,62.0,326.35,19
84709B,PINK OVAL JEWELLED MIRROR,20.0,119.0,11
84711A,SILVER OVAL SHAPE TRINKET BOX,25.0,221.8,17
84711B,PINK OVAL SHAPE TRINKET BOX,20.0,186.64,13
84712B,PINK JEWELLED PHOTO FRAME,30.0,231.56,20
84715,SET OF 6 ICE CREAM SKITTLES,16.0,47.2,3
84723,CHERRY BLOSSOM CANVAS ART PICTURE,41.0,97.95,6
84725,FREESTYLE CANVAS ART PICTURE,41.0,39.65,18
84731,3 BIRDS CANVAS SCREEN,2.0,2.04,2
84732B,CUTE BIRD CEATURE SCREEN,22.0,8.58,2
84732D,CUTE RABBIT CEATURE SCREEN ,11.0,4.29,2
84741C,CITRUS GARLAND FELT FLOWERS ,60.0,117.0,14
84743C,ORANGE FELT VASE + FLOWERS,1.0,1.25,1
84744,S/6 SEW ON CROCHET FLOWERS,110.0,140.02,20
84745A,PINK HANGING GINGHAM EASTER HEN,32.0,13.44,5
84745B,BLUE HANGING GINGHAM EASTER HEN,32.0,13.44,5
84746,PINK EASTER HENS+FLOWER,14.0,38.31,9
84748,FOLK FELT HANGING MULTICOL GARLAND,204.0,570.86,61
84750A,PINK SMALL GLASS CAKE STAND,24.0,46.8,1
84750B,BLACK SMALL GLASS CAKE STAND,61.0,54.99,12
84751B,BLACK MEDIUM GLASS CAKE STAND,17.0,37.11,8
84754,S/15 SILVER GLASS BAUBLES IN BAG,558.0,725.52,62
84755,COLOUR GLASS T-LIGHT HOLDER HANGING,16401.0,10487.05,621
84760S,SMALL HANGING GLASS+ZINC LANTERN,43.0,62.35,8
84763,ZINC FINISH 15CM PLANTER POTS,601.0,748.34,57
84766,SILVER ROCOCO CANDLE STICK,146.0,340.7,14
84773,RED ROSE AND LACE C/COVER,3.0,8.85,1
84789,ENCHANTED BIRD PLANT CAGE,186.0,640.72,48
84792,ENCHANTED BIRD COATHANGER 5 HOOK,833.0,3974.32,241
84795b,SUNSET CHECK HAMMOCK,16.0,266.78,14
84795B,SUNSET CHECK HAMMOCK,176.0,1390.64,48
84795C,OCEAN STRIPE HAMMOCK ,2.0,15.9,1
84796a,PINK HAWAIIAN PICNIC HAMPER FOR 2,17.0,141.11,12
84796A,PINK HAWAIIAN PICNIC HAMPER FOR 2,61.0,568.13,43
84796B,BLUE SAVANNAH PICNIC HAMPER FOR 2,256.0,2393.59,124
84798A,PINK FOXGLOVE ARTIIFCIAL FLOWER,23.0,58.65,4
84798B,PURPLE FOXGLOVE ARTIIFCIAL FLOWER,11.0,28.05,3
84799,SPRIG LAVENDER ARTIFICIAL FLOWER,224.0,160.48,10
84800L,LARGE WHITE/PINK ROSE ART FLOWER,360.0,639.36,22
84800M,MEDIUM WHITE/PINK ROSE ART FLOWER,127.0,174.31,11
84800S,SMALL WHITE/PINK ROSE ART FLOWER,107.0,120.07,9
84801A,PINK HYDRANGEA ART FLOWER,46.0,96.6,5
84801B,WHITE HYDRANGEA ART FLOWER,22.0,46.2,3
84802A,WHITE ANEMONE ARTIFICIAL FLOWER,2.0,3.38,1
84802B,PURPLE ANEMONE ARTIFICIAL FLOWER,4.0,6.76,1
84803A,PINK ALLIUM  ARTIFICIAL FLOWER,3.0,5.07,1
84803B,WHITE ALLIUM  ARTIFICIAL FLOWER,17.0,28.73,4
84804A,CREAM DELPHINIUM ARTIFICIAL FLOWER,70.0,180.58,8
84804B,BLUE DELPHINIUM ARTIFICIAL FLOWER,99.0,188.37,6
84805A,CREAM CLIMBING HYDRANGA ART FLOWER,32.0,60.0,4
84805B,BLUE CLIMBING HYDRANGA ART FLOWER,38.0,52.5,3
84806A,PINK CANDYSTUFT ARTIFICIAL FLOWER,137.0,96.89,11
84806B,WHITE CANDYSTUFT ARTIFICIAL FLOWER,308.0,411.56,20
84809A,WHITE CHRYSANTHEMUMS ART FLOWER,55.0,115.5,8
84809B,PINK CHRYSANTHEMUMS ART FLOWER,18.0,37.8,1
84813,SET OF 4 DIAMOND NAPKIN RINGS,166.0,1393.79,38
84816,DANISH ROSE BEDSIDE CABINET,13.0,519.35,10
84817,DANISH ROSE DECORATIVE PLATE,951.0,710.64,55
84818,DANISH ROSE PHOTO FRAME,1423.0,1460.81,99
84819,DANISH ROSE ROUND SEWING BOX,811.0,951.79,62
84820,DANISH ROSE TRINKET TRAYS,259.0,483.05,31
84821,DANISH ROSE DELUXE COASTER,935.0,407.15,40
84823,DANISH ROSE FOLDING CHAIR,112.0,890.4,25
84824,DANISH ROSE UMBRELLA STAND,2.0,31.9,2
84826,ASSTD DESIGN 3D PAPER STICKERS,1162.0,389.38,31
84827,ASS DES PHONE SPONGE CRAFT STICKER,509.0,153.09,14
84828,JUNGLE POPSICLES ICE LOLLY HOLDERS,139.0,197.49,29
84828,JUNGLE POPSICLES ICE LOLLY MOULDS,960.0,1338.87,153
84832,ZINC WILLIE WINKIE  CANDLE STICK,2933.0,2712.7,268
84836,ZINC METAL HEART DECORATION,5937.0,7418.07,535
84840,SWEETHEART CARRY-ALL BASKET,6.0,76.44,6
84842,HELLO SAILOR BATHROOM SET,14.0,52.5,9
84843,WHITE SOAP RACK WITH 2 BOTTLES,172.0,969.8,48
84846A,SCENTED CANDLE IN DIGITALIS TIN,56.0,126.04,13
84847,FLORAL BATHROOM SET,20.0,75.0,11
84849A,HELLO SAILOR BLUE SOAP HOLDER,180.0,344.34,53
84849B,FAIRY SOAP SOAP HOLDER,266.0,478.83,76
84849D,HOT BATHS SOAP HOLDER,494.0,859.0,114
84854,GIRLY PINK TOOL SET,5.0,24.75,1
84856L,LARGE TAHITI BEACH BAG,2.0,17.82,2
84856S,SMALL TAHITI BEACH BAG,4.0,18.6,1
84857B,BLUE MONTE CARLO HANDBAG,24.0,46.8,1
84857C,PINK MONTE CARLO HANDBAG,98.0,232.33,10
84858C,PINK RIVIERA HANDBAG,186.0,261.68,6
84859A,SILVER DISCO HANDBAG,129.0,272.99,35
84859B,BLUE DISCO HANDBAG,31.0,64.81,11
84859C,PINK DISCO HANDBAG,84.0,180.52,22
84865,NEW BAROQUE BLACK PHOTO ALBUM,27.0,146.21,14
84870B,BLUE GEISHA GIRL ,44.0,146.08,25
84870C,GREEN GEISHA GIRL ,46.0,146.05,28
84872a,TEATIME FUNKY FLOWER BACKPACK FOR 2,26.0,282.15,21
84872A,TEATIME FUNKY FLOWER BACKPACK FOR 2,40.0,450.08,32
84873A,FUNKY FLOWER PICNIC BAG FOR 4,2.0,33.9,2
84874B,BLUE TRAVEL FIRST AID KIT,41.0,67.51,14
84875B,GREEN SQUARE COMPACT MIRROR,131.0,203.51,20
84875D,BLUE SQUARE COMPACT MIRROR,51.0,63.75,8
84876B,GREEN HEART COMPACT MIRROR,218.0,315.81,33
84876D,BLUE HEART COMPACT MIRROR,128.0,217.5,16
84877A,PINK ROUND COMPACT MIRROR,40.0,58.16,4
84877B,GREEN ROUND COMPACT MIRROR,144.0,210.56,21
84877D,BLUE ROUND COMPACT MIRROR,96.0,150.93,18
84879,ASSORTED COLOUR BIRD ORNAMENT,36362.0,58927.62,1455
84880,WHITE WIRE EGG HOLDER,312.0,2012.74,76
84881,BLUE WIRE SPIRAL CANDLE HOLDER,12.0,82.57,6
84882,GREEN WIRE STANDING CANDLE HOLDER,38.0,157.34,18
84884a,ANT WHITE WIRE HEART SPIRAL,38.0,317.72,26
84884A,ANT WHITE WIRE HEART SPIRAL,301.0,1201.91,78
84898F,YELLOW FLOWERS FELT HANDBAG KIT,46.0,98.63,19
84905,PINK BUTTERFLY CUSHION COVER ,35.0,173.48,20
84906,PINK B'FLY C/COVER W BOBBLES,12.0,78.17,7
84906,PINK BUTTERFLY CUSHION COVER,23.0,44.85,5
84907,PINK YELLOW PATCH CUSHION COVER,29.0,180.93,23
84910A,PINK PAISLEY CUSHION COVER ,26.0,192.14,17
84912A,PINK ROSE WASHBAG,156.0,560.62,74
84912B,GREEN ROSE WASHBAG,323.0,1132.85,160
84913A,SOFT PINK ROSE TOWEL ,273.0,952.83,124
84913B,MINT GREEN ROSE TOWEL,196.0,754.07,86
84915,HAND TOWEL PINK FLOWER AND DAISY,217.0,372.33,23
84916,HAND TOWEL PALE BLUE W FLOWERS,223.0,453.39,29
84917,WHITE HAND TOWEL WITH BUTTERFLY,184.0,466.3,27
84919,BLUE CUSHION COVER WITH FLOWER,58.0,381.78,29
84920,PINK FLOWER FABRIC PONY,115.0,446.23,48
84921,CREAM AND PINK FLOWERS PONY ,11.0,41.25,5
84922,PINK BUTTERFLY WASHBAG,9.0,42.29,6
84923,PINK BUTTERFLY HANDBAG W BOBBLES,162.0,671.62,98
84924A,WAKE UP COCKEREL CALENDAR SIGN ,81.0,348.59,33
84924F,PSYCHEDELIC METAL SIGN CALENDAR,10.0,7.9,3
84925D,LA PALMIERA WALL THERMOMETER,15.0,38.25,10
84925F,PSYCHEDELIC WALL THERMOMETER,79.0,109.93,14
84926A,WAKE UP COCKEREL TILE COASTER,604.0,210.52,35
84926D,LA PALMIERA TILE COASTER,709.0,276.53,34
84926E,FLOWERS TILE COASTER,968.0,327.8,39
84926F,PSYCHEDELIC TILE COASTER,430.0,195.22,28
84927A,WAKE UP COCKEREL TILE HOOK,50.0,70.45,18
84927D,LA PALMIERA TILE HOOK,47.0,51.86,14
84927E,FLOWERS TILE HOOK,59.0,80.16,13
84927F,PSYCHEDELIC TILE HOOK,299.0,182.95,44
84929,ASSTD FRUIT+FLOWERS FRIDGE MAGNETS,2412.0,637.56,65
84931A,PINK SCOTTIE DOG W FLOWER PATTERN,133.0,317.44,51
84931B,BLUE SCOTTIE DOG W FLOWER PATTERN,177.0,424.08,49
84944,SET OF 6 KASHMIR FOLKART BAUBLES,710.0,1120.26,83
84945,MULTI COLOUR SILVER T-LIGHT HOLDER,10545.0,8744.43,347
84946,ANTIQUE SILVER T-LIGHT GLASS,14664.0,19381.62,689
84946,ANTIQUE SILVER TEA GLASS ETCHED,4545.0,6461.76,216
84947,ANTIQUE SILVER TEA GLASS ENGRAVED,8652.0,10229.77,347
84949,SILVER HANGING T-LIGHT HOLDER,4789.0,7622.64,290
84950,ASSORTED COLOUR T-LIGHT HOLDER,3619.0,2297.03,120
84951A,SET OF 4 PISTACHIO LOVEBIRD COASTER,475.0,553.01,93
84951B,SET OF 4 BLACK LOVEBIRD COASTERS,451.0,554.78,82
84952A,CLEAR LOVE BIRD T-LIGHT HOLDER,92.0,264.47,26
84952B,BLACK LOVE BIRD T-LIGHT HOLDER,186.0,332.14,29
84952C,MIRROR LOVE BIRD T-LIGHT HOLDER,144.0,255.0,12
84963A,PINK PAINTED KASHMIRI CHAIR,4.0,171.8,1
84963B,BLUE PAINTED KASHMIRI CHAIR,3.0,149.85,1
84968a,SET OF 16 VINTAGE ROSE CUTLERY,5.0,125.33,3
84968A,SET OF 16 VINTAGE ROSE CUTLERY,267.0,3139.3,98
84968B,SET OF 16 VINTAGE IVORY CUTLERY,2.0,25.5,2
84968C,SET OF 16 VINTAGE PISTACHIO CUTLERY,317.0,3585.99,104
84968d,SET OF 16 VINTAGE RED CUTLERY,3.0,74.88,3
84968D,SET OF 16 VINTAGE RED CUTLERY,157.0,1661.47,55
84968e,SET OF 16 VINTAGE BLACK CUTLERY,8.0,200.21,6
84968E,SET OF 16 VINTAGE BLACK CUTLERY,132.0,1522.53,44
84968f,SET OF 16 VINTAGE SKY BLUE CUTLERY,1.0,25.49,1
84968F,SET OF 16 VINTAGE SKY BLUE CUTLERY,177.0,1905.68,65
84969,BOX OF 6 ASSORTED COLOUR TEASPOONS,558.0,2389.52,210
84970l,SINGLE HEART ZINC T-LIGHT HOLDER,201.0,418.98,50
84970L,SINGLE HEART ZINC T-LIGHT HOLDER,6064.0,6411.52,457
84970s,HANGING HEART ZINC T-LIGHT HOLDER,238.0,496.49,66
84970S,HANGING HEART ZINC T-LIGHT HOLDER,8879.0,7650.31,537
84971l,LARGE HEART FLOWERS HOOK   ,2.0,4.92,1
84971S,SMALL HEART FLOWERS HOOK ,1761.0,1540.45,172
84974,S/2 ZINC HEART DESIGN PLANTERS,39.0,388.05,28
84975,HEART SHAPED MIRROR,5.0,8.45,2
84976,RECTANGULAR SHAPED MIRROR,512.0,446.15,37
84977,WIRE FLOWER T-LIGHT HOLDER,1.0,1.25,1
84978,HANGING HEART JAR T-LIGHT HOLDER,12493.0,16453.78,728
84984A,GREEN PEONY CUSHION COVER,19.0,88.35,6
84984B,RED PEONY CUSHION COVER ,17.0,79.05,5
84984D,ORIENTAL RED CUSHION COVER ,13.0,60.45,4
84985A,SET OF 72 GREEN PAPER DOILIES,41.0,59.45,18
84987,SET OF 36 TEATIME PAPER DOILIES,3051.0,4471.17,334
84988,SET OF 72 PINK HEART PAPER DOILIES,4311.0,6671.25,510
84989a,75 GREEN FAIRY CAKE CASES,42.0,87.51,25
84989A,75 GREEN FAIRY CAKE CASES,27.0,14.85,17
84990,60 GOLD AND SILVER FAIRY CAKE CASES,2.0,1.1,2
84991,60 TEATIME FAIRY CAKE CASES,18189.0,9169.97,828
84992,72 SWEETHEART FAIRY CAKE CASES,13319.0,6532.78,615
84993a,75 GREEN PETIT FOUR CASES,32.0,26.56,19
84993A,75 GREEN PETIT FOUR CASES,343.0,159.69,55
84993B,75 BLACK PETIT FOUR CASES,58.0,24.36,18
84997a,CHILDRENS CUTLERY POLKADOT GREEN ,101.0,837.29,60
84997a,GREEN 3 PIECE POLKADOT CUTLERY SET,5.0,41.45,5
84997A,CHILDRENS CUTLERY POLKADOT GREEN ,1728.0,6864.42,186
84997A,GREEN 3 PIECE POLKADOT CUTLERY SET,845.0,3069.46,74
84997b,CHILDRENS CUTLERY RETROSPOT RED ,273.0,2287.37,55
84997b,RED 3 PIECE RETROSPOT CUTLERY SET,91.0,765.55,12
84997B,CHILDRENS CUTLERY RETROSPOT RED ,2634.0,10316.86,262
84997B,RED 3 PIECE RETROSPOT CUTLERY SET,1580.0,5729.11,108
84997c,BLUE 3 PIECE POLKADOT CUTLERY SET,19.0,158.23,6
84997c,CHILDRENS CUTLERY POLKADOT BLUE,265.0,2216.21,56
84997C,BLUE 3 PIECE POLKADOT CUTLERY SET,1201.0,4346.27,102
84997C,CHILDRENS CUTLERY POLKADOT BLUE,2582.0,10150.76,233
84997d,CHILDRENS CUTLERY POLKADOT PINK,285.0,2372.33,65
84997d,PINK 3 PIECE POLKADOT CUTLERY SET,34.0,285.46,8
84997D,CHILDRENS CUTLERY POLKADOT PINK,3666.0,14493.64,358
84997D,PINK 3 PIECE POLKADOT CUTLERY SET,1437.0,5234.56,115
85006,SET 4 NURSERY DES ROUND BOXES,55.0,57.25,9
85008,SET OF 3 CONEY ISLAND OVAL BOXES,13.0,66.12,8
85014a,BLACK/BLUE POLKADOT UMBRELLA,18.0,225.32,14
85014A,BLACK/BLUE POLKADOT UMBRELLA,1163.0,6678.72,278
85014b,RED RETROSPOT UMBRELLA,25.0,313.06,23
85014B,RED RETROSPOT UMBRELLA,1910.0,10952.2,350
85015,SET OF 12  VINTAGE POSTCARD SET,2180.0,1718.54,143
85016,SET OF 6 VINTAGE NOTELETS KIT,563.0,560.11,42
85017A,ENVELOPE 50 ROMANTIC IMAGES,16.0,13.58,8
85017B,ENVELOPE 50 BLOSSOM IMAGES,1077.0,600.29,158
85017C,ENVELOPE 50 CURIOUS IMAGES,49.0,26.17,10
85018D,YULETIDE IMAGES S/6 PAPER BOXES,12.0,30.6,7
85019A,ROMANTIC IMAGES NOTEBOOK SET,414.0,564.35,33
85019B,BLOSSOM  IMAGES NOTEBOOK SET,512.0,682.97,36
85019C,CURIOUS  IMAGES NOTEBOOK SET,182.0,270.72,11
85020,ROUND PINK HEART MIRROR,85.0,188.81,22
85023B,EAU DE NILE JEWELLED PHOTOFRAME,105.0,235.35,13
85024B,EAU DE NILE JEWELLED PHOTOFRAME,193.0,289.65,12
85024C,PINK SMALL JEWELLED PHOTOFRAME,12.0,19.8,9
85025B,EAU DE NILE HEART SHAPE PHOTO FRAME,329.0,555.12,38
85025C,PINK HEART SHAPE PHOTO FRAME,321.0,520.91,39
85026B,EAU DE NILE JEWELLED T-LIGHT HOLDER,79.0,70.27,11
85027L,FRENCH CHATEAU LARGE PLATTER ,70.0,160.5,18
85028L,FRENCH CHATEAU LARGE FRUIT BOWL ,10.0,19.5,4
85028S,FRENCH CHATEAU SMALL FRUITBOWL,24.0,51.6,8
85030,FRENCH CHATEAU OVAL PLATTER,15.0,29.25,6
85031A,ROMANTIC IMAGES SCRAP BOOK SET,16.0,45.9,7
85031B,BLOSSOM IMAGES SCRAP BOOK SET,1.0,4.95,1
85031C,CURIOUS IMAGES SCRAP BOOK SET,3.0,14.85,1
85032A,ROMANTIC IMAGES GIFT WRAP SET,789.0,776.49,135
85032B,BLOSSOM IMAGES GIFT WRAP SET,786.0,739.99,133
85032C,CURIOUS IMAGES GIFT WRAP SET,683.0,718.54,140
85032D,YULETIDE IMAGES GIFT WRAP SET,687.0,561.34,93
85034a,3 GARDENIA MORRIS BOXED CANDLES,3.0,24.87,3
85034A,3 GARDENIA MORRIS BOXED CANDLES,498.0,911.4,74
85034b,3 WHITE CHOC MORRIS BOXED CANDLES,1.0,8.29,1
85034B,3 WHITE CHOC MORRIS BOXED CANDLES,945.0,1628.78,120
85034C,3 ROSE MORRIS BOXED CANDLES,1129.0,1800.0,158
85035a,GARDENIA 3 WICK MORRIS BOXED CANDLE,2.0,16.94,2
85035A,GARDENIA 3 WICK MORRIS BOXED CANDLE,276.0,782.3,81
85035b,CHOCOLATE 3 WICK MORRIS BOX CANDLE,1.0,8.47,1
85035B,CHOCOLATE 3 WICK MORRIS BOX CANDLE,619.0,1054.1,70
85035c,ROSE 3 WICK MORRIS BOX CANDLE,1.0,8.47,1
85035C,ROSE 3 WICK MORRIS BOX CANDLE,1137.0,1760.66,130
85036a,GARDENIA 1 WICK MORRIS BOXED CANDLE,2.0,16.58,1
85036A,GARDENIA 1 WICK MORRIS BOXED CANDLE,211.0,714.35,60
85036b,CHOCOLATE 1 WICK MORRIS BOX CANDLE,1.0,8.47,1
85036B,CHOCOLATE 1 WICK MORRIS BOX CANDLE,361.0,581.43,49
85036C,ROSE 1 WICK MORRIS BOXED CANDLE,742.0,1066.86,84
85038,6 CHOCOLATE LOVE HEART T-LIGHTS,1061.0,2171.26,142
85039a,SET/4 RED MINI ROSE CANDLE IN BOWL,40.0,131.81,29
85039A,SET/4 RED MINI ROSE CANDLE IN BOWL,704.0,1010.62,162
85039B,S/4 IVORY MINI ROSE CANDLE IN BOWL,806.0,1174.63,172
85039C,S/4 BLACK MINI ROSE CANDLE IN BOWL,305.0,265.77,67
85040a,S/4 PINK FLOWER CANDLES IN BOWL,32.0,105.28,21
85040A,S/4 PINK FLOWER CANDLES IN BOWL,888.0,1607.32,164
85040B,SET/4 BLUE FLOWER CANDLES IN BOWL,137.0,229.47,35
85045,GREEN CHRISTMAS TREE STRING 20LIGHT,42.0,191.1,11
85047,WHITE BEADED GARLAND STRING 20LIGHT,3.0,19.05,2
85048,15CM CHRISTMAS GLASS BALL 20 LIGHTS,1359.0,10910.61,261
85049a,TRADITIONAL CHRISTMAS RIBBONS,244.0,812.84,36
85049A,TRADITIONAL CHRISTMAS RIBBONS,3001.0,3842.36,323
85049b,LUSH GREENS RIBBONS,2.0,4.92,2
85049B,LUSH GREENS RIBBONS,54.0,67.5,13
85049c,ROMANTIC PINKS RIBBONS ,1.0,2.46,1
85049C,ROMANTIC PINKS RIBBONS ,1215.0,1515.69,224
85049d,BRIGHT BLUES RIBBONS ,2.0,4.92,2
85049D,BRIGHT BLUES RIBBONS ,547.0,694.99,107
85049e,SCANDINAVIAN REDS RIBBONS,109.0,360.71,42
85049E,SCANDINAVIAN REDS RIBBONS,2860.0,3783.61,409
85049F,BABY BOOM RIBBONS ,378.0,477.34,88
85049g,CHOCOLATE BOX RIBBONS ,113.0,276.42,51
85049G,CHOCOLATE BOX RIBBONS ,1608.0,1999.19,258
85049H,URBAN BLACK RIBBONS ,848.0,869.1,184
85053,FRENCH ENAMEL CANDLEHOLDER,1693.0,3649.49,317
85054,FRENCH ENAMEL POT W LID,587.0,1430.63,115
85055,FRENCH ENAMEL UTENSIL HOLDER,45.0,183.71,16
85059,FRENCH ENAMEL WATER BASIN,411.0,1273.11,128
85061W,WHITE JEWELLED HEART DECORATION,2146.0,1882.15,162
85062,PEARL CRYSTAL PUMPKIN T-LIGHT HLDR,1462.0,2429.5,159
85064,CREAM SWEETHEART LETTER RACK,215.0,976.25,30
85066,CREAM SWEETHEART MINI CHEST,1784.0,22594.2,519
85067,CREAM SWEETHEART WALL CABINET,7.0,126.65,5
85071A,BLUE CHARLIE+LOLA PERSONAL DOORSIGN,1041.0,583.23,111
85071B,RED CHARLIE+LOLA PERSONAL DOORSIGN,1290.0,684.62,125
85071C,"CHARLIE+LOLA""EXTREMELY BUSY"" SIGN",683.0,428.0,105
85071D,CHARLIE+LOLA MY ROOM DOOR SIGN,403.0,249.49,84
85078,SCANDINAVIAN 3 HEARTS NAPKIN RING,1932.0,696.8,124
85084,HOLLY TOP CHRISTMAS STOCKING,20.0,17.0,7
85086A,CANDY SPOT HEART DECORATION,146.0,122.08,50
85087,CANDY SPOT CUSHION COVER,339.0,1129.99,125
85088,CANDY SPOT HAND BAG,259.0,534.83,51
85089,CANDY SPOT BUNNY,13.0,38.35,5
85092,CANDY SPOT TEA COSY,27.0,40.05,2
85093,CANDY SPOT EGG WARMER HARE,708.0,475.18,88
85094,CANDY SPOT EGG WARMER RABBIT,640.0,242.13,90
85095,THREE CANVAS LUGGAGE TAGS,150.0,243.49,48
85096,HILDA CANDY SPOT RABBIT,25.0,109.23,16
85099B,JUMBO BAG RED RETROSPOT,48371.0,94159.81,2089
85099C,JUMBO  BAG BAROQUE BLACK WHITE,13900.0,28047.74,933
85099f,JUMBO BAG STRAWBERRY,46.0,232.06,10
85099F,JUMBO BAG STRAWBERRY,17237.0,32495.59,812
85103,SILVER T-LIGHT SETTING,143.0,924.29,28
85104,SILVER GLASS T-LIGHT SET,201.0,525.75,17
85106,CUT GLASS HEXAGON T-LIGHT HOLDER,649.0,1142.31,20
85107,CUT GLASS T-LIGHT HOLDER OCTAGON,249.0,541.39,27
85109,PINK BOUDOIR T-LIGHT HOLDER,12.0,10.2,1
85111,SILVER GLITTER FLOWER VOTIVE HOLDER,1409.0,437.59,57
85114a,BLACK ENCHANTED FOREST PLACEMAT,49.0,161.7,15
85114A,BLACK ENCHANTED FOREST PLACEMAT,649.0,1105.21,56
85114b,IVORY ENCHANTED FOREST PLACEMAT,36.0,118.86,14
85114B,IVORY ENCHANTED FOREST PLACEMAT,477.0,902.49,77
85114c,RED ENCHANTED FOREST PLACEMAT,162.0,534.66,35
85114C,RED ENCHANTED FOREST PLACEMAT,516.0,920.22,75
85115B,S/4 BLACK DISCO PARTITION PANEL,3.0,24.87,1
85116,BLACK CANDELABRA T-LIGHT HOLDER,941.0,1106.88,89
85118,HEART T-LIGHT HOLDER,146.0,144.52,10
85119,WATERING CAN SINGLE HOOK PISTACHIO,1.0,3.36,1
85123a,WHITE HANGING HEART T-LIGHT HOLDER,292.0,1952.48,67
85123A,CREAM HANGING HEART T-LIGHT HOLDER,61.0,178.51,9
85123A,WHITE HANGING HEART T-LIGHT HOLDER,37580.0,104284.24,2189
85124B,BLUE JUICY FRUIT PHOTO FRAME,93.0,264.06,39
85124C,GREEN JUICY FRUIT PHOTO FRAME,94.0,261.89,39
85125,SMALL ROUND CUT GLASS CANDLESTICK,161.0,760.39,33
85126,LARGE ROUND CUTGLASS CANDLESTICK,2.0,27.14,1
85127,SMALL SQUARE CUT GLASS CANDLESTICK,187.0,1106.54,51
85129B,BEADED CRYSTAL HEART GREEN SMALL,119.0,168.59,31
85129C,BEADED CRYSTAL HEART BLUE SMALL,80.0,107.31,15
85129D,BEADED CRYSTAL HEART PINK SMALL,207.0,342.74,65
85130A,BEADED PEARL HEART WHITE LARGE,77.0,127.05,10
85130B,BEADED CRYSTAL HEART GREEN LARGE,834.0,760.43,62
85130C,BEADED CRYSTAL HEART BLUE  LARGE,482.0,437.22,46
85130D,BEADED CRYSTAL HEART PINK LARGE,565.0,569.29,62
85131A,BEADED PEARL HEART WHITE ON STICK,996.0,901.48,119
85131B,BEADED CRYSTAL HEART GREEN ON STICK,623.0,521.11,172
85131C,BEADED CRYSTAL HEART BLUE ON STICK,193.0,178.85,50
85131D,BEADED CRYSTAL HEART PINK ON STICK,850.0,725.26,206
85132a,CHARLIE + LOLA BISCUITS TINS,8.0,92.2,8
85132A,CHARLIE + LOLA BISCUITS TINS,545.0,1561.77,110
85132b,CHARLIE AND LOLA TABLE TINS,9.0,74.61,9
85132B,CHARLIE AND LOLA TABLE TINS,529.0,1156.17,75
85132c,CHARLIE AND LOLA FIGURES TINS,3.0,24.87,3
85132C,CHARLIE AND LOLA FIGURES TINS,1520.0,3562.32,211
85135A,YELLOW DRAGONFLY HELICOPTER,19.0,151.05,8
85135B,BLUE DRAGONFLY HELICOPTER,65.0,524.55,45
85135C,RED DRAGONFLY HELICOPTER,106.0,856.38,67
85136A,YELLOW SHARK HELICOPTER,71.0,572.41,53
85136B,BLUE SHARK HELICOPTER,2.0,15.9,2
85136C,RED SHARK HELICOPTER,52.0,421.18,36
85141,JARDIN ETCHED GLASS FRUITBOWL,120.0,619.94,39
85144,JARDIN ETCHED GLASS BUTTER DISH,1.0,7.25,1
85144,JARDIN ETCHED GLASS CHEESE DISH,219.0,575.45,40
85145,JARDIN ETCHED GLASS LARGE BELL JAR,37.0,163.75,13
85146,JARDIN ETCHED GLASS SMALL BELL JAR,45.0,171.11,9
85150,LADIES & GENTLEMEN METAL SIGN,4037.0,9383.43,478
85152,HAND OVER THE CHOCOLATE   SIGN ,8246.0,15928.73,677
85159A,"BLACK TEA,COFFEE,SUGAR JARS",453.0,783.35,47
85159B,"WHITE TEA,COFFEE,SUGAR JARS",622.0,1134.5,59
85160a,WHITE BIRD GARDEN DESIGN MUG,1.0,16.13,1
85160A,WHITE BIRD GARDEN DESIGN MUG,6.0,7.5,1
85160B,BLACK BIRD GARDEN DESIGN MUG,106.0,62.24,16
85161,ACRYLIC GEOMETRIC LAMP,35.0,568.65,20
85163A,WHITE BAROQUE WALL CLOCK ,66.0,559.0,32
85163B,BLACK BAROQUE WALL CLOCK ,84.0,783.68,36
85167B,BLACK GRAND BAROQUE PHOTO FRAME,50.0,109.94,8
85168B,BLACK BAROQUE CARRIAGE CLOCK,51.0,432.79,35
85169A,IVORY LOVE BIRD CANDLE,812.0,813.02,88
85169B,BLACK LOVE BIRD CANDLE,329.0,356.06,62
85169C,EAU DE NIL LOVE BIRD CANDLE,429.0,452.86,46
85169D,PINK LOVE BIRD CANDLE,351.0,356.08,50
85170A,SET/6 IVORY BIRD T-LIGHT CANDLES,1.0,2.1,1
85170B,SET/6 BLACK BIRD T-LIGHT CANDLES,215.0,316.75,39
85170C,SET/6 EAU DE NIL BIRD T-LIGHTS,335.0,608.53,72
85170D,SET/6 PINK BIRD T-LIGHT CANDLES,451.0,796.99,100
85172,HYACINTH BULB T-LIGHT CANDLES,1314.0,569.68,43
85173,SET/6 FROG PRINCE T-LIGHT CANDLES,479.0,795.02,86
85174,S/4 CACTI CANDLES,613.0,2927.08,157
85175,CACTI T-LIGHT CANDLES,5321.0,2278.9,143
85176,SEWING SUSAN 21 NEEDLE SET,918.0,880.47,172
85177,BASKET OF FLOWERS SEWING KIT,812.0,644.21,63
85178,VICTORIAN SEWING KIT,2518.0,2822.58,140
85179a,GREEN BITTY LIGHT CHAIN,1.0,2.46,1
85179A,GREEN BITTY LIGHT CHAIN,193.0,380.79,59
85179C,PINK BITTY LIGHT CHAIN,106.0,201.31,36
85180A,RED HEARTS LIGHT CHAIN ,503.0,1042.66,63
85180B,PINK HEARTS LIGHT CHAIN ,271.0,587.2,48
85183A,CHARLIE & LOLA WASTEPAPER BIN BLUE,667.0,852.04,86
85183B,CHARLIE & LOLA WASTEPAPER BIN FLORA,996.0,1323.37,118
85184c,SET 4 VALENTINE DECOUPAGE HEART BOX,2.0,11.58,2
85184C,S/4 VALENTINE DECOUPAGE HEART BOX,1483.0,2440.09,131
85184C,SET 4 VALENTINE DECOUPAGE HEART BOX,169.0,545.75,62
85185B,PINK HORSE SOCK PUPPET,255.0,776.49,57
85185B,PINK HORSE SOCK PUPPET KIT,42.0,123.9,14
85185D,FROG SOCK PUPPET,15.0,44.25,8
85186A,EASTER BUNNY GARLAND OF FLOWERS,567.0,273.64,79
85186C,BUNNY EGG GARLAND,528.0,269.17,78
85187,S/12 MINI RABBIT EASTER,337.0,556.53,69
85188A,GREEN METAL SWINGING BUNNY,319.0,278.17,42
85188B,PINK METAL SWINGING BUNNY,78.0,68.7,10
85189,HANGING BUTTERFLY  EGG,9.0,7.65,3
85194L,HANGING SPRING FLOWER EGG LARGE,947.0,822.89,73
85194S,HANGING SPRING FLOWER EGG SMALL,1197.0,489.17,72
85195,HANGING HEART BASKET,11.0,23.1,3
85197,SET OF 12 MINI BUNNIES IN A BUCKET,34.0,71.4,19
85198,ASSORTED FARMYARD ANIMALS IN BUCKET,90.0,74.58,9
85199L,LARGE HANGING IVORY & RED WOOD BIRD,977.0,663.43,95
85199S,SMALL HANGING IVORY/RED WOOD BIRD,2660.0,1302.31,261
85200,BUNNY EGG BOX,183.0,228.75,26
85202,HANGING WOOD AND FELT HEART,672.0,313.13,106
85203,HANGING WOOD AND FELT BUTTERFLY ,895.0,408.99,127
85204,HANGING WOOD AND FELT FLOWER,2050.0,325.36,104
85205B,PINK FELT EASTER RABBIT GARLAND,122.0,323.15,29
85206A,CREAM FELT EASTER EGG BASKET,974.0,1568.93,114
85206B,PINK FELT EASTER EGG BASKET,14.0,23.1,4
85208,SET/12 FUNKY FELT FLOWER PEG IN BAG,223.0,416.91,48
85211,S/4 GROOVY CAT MAGNETS,149.0,175.16,24
85212,MINI PAINTED GARDEN DECORATION ,2451.0,740.15,79
85213,MINI  ZINC GARDEN DECORATIONS ,829.0,330.55,33
85214,TUB 24 PINK FLOWER PEGS,164.0,271.04,58
85215,ASSORTED CHEESE FRIDGE MAGNETS,223.0,180.71,18
85216,ASSORTED CAKES FRIDGE MAGNETS,55.0,35.75,8
85224,ASSORTED COLOUR SILK GLASSES CASE,3.0,6.3,1
85225,BLING KEY RING STAND,6.0,6.25,3
85227,SET OF 6 3D KIT CARDS FOR KIDS,1477.0,1359.4,223
85230A,OPIUM SCENTED VOTIVE CANDLE,840.0,203.28,18
85230B,CINNAMON SCENTED VOTIVE CANDLE,1288.0,333.2,39
85230E,STRAWBRY SCENTED VOTIVE CANDLE,1101.0,267.45,24
85230F,JASMINE VOTIVE CANDLE,338.0,90.34,12
85230G,ORANGE VOTIVE CANDLE,1032.0,257.04,25
85231b,CINAMMON SET OF 9 T-LIGHTS,3.0,4.92,3
85231B,CINAMMON SET OF 9 T-LIGHTS,868.0,777.58,151
85231g,ORANGE SCENTED SET/9 T-LIGHTS,6.0,9.78,6
85231G,ORANGE SCENTED SET/9 T-LIGHTS,594.0,501.27,81
85232A,SET/3 POLKADOT STACKING TINS,78.0,389.55,29
85232B,SET OF 3 BABUSHKA STACKING TINS,274.0,1356.3,13
85232D,SET/3 DECOUPAGE STACKING TINS,193.0,992.52,69
90000A,RASPBERRY ANT COPPER FLOWER NECKLAC,13.0,77.91,8
90000B,MIDNIGHT BLUE COPPER FLOWER NECKLAC,11.0,67.83,7
90000D,COPPER/OLIVE GREEN FLOWER NECKLACE,21.0,129.85,14
90001A,ANTIQUE RASPBERRY FLOWER EARRINGS,5.0,20.95,4
90001B,ANTIQUE MID BLUE FLOWER EARRINGS,5.0,21.15,3
90001C,ANTIQUE OPAL WHITE FLOWER EARRINGS,5.0,21.13,5
90001D,ANTIQUE OLIVE GREEN FLOWER EARRINGS,7.0,29.73,5
90002D,FLOWER BURST SILVER RING CRYSTAL,13.0,48.71,9
90003B,ROSE COLOUR PAIR HEART HAIR SLIDES,15.0,56.31,10
90003C,MIDNIGHT BLUE PAIR HEART HAIR SLIDE,32.0,119.84,24
90003D,CRYSTAL PAIR HEART HAIR SLIDES,30.0,112.26,16
90003E,GREEN PAIR HEART HAIR SLIDES,23.0,86.11,14
90005A,JADE GREEN ENAMEL HAIR COMB,14.0,28.02,10
90010A,MIDNIGHT BLUE GLASS/SILVER BRACELET,18.0,167.3,15
90010B,BLACK/WHITE GLASS/SILVER BRACELET,11.0,100.09,7
90010E,AMBER GLASS/SILVER BRACELET,25.0,227.89,16
90011A,MIDNIGHT BLUE CRYSTAL DROP EARRINGS,6.0,17.51,6
90011B,BLACK CRYSTAL DROP EARRINGS,12.0,35.27,7
90011C,GREEN CRYSTAL DROP EARRINGS,2.0,5.8,2
90011D,PURPLE CRYSTAL DROP EARRINGS,3.0,8.76,3
90011E,AMBER CRYSTAL DROP EARRINGS,3.0,8.76,3
90012A,MIDNIGHT BLUE DROP CRYSTAL NECKLACE,11.0,53.76,5
90012B,BLACK DROP CRYSTAL NECKLACE,13.0,45.35,3
90013A,MIDNIGHT BLUE VINTAGE EARRINGS,52.0,195.32,32
90013B,BLACK VINTAGE EARRINGS,36.0,149.41,31
90013C,GREEN VINTAGE EARRINGS ,39.0,158.08,28
90013D,PURPLE VINTAGE EARRINGS,6.0,25.17,3
90014A,SILVER M.O.P. ORBIT NECKLACE,11.0,54.8,6
90014A,SILVER/MOP ORBIT NECKLACE,16.0,162.79,15
90014B,GOLD M PEARL  ORBIT NECKLACE,15.0,152.84,13
90014B,GOLD M.O.P. ORBIT NECKLACE,2.0,5.9,2
90014C,SILVER AND BLACK ORBIT NECKLACE,2.0,13.35,2
90014C,SILVER/BLACK ORBIT NECKLACE,3.0,29.85,2
90016A,SILVER/M.O.P PENDANT ORBIT NECKLACE,17.0,105.71,7
90016B,GOLD/M.O.P PENDANT ORBIT NECKLACE,22.0,184.66,19
90016C,SILVER/BLACK PENDANT ORBIT NECKLACE,3.0,24.96,3
90018A,SILVER M.O.P ORBIT DROP EARRINGS,46.0,193.33,37
90018B,GOLD M.O.P ORBIT DROP EARRINGS,22.0,92.28,17
90018C,SILVER BLACK ORBIT DROP EARRINGS,12.0,50.4,9
90019A,SILVER M.O.P ORBIT BRACELET,38.0,197.09,27
90019B,GOLD M.O.P ORBIT BRACELET,18.0,96.52,18
90019C,SILVER BLACK ORBIT BRACELET,13.0,68.73,11
90020,FILIGREE DIAMANTE CHAIN,1.0,12.48,1
90021,LASER CUT MULTI STRAND NECKLACE,1.0,11.95,1
90022,EDWARDIAN DROP EARRINGS JET BLACK,24.0,90.2,20
90023,FILIGREE DIAMANTE EARRINGS,13.0,55.02,9
90024B,NEW BAROQUE B'FLY NECKLACE RED,8.0,67.28,6
90024C,NEW BAROQUE B'FLY NECKLACE GREEN,4.0,33.81,3
90024D,NEW BAROQUE B'FLY NECKLACE PINK,2.0,16.82,2
90024E,NEW BAROQUE B'FLY NECKLACE MONTANA,2.0,16.81,2
90024F,NEW BAROQUE B'FLY NECKLACE CRYSTAL,5.0,42.13,4
90025A,BAROQUE BUTTERFLY EARRINGS BLACK,2.0,7.5,2
90025B,BAROQUE BUTTERFLY EARRINGS RED,1.0,3.73,1
90025D,BAROQUE BUTTERFLY EARRINGS PINK,3.0,11.19,3
90025E,BAROQUE BUTTERFLY EARRINGS MONTANA,1.0,3.73,1
90025F,BAROQUE BUTTERFLY EARRINGS CRYSTAL,4.0,14.96,4
90026A,GLASS BEAD HOOP NECKLACE BLACK,2.0,17.0,1
90026B,GLASS BEAD HOOP NECKLACE MONTANA,3.0,25.32,3
90026C,GLASS BEAD HOOP NECKLACE GREEN,4.0,33.82,3
90026D,GLASS BEAD HOOP NECKLACE AMETHYST,3.0,25.5,3
90027A,GLASS BEAD HOOP EARRINGS BLACK,6.0,17.66,3
90027B,GLASS BEAD HOOP EARRINGS MONTANA,3.0,8.76,3
90027C,GLASS BEAD HOOP EARRINGS GREEN,5.0,14.5,5
90027D,GLASS BEAD HOOP EARRINGS AMETHYST,9.0,28.4,6
90028,NEW BAROQUE LARGE NECKLACE BLK/WHIT,16.0,134.16,14
90029,NEW BAROQUE SMALL NECKLACE BLACK,5.0,42.14,4
90030A,SPOTTED WHITE NATURAL SEED NECKLACE,72.0,72.0,7
90030B,RED KUKUI COCONUT SEED NECKLACE,122.0,190.73,25
90030C,BROWN KUKUI COCONUT SEED NECKLACE,77.0,91.7,11
90031,BILI NUT AND WOOD NECKLACE,50.0,59.89,7
90032,IVORY SHELL HEART NECKLACE,21.0,103.13,8
90033,IVORY SHELL HEART EARRINGS,10.0,25.07,9
90034,WHITE SILVER NECKLACE SHELL GLASS,2.0,20.17,2
90035A,"PEARL & SHELL 42""NECKL. GREEN",5.0,53.62,3
90035C,"PEARL & SHELL 42""NECKL. IVORY",2.0,21.5,1
90036A,FLOWER GARLAND NECKLACE RED,6.0,47.7,4
90036B,"FLOWER GLASS GARLAND NECKL.36""GREEN",4.0,31.8,2
90036C,"FLOWER GLASS GARLAND NECKL.36""BLUE",9.0,71.4,5
90036D,"FLOWER GLASS GARLAND NECKL.36""BLACK",12.0,95.35,5
90036E,"FLOWER GLASS GARLD NECKL36""AMETHYST",14.0,110.95,11
90036F,"FLOWER GLASS GARLD NECKL36""TURQUOIS",8.0,64.08,5
90037A,TINY CRYSTAL BRACELET RED,1.0,2.48,1
90037B,TINY CRYSTAL BRACELET GREEN,10.0,25.28,5
90037C,TINY CRYSTAL BRACELET BLUE,5.0,12.52,5
90038A,GLASS AND PAINTED BEADS BRACELET TO,15.0,56.15,10
90038B,GLASS AND PAINTED BEADS BRACELET OL,13.0,48.77,8
90038C,GLASS AND BEADS BRACELET IVORY,9.0,33.69,4
90039A,FIRE POLISHED GLASS BRACELET RED,8.0,29.96,3
90039B,FIRE POLISHED GLASS BRACELET MONTAN,11.0,41.31,6
90039C,FIRE POLISHED GLASS BRACELET BLACK,6.0,22.48,6
90039D,FIRE POLISHED GLASS BRACELET GREEN,21.0,78.69,9
90040A,MURANO STYLE GLASS BRACELET RED,14.0,54.29,5
90040B,MURANO STYLE GLASS BRACELET BLACK,18.0,66.7,11
90040C,MURANO STYLE GLASS BRACELET GOLD,15.0,54.42,10
90041,PEARL AND CHERRY QUARTZ BRACLET,5.0,18.27,4
90042A,FRESHWATER PEARL BRACELET GOLD,3.0,7.65,2
90042C,FRESHWATER PEARL BRACELET IVORY,5.0,12.7,5
90043,COPPER AND BRASS BAG CHARM,4.0,24.81,2
90046,WHITE WITH METAL BAG CHARM,3.0,14.85,1
90048,GREEN WITH METAL BAG CHARM,3.0,14.85,1
90049,IVORY GOLD METAL BAG CHARM,5.0,34.77,3
90050,CRACKED GLAZE NECKLACE IVORY,8.0,55.72,4
90051,CRACKED GLAZE NECKLACE RED,10.0,70.16,7
90052,CRACKED GLAZE NECKLACE BROWN,2.0,14.14,2
90053,CRACKED GLAZE EARRINGS IVORY,4.0,9.99,4
90054,CRACKED GLAZE EARRINGS RED,9.0,22.58,9
90055,CRACKED GLAZE EARRINGS BROWN,5.0,12.53,5
90056,CHUNKY CRACKED GLAZE NECKLACE IVORY,4.0,43.51,4
90057,DIAMANTE RING ASSORTED IN BOX.,1008.0,1311.36,22
90058A,CRYSTAL STUD EARRINGS CLEAR DISPLAY,324.0,123.12,7
90058B,CRYSTAL STUD EARRINGS ASSORTED COL ,612.0,232.56,15
90059A,DIAMANTE HAIR GRIP PACK/2 CRYSTAL,45.0,74.53,27
90059B,DIAMANTE HAIR GRIP PACK/2 BLACK DIA,16.0,26.52,10
90059C,DIAMANTE HAIR GRIP PACK/2 MONTANA,15.0,24.79,10
90059D,DIAMANTE HAIR GRIP PACK/2 PERIDOT,25.0,41.45,19
90059E,DIAMANTE HAIR GRIP PACK/2 RUBY,25.0,41.37,15
90059F,DIAMANTE HAIR GRIP PACK/2 LT ROSE,21.0,34.69,14
90060B,FIRE POLISHED GLASS NECKL GOLD,1.0,5.95,1
90060D,FIRE POLISHED GLASS NECKL BRONZE,3.0,17.85,3
90060F,FIRE POLISHED GLASS NECKL GREEN,6.0,35.16,6
90062,CARNIVAL BRACELET,44.0,558.03,26
90063A,WHITE VINT ART DECO CRYSTAL NECKLAC,12.0,102.0,8
90063B,BLACK VINT ART DEC CRYSTAL NECKLACE,9.0,76.32,6
90064A,WHITE VINTAGE CRYSTAL EARRINGS,10.0,38.7,6
90064B,BLACK VINTAGE  CRYSTAL EARRINGS,12.0,45.0,7
90065A,WHITE VINTAGE CRYSTAL BRACELET,7.0,47.25,4
90065B,BLACK VINT ART DEC CRYSTAL BRACELET,2.0,13.5,2
90067A,PINK VINTAGE VICTORIAN EARRINGS,14.0,41.15,7
90067B,BROWN VINTAGE VICTORIAN EARRINGS,2.0,5.8,2
90068,"RUBY GLASS NECKLACE 42""",1.0,7.5,1
90069,RUBY GLASS CLUSTER NECKLACE,2.0,15.0,1
90070,RUBY GLASS CLUSTER BRACELET,20.0,122.64,14
90071,RUBY GLASS CLUSTER EARRINGS,44.0,54.62,33
90072,RUBY DROP CHANDELIER EARRINGS,21.0,83.42,14
90073,VINTAGE ENAMEL & CRYSTAL EARRINGS,27.0,134.7,18
90074,BLACK DIAMOND CLUSTER NECKLACE,4.0,37.24,3
90075,MONTANA DIAMOND CLUSTER NECKLACE,4.0,37.66,3
90076,MONTANA DIAMOND CLUSTER EARRINGS,9.0,24.12,4
90077,BLACK DIAMOND CLUSTER EARRINGS,3.0,8.82,3
90078,PINK/WHITE GLASS DEMI CHOKER,2.0,15.0,1
90079,VINTAGE ENAMEL & CRYSTAL NECKLACE,10.0,49.76,4
90081A,LILY BROOCH AMETHYST COLOUR,15.0,74.25,8
90081B,LILY BROOCH WHITE/SILVER COLOUR,1.0,4.95,1
90081C,LILY BROOCH OLIVE COLOUR,20.0,99.6,15
90082A,DIAMANTE BOW BROOCH GREEN COLOUR,30.0,193.2,18
90082B,DIAMANTE BOW BROOCH RED COLOUR,25.0,158.75,10
90082D,DIAMANTE BOW BROOCH BLACK COLOUR,9.0,58.03,5
90083,CRYSTAL CZECH CROSS PHONE CHARM,25.0,23.47,9
90084,PINK CRYSTAL GUITAR PHONE CHARM,1.0,0.85,1
90085,CRYSTAL STILETTO PHONE CHARM,34.0,36.76,10
90086,CRYSTAL FROG PHONE CHARM,102.0,77.79,28
90087,CRYSTAL SEA HORSE PHONE CHARM,107.0,61.46,25
90089,PINK CRYSTAL SKULL PHONE CHARM,20.0,13.94,9
90092,BLUE CRYSTAL BOOT PHONE CHARM,1.0,1.66,1
90093,CLEAR CRYSTAL STAR PHONE CHARM,52.0,28.57,10
90094,NECKLACE+BRACELET SET FRUIT SALAD ,14.0,35.7,13
90096,NECKLACE+BRACELET SET BLUE BLOSSOM,45.0,112.21,26
90098,NECKLACE+BRACELET PINK BUTTERFLY,29.0,73.95,10
90099,NECKLACE+BRACELET SET BLUE HIBISCUS,27.0,76.38,16
90100,NECKLACE+BRACELET SET PINK DAISY,1.0,2.55,1
90101,WHITE FRANGIPANI NECKLACE,39.0,98.07,17
90102,WHITE FRANGIPANI HAIR CLIP,10.0,8.5,1
90103,PURPLE FRANGIPANI NECKLACE,29.0,72.66,16
90104,PURPLE FRANGIPANI HAIRCLIP,28.0,23.16,12
90108,BLUE BLOSSOM HAIR CLIP,70.0,81.96,12
90112,PINK DOLLY HAIR CLIPS,2.0,2.1,1
90114,SUMMER DAISIES BAG CHARM,167.0,417.96,88
90115,SUMMER BUTTERFLIES BAG CHARM,54.0,134.53,31
90116,FRUIT SALAD BAG CHARM,64.0,145.52,45
90118,PINK DAISY BAG CHARM,30.0,74.64,19
90119,METALIC LEAVES BAG CHARMS,83.0,205.06,36
90120A,PINK MURANO TWIST BRACELET,7.0,29.73,3
90120B,BLUE MURANO TWIST BRACELET,39.0,164.12,15
90120C,GREEN MURANO TWIST BRACELET,51.0,215.2,22
90120D,WHITE MURANO TWIST BRACELET,10.0,41.79,5
90122A,PINK CRYSTAL+GLASS BRACELET,21.0,104.53,14
90122B,JADE CRYSTAL+GLASS BRACELET,6.0,29.93,6
90122C,TURQUOISE CRYSTAL+GLASS BRACELET,24.0,119.23,11
90123A,PINK HEART OF GLASS BRACELET,15.0,89.12,9
90123B,TURQUOISE HEART OF GLASS BRACELET,9.0,53.42,5
90123C,GREEN HEART OF GLASS BRACELET,14.0,83.29,6
90123D,WHITE HEART OF GLASS BRACELET,6.0,35.31,5
90124A,PINK MURANO TWIST NECKLACE,8.0,79.66,6
90124B,BLUE MURANO TWIST NECKLACE,12.0,119.89,11
90124C,GREEN MURANO TWIST NECKLACE,11.0,109.54,8
90125A,PINK BERTIE GLASS BEAD BAG CHARM,115.0,106.24,10
90125B,AQUA BERTIE GLASS BEAD BAG CHARM,30.0,48.06,12
90125C,TURQUOISE BERTIE GLASS BEAD CHARM,77.0,69.85,7
90125D,PURPLE BERTIE GLASS BEAD BAG CHARM,95.0,110.03,19
90125E,AMBER BERTIE GLASS BEAD BAG CHARM,11.0,21.05,10
90126A,PINK BERTIE MOBILE PHONE CHARM,1.0,3.36,1
90126C,AMBER BERTIE MOBILE PHONE CHARM,2.0,6.58,1
90127A,PINK BEADS+HAND PHONE CHARM,2.0,4.92,1
90128A,PINK LEAVES AND BEADS PHONE CHARM,3.0,7.43,2
90128B,BLUE LEAVES AND BEADS PHONE CHARM,2.0,3.76,2
90128C,GREEN LEAVES AND BEADS PHONE CHARM,2.0,4.97,2
90128D,PURPLE LEAVES AND BEADS PHONE CHAR,2.0,4.97,2
90129A,PINK GLASS TASSLE BAG CHARM ,45.0,82.98,20
90129B,TURQUOISE GLASS TASSLE BAG CHARM ,57.0,121.38,20
90129C,GREEN GLASS TASSLE BAG CHARM,35.0,79.76,16
90129D,AMBER GLASS TASSLE BAG CHARM,14.0,33.44,7
90129E,PURPLE GLASS TASSLE BAG CHARM,42.0,77.04,14
90129F,RED GLASS TASSLE BAG CHARM,40.0,88.03,16
90130A,WHITE STONE/CRYSTAL EARRINGS,6.0,17.5,6
90130B,TURQ STONE/CRYSTAL EARRINGS,39.0,113.97,31
90130C,GREEN STONE/CRYSTAL EARRINGS,14.0,40.95,13
90130D,RED STONE/CRYSTAL EARRINGS,3.0,8.7,3
90131,PINK/AMETHYST/GOLD NECKLACE,5.0,34.87,2
90132,LIGHT TOPAZ TEAL/AQUA COL NECKLACE,3.0,15.16,3
90133,TEAL/FUSCHIA COL BEAD NECKLACE,19.0,94.43,13
90134,OLD ROSE COMBO BEAD NECKLACE,54.0,157.5,45
90135,ORANGE/WHT/FUSCHIA STONES NECKLACE,8.0,39.66,2
90135A,ORANGE/FUSCHIA STONES NECKLACE,1.0,4.98,1
90136,PALE PINK/AMETHYST STONE NECKLACE,3.0,29.85,2
90137,PINK COMBO MINI CRYSTALS NECKLACE,3.0,16.31,3
90138,WHITE/PINK MINI CRYSTALS NECKLACE,10.0,52.42,7
90140,PINK SWEETIE NECKLACE,2.0,15.12,2
90141A,GREEN PENDANT TRIPLE SHELL NECKLACE,12.0,63.11,10
90141B,IVORY PENDANT TRIPLE SHELL NECKLACE,9.0,44.86,5
90141C,TURQ PENDANT TRIPLE SHELL NECKLACE,10.0,52.31,8
90141D,ROSE PENDANT TRIPLE SHELL NECKLACE,4.0,20.36,2
90141E,ORANGE PENDANT TRIPLE SHELL NECKLAC,5.0,24.75,2
90142A,GREEN PENDANT SHELL NECKLACE,1.0,5.09,1
90142D,MOP PENDANT SHELL NECKLACE,10.0,49.64,4
90143,SILVER BRACELET W PASTEL FLOWER,32.0,244.68,19
90144,SILVER DROP EARRINGS WITH FLOWER,18.0,67.36,14
90145,SILVER HOOP EARRINGS WITH FLOWER,28.0,168.0,18
90146,FINE SILVER NECKLACE W PASTEL FLOWE,17.0,95.35,7
90147,CHUNKY SILVER NECKLACE PASTEL FLOWE,32.0,324.01,23
90148,LONG SILVER NECKLACE PASTEL FLOWER,8.0,101.73,6
90149,SILVER FLOWR PINK SHELL NECKLACE,53.0,342.76,4
90151,SILVER/NATURAL SHELL NECKLACE,8.0,68.0,4
90152A,SILVER/NAT SHELL NECKLACE W PENDANT,5.0,28.76,5
90152B,BLUE/GREEN SHELL NECKLACE W PENDANT,2.0,11.46,2
90152C,BLUE/NAT SHELL NECKLACE W PENDANT,1.0,5.95,1
90154,LAZER CUT NECKLACE W PASTEL BEADS,57.0,421.75,5
90155,RESIN NECKLACE W PASTEL BEADS,9.0,67.62,7
90156,RESIN BRACELET W PASTEL BEADS,4.0,19.8,3
90157,RIVIERA NECKLACE,10.0,49.59,5
90158,ST TROPEZ NECKLACE,45.0,224.12,35
90159,COTE D'AZURE NECKLACE,6.0,29.79,5
90160A,PURPLE BOUDICCA LARGE BRACELET,38.0,264.94,15
90160B,RED BOUDICCA LARGE BRACELET,30.0,209.73,12
90160C,TURQ+RED BOUDICCA LARGE BRACELET,54.0,377.04,26
90160D,PINK BOUDICCA LARGE BRACELET,38.0,264.7,12
90161A,ANT COPPER RED BOUDICCA BRACELET,24.0,119.91,21
90161B,ANT COPPER TURQ BOUDICCA BRACELET,76.0,377.88,37
90161C,ANT COPPER LIME BOUDICCA BRACELET,83.0,412.74,50
90161D,ANT COPPER PINK BOUDICCA BRACELET,64.0,318.89,34
90162A,ANT SILVER TURQUOISE BOUDICCA RING,6.0,17.7,1
90162B,ANT SILVER LIME GREEN BOUDICCA RING,27.0,79.65,10
90162C,ANT SILVER FUSCHIA BOUDICCA RING,14.0,41.3,7
90162D,ANT SILVER PURPLE BOUDICCA RING,10.0,29.5,5
90163A,PINK ROSEBUD & PEARL NECKLACE,12.0,90.32,9
90163B,WHITE ROSEBUD & PEARL NECKLACE,7.0,52.72,5
90164A,PINK ROSEBUD PEARL BRACELET,27.0,130.67,14
90164B,WHITE  ROSEBUD PEARL BRACELET,38.0,140.98,15
90165A,PINK ROSEBUD PEARL EARRINGS,16.0,39.98,15
90165B,WHITE ROSEBUD  PEARL EARRINGS,19.0,47.43,18
90166,PINK & WHITE ROSEBUD RING,21.0,88.04,15
90167,BEADED LOVE HEART JEWELLERY SET,10.0,8.5,1
90168,2 DAISIES HAIR COMB,18.0,52.56,12
90169,DAISY HAIR COMB,19.0,47.84,11
90170,DAISY HAIR BAND,85.0,140.33,37
90173,PAIR BUTTERFLY HAIR CLIPS,32.0,120.34,17
90174,BUTTERFLY HAIR BAND,38.0,95.42,21
90175A,WHITE GLASS CHUNKY CHARM BRACELET,27.0,245.63,25
90175B,PINK GLASS CHUNKY CHARM BRACELET,10.0,91.68,9
90175C,BLUE GLASS CHUNKY CHARM BRACELET,9.0,80.55,6
90175D,TIGRIS EYE CHUNKY CHARM BRACELET,23.0,210.04,20
90176A,CLASSIC DIAMANTE NECKLACE JET,3.0,22.48,2
90176B,DIAMANTE NECKLACE BLACK ,4.0,30.12,3
90176C,DIAMANTE NECKLACE,3.0,23.32,2
90176D,DIAMANTE NECKLACE PURPLE,7.0,52.5,4
90176E,DIAMANTE NECKLACE GREEN,4.0,29.98,3
90177A,CLASSIC DIAMANTE EARRINGS JET,14.0,40.9,9
90177B,DROP DIAMANTE EARRINGS BLACK DIAMON,14.0,41.01,7
90177C,DROP DIAMANTE EARRINGS CRYSTAL,26.0,76.23,14
90177D,DROP DIAMANTE EARRINGS PURPLE,25.0,73.53,14
90177E,DROP DIAMANTE EARRINGS GREEN,14.0,41.08,9
90178A,AMBER CHUNKY GLASS+BEAD NECKLACE,8.0,95.25,8
90178B,PURPLE CHUNKY GLASS+BEAD NECKLACE,1.0,11.95,1
90179A,AMBER FINE BEAD NECKLACE W TASSEL,6.0,35.31,5
90179B,PURPLE FINE BEAD NECKLACE W TASSEL,3.0,17.59,3
90179C,BLACK FINE BEAD NECKLACE W TASSEL,6.0,35.44,6
90180A,BLACK+WHITE NECKLACE W TASSEL,17.0,127.24,9
90180B,PURPLE AMETHYST NECKLACE W TASSEL,5.0,49.81,5
90181A,AMBER GLASS/SHELL/PEARL NECKLACE,7.0,64.04,7
90181B,AMETHYST GLASS/SHELL/PEARL NECKLACE,15.0,137.63,14
90181C,BLACK GLASS/SHELL/PEARL NECKLACE,1.0,9.15,1
90182A,AMBER 3 BEAD DROP EARRINGS,8.0,23.2,8
90182B,AMETHYST 3 BEAD DROP EARRINGS,5.0,14.5,5
90182C,BLACK 3 BEAD DROP EARRINGS,14.0,40.96,9
90183A,AMBER DROP EARRINGS W LONG BEADS,40.0,117.24,23
90183B,AMETHYST DROP EARRINGS W LONG BEADS,21.0,61.08,17
90183c,BLACK DROP EARRINGS W LONG BEADS,1.0,2.9,1
90183C,BLACK DROP EARRINGS W LONG BEADS,9.0,26.15,9
90184A,AMBER CHUNKY BEAD BRACELET W STRAP,13.0,117.73,9
90184B,AMETHYST CHUNKY BEAD BRACELET W STR,33.0,297.94,21
90184c,BLACK CHUNKY BEAD BRACELET W STRAP,1.0,9.15,1
90184C,BLACK CHUNKY BEAD BRACELET W STRAP,21.0,190.52,17
90185A,AMBER DIAMANTE EXPANDABLE RING,31.0,131.03,13
90185B,AMETHYST DIAMANTE EXPANDABLE RING,23.0,97.02,12
90185C,BLACK DIAMANTE EXPANDABLE RING,26.0,110.09,10
90185D,CRYSTAL DIAMANTE EXPANDABLE RING,35.0,148.63,11
90186A,AMETHYST HOOP EARRING FLORAL LEAF,11.0,32.16,9
90186B,CRYSTAL HOOP EARRING FLORAL LEAF,22.0,64.58,15
90187A,BLUE DROP EARRINGS W BEAD CLUSTER,1.0,3.32,1
90187B,GREEN DROP EARRINGS W BEAD CLUSTER,12.0,40.03,8
90188,DROP EARRINGS W FLOWER & LEAF,9.0,22.58,7
90189A,SILVER 2 STRAND NECKLACE-LEAF CHARM,2.0,15.0,2
90190A,SILVER/CRYSTAL DROP EARRINGS W LEAF,16.0,46.76,10
90190B,GOLD/AMBER DROP EARRINGS W LEAF,13.0,38.18,7
90190C,SILVER/AMETHYST DROP EARRINGS LEAF,20.0,58.43,19
90191,SILVER LARIAT 40CM,26.0,163.82,10
90192,JADE DROP EARRINGS W FILIGREE,42.0,209.1,25
90194,SILVER LARIAT BLACK STONE EARRINGS,16.0,67.87,10
90195A,PURPLE GEMSTONE BRACELET,19.0,122.84,10
90195B,BLACK GEMSTONE BRACELET,4.0,29.98,4
90196A,PURPLE GEMSTONE NECKLACE 45CM,8.0,102.0,5
90196B,BLACK GEMSTONE NECKLACE 45CM,5.0,63.48,5
90197B,BLACK GLASS BRACELET W HEART CHARMS,35.0,174.73,27
90198A,VINTAGE ROSE BEAD BRACELET RASPBERR,75.0,315.73,44
90198B,VINTAGE ROSE BEAD BRACELET BLACK,36.0,152.4,17
90199A,5 STRAND GLASS NECKLACE BLACK,11.0,69.63,6
90199B,5 STRAND GLASS NECKLACE AMETHYST,9.0,56.59,8
90199C,5 STRAND GLASS NECKLACE CRYSTAL,19.0,120.29,10
90199D,5 STRAND GLASS NECKLACE AMBER,6.0,37.62,6
90200A,PURPLE SWEETHEART BRACELET,78.0,328.44,50
90200B,BLACK SWEETHEART BRACELET,93.0,392.83,47
90200C,BLUE SWEETHEART BRACELET,50.0,211.43,26
90200D,PINK SWEETHEART BRACELET,175.0,725.32,78
90200E,GREEN SWEETHEART BRACELET,103.0,423.41,44
90201A,PURPLE ENAMEL FLOWER RING,69.0,202.51,28
90201B,BLACK ENAMEL FLOWER RING,86.0,252.9,23
90201C,RED ENAMEL FLOWER RING,63.0,185.42,21
90201D,GREEN ENAMEL FLOWER RING,77.0,225.84,31
90202A,PURPLE ENAMEL FLOWER HAIR TIE,22.0,64.28,15
90202B,WHITE ENAMEL FLOWER HAIR TIE,17.0,49.65,10
90202C,GREEN ENAMEL FLOWER HAIR TIE,20.0,58.71,14
90202D,PINK ENAMEL FLOWER HAIR TIE,22.0,64.46,11
90204,PAIR OF ENAMEL BUTTERFLY HAIRCLIP,29.0,96.86,18
90205A,LARGE MINT DIAMANTE HAIRSLIDE,31.0,51.51,16
90205C,LARGE CRYSTAL DIAMANTE HAIRSLIDE,29.0,48.21,15
90206A,GOLD DIAMANTE STAR BROOCH,12.0,59.8,9
90206C,CRYSTAL DIAMANTE STAR BROOCH,45.0,224.73,31
90208,PAIR OF PINK FLOWER CLUSTER SLIDE,53.0,132.7,37
90209A,PURPLE ENAMEL+GLASS HAIR COMB,84.0,163.8,4
90209B,GREEN ENAMEL+GLASS HAIR COMB,184.0,355.64,54
90209C,PINK ENAMEL+GLASS HAIR COMB,263.0,480.5,31
90210A,GREY ACRYLIC FACETED BANGLE,34.0,57.55,10
90210B,CLEAR ACRYLIC FACETED BANGLE,41.0,61.56,7
90210C,RED   ACRYLIC FACETED BANGLE,99.0,130.51,10
90210D,PURPLE ACRYLIC FACETED BANGLE,107.0,132.05,8
90211A,DIAMOND LAS VEGAS NECKLACE 45CM,12.0,70.97,8
90211B,JET BLACK LAS VEGAS NECKLACE 45CM,9.0,53.26,6
90212B,JET BLACK LAS VEGAS BRACELET ROUND,10.0,37.62,8
90212C,PURPLE LAS VEGAS BRACELET ROUND,7.0,26.25,3
90214A,"LETTER ""A"" BLING KEY RING",130.0,111.66,56
90214B,"LETTER ""B"" BLING KEY RING",37.0,24.77,22
90214C,"LETTER ""C"" BLING KEY RING",91.0,72.77,33
90214D,"LETTER ""D"" BLING KEY RING",68.0,49.9,32
90214E,"LETTER ""E"" BLING KEY RING",72.0,53.2,30
90214F,"LETTER ""F"" BLING KEY RING",27.0,15.43,15
90214G,"LETTER ""G"" BLING KEY RING",60.0,40.2,30
90214H,"LETTER ""H"" BLING KEY RING",48.0,36.76,30
90214I,"LETTER ""I"" BLING KEY RING",38.0,29.62,13
90214J,"LETTER ""J"" BLING KEY RING",71.0,57.21,41
90214K,"LETTER ""K"" BLING KEY RING",78.0,60.7,38
90214L,"LETTER ""L"" BLING KEY RING",94.0,65.04,37
90214M,"LETTER ""M"" BLING KEY RING",60.0,49.82,28
90214N,"LETTER ""N"" BLING KEY RING",41.0,29.23,24
90214O,"LETTER ""O"" BLING KEY RING",16.0,6.82,5
90214P,"LETTER ""P"" BLING KEY RING",39.0,20.23,16
90214R,"LETTER ""R"" BLING KEY RING",41.0,28.01,25
90214S,"LETTER ""S"" BLING KEY RING",94.0,71.0,41
90214T,"LETTER ""T"" BLING KEY RING",24.0,13.46,11
90214U,"LETTER ""U"" BLING KEY RING",12.0,3.48,1
90214V,"LETTER ""V"" BLING KEY RING",26.0,15.98,14
90214W,"LETTER ""W"" BLING KEY RING",16.0,6.82,5
90214Y,"LETTER ""Y"" BLING KEY RING",66.0,22.84,8
90214Z,"LETTER ""Z"" BLING KEY RING",22.0,11.84,10
AMAZONFEE,AMAZON FEE,2.0,13761.09,2
B,Adjust bad debt,1.0,11062.06,1
BANK CHARGES,Bank Charges,11.0,165.0,11
C2,CARRIAGE,142.0,7051.0,141
DCGS0003,BOXED GLASS ASHTRAY,4.0,9.94,4
DCGS0004,HAYNES CAMPER SHOULDER BAG,1.0,16.63,1
DCGS0069,OOH LA LA DOGS COLLAR,1.0,15.79,1
DCGS0070,CAMOUFLAGE DOG COLLAR,1.0,12.72,1
DCGS0076,SUNJAR LED NIGHT NIGHT LIGHT,3.0,48.39,2
DCGSSBOY,BOYS PARTY BAG,47.0,150.55,11
DCGSSGIRL,GIRLS PARTY BAG,47.0,144.43,13
DOT,DOTCOM POSTAGE,706.0,206248.77,706
gift_0001_10,Dotcomgiftshop Gift Voucher £10.00,9.0,74.97,8
gift_0001_20,Dotcomgiftshop Gift Voucher £20.00,10.0,167.05,9
gift_0001_30,Dotcomgiftshop Gift Voucher £30.00,7.0,175.53,7
gift_0001_40,Dotcomgiftshop Gift Voucher £40.00,3.0,100.7,3
gift_0001_50,Dotcomgiftshop Gift Voucher £50.00,4.0,167.56,4
m,Manual,1.0,2.55,1
M,Manual,6984.0,77750.27,289
POST,POSTAGE,3150.0,78101.88,1126
S,SAMPLES,2.0,63.05,2
